tcin,month_start,expected_po_units,planned_forward_po_units,pos_sim,plan_share,n_weeks,expected_ship_units,planned_forward_ship_units,on_hand_start,on_hand_end,pos_forecast_units,pos_candidates,pos_units,drawdown_release,wos_end,order_to_sales,step_up_month,month_index,stream,grade,band_pct,confidence,low,high,sku,description,item_group,casepack,item_state,month,flags,source_mix
89854821,2026-09-01,8706.0,0.0,7565.064740255364,1.0,4.0,7764.0,0.0,11516.0,12051.0,8105.426507416462,runrate_8wk 0.59 | owner_velocity 0.41,8105.0,601.0,6.2,1.07,,0.0,replenishment,B,0.3,B · good · ±30%,5435.0,10093.0,P-DIS-EUC,Biom Refillable Plant-Based Wipes Dispenser - Eucalyptus,D3-C2,6.0,READY_FOR_LAUNCH,Sep-26,,plan 100% / controller 0%
89854821,2026-10-01,7920.0,,,,,7920.0,,,,,,,,,,,,planned_forward,C,0.5,C · directional · ±50%,3960.0,11880.0,P-DIS-EUC,Biom Refillable Plant-Based Wipes Dispenser - Eucalyptus,D3-C2,6.0,READY_FOR_LAUNCH,Oct-26,PLANNED_FORWARD,planned_forward
89854821,2026-10-01,9741.0,,,,,9741.0,,,,,,,,,,,,planned_launch,D,0.7,D · plan-based · ±70%,2922.0,16560.0,P-DIS-EUC,Biom Refillable Plant-Based Wipes Dispenser - Eucalyptus,D3-C2,6.0,READY_FOR_LAUNCH,Oct-26,PLANNED_LAUNCH,planned_launch
89854821,2026-10-01,11004.0,7920.0,7565.064740255364,0.75,4.0,14004.0,7920.0,12051.0,13786.0,8375.607390997011,runrate_8wk 0.59 | owner_velocity 0.41,8376.0,2628.0,7.1,1.31,,1.0,replenishment,B,0.3,B · good · ±30%,9803.0,18205.0,P-DIS-EUC,Biom Refillable Plant-Based Wipes Dispenser - Eucalyptus,D3-C2,6.0,READY_FOR_LAUNCH,Oct-26,,plan 75% / controller 25%
89854821,2026-11-01,7680.0,0.0,9456.330925319206,0.0,5.0,6331.0,0.0,13786.0,23521.0,8105.426507416462,runrate_8wk 0.59 | owner_velocity 0.41,8105.0,-425.0,12.1,0.95,,2.0,replenishment,C,0.5,C · directional · ±50%,3166.0,9496.0,P-DIS-EUC,Biom Refillable Plant-Based Wipes Dispenser - Eucalyptus,D3-C2,6.0,READY_FOR_LAUNCH,Nov-26,,plan 0% / controller 100%
89854821,2026-12-01,5660.0,0.0,7565.064740255364,0.0,4.0,5543.0,0.0,23521.0,21429.0,8375.607390997011,runrate_8wk 0.59 | owner_velocity 0.41,8376.0,-2716.0,11.0,0.68,,3.0,replenishment,C,0.5,C · directional · ±50%,2772.0,8314.0,P-DIS-EUC,Biom Refillable Plant-Based Wipes Dispenser - Eucalyptus,D3-C2,6.0,READY_FOR_LAUNCH,Dec-26,,plan 0% / controller 100%
89854821,2027-01-01,7776.0,0.0,9456.330925319206,0.0,5.0,7632.0,0.0,21429.0,19292.0,8375.607390997011,runrate_8wk 0.59 | owner_velocity 0.41,8376.0,-600.0,9.9,0.93,,4.0,replenishment,C,0.5,C · directional · ±50%,3816.0,11448.0,P-DIS-EUC,Biom Refillable Plant-Based Wipes Dispenser - Eucalyptus,D3-C2,6.0,READY_FOR_LAUNCH,Jan-27,,plan 0% / controller 100%
89854821,2027-02-01,6643.0,0.0,7565.064740255366,0.0,4.0,6563.0,0.0,19292.0,18108.0,7565.064740255366,runrate_8wk 0.59 | owner_velocity 0.41,7565.0,-922.0,9.3,0.88,,5.0,replenishment,C,0.5,C · directional · ±50%,3282.0,9844.0,P-DIS-EUC,Biom Refillable Plant-Based Wipes Dispenser - Eucalyptus,D3-C2,6.0,READY_FOR_LAUNCH,Feb-27,,plan 0% / controller 100%
89854821,2027-03-01,7021.0,0.0,7641.643126698942,0.0,4.0,6848.0,0.0,18108.0,17183.0,8375.607390997011,runrate_8wk 0.59 | owner_velocity 0.41,8376.0,-1355.0,8.8,0.84,,6.0,replenishment,C,0.5,C · directional · ±50%,3424.0,10272.0,P-DIS-EUC,Biom Refillable Plant-Based Wipes Dispenser - Eucalyptus,D3-C2,6.0,READY_FOR_LAUNCH,Mar-27,,plan 0% / controller 100%
89854821,2027-04-01,8245.0,0.0,8279.796347063877,0.0,4.0,10106.0,0.0,17183.0,16250.0,8871.210371852243,runrate_8wk 0.59 | owner_velocity 0.41,8871.0,-627.0,8.3,0.93,,7.0,replenishment,D,0.7,D · plan-based · ±70%,3032.0,17180.0,P-DIS-EUC,Biom Refillable Plant-Based Wipes Dispenser - Eucalyptus,D3-C2,6.0,READY_FOR_LAUNCH,Apr-27,,plan 0% / controller 100%
89854821,2027-05-01,10447.0,0.0,10349.74543388108,0.0,5.0,8359.0,0.0,16250.0,16293.0,9166.917384302564,runrate_8wk 0.59 | owner_velocity 0.41,9167.0,1280.0,8.4,1.14,,8.0,replenishment,D,0.7,D · plan-based · ±70%,2508.0,14210.0,P-DIS-EUC,Biom Refillable Plant-Based Wipes Dispenser - Eucalyptus,D3-C2,6.0,READY_FOR_LAUNCH,May-27,,plan 0% / controller 100%
89854821,2027-06-01,8339.0,0.0,8279.79634706744,0.0,4.0,8344.0,0.0,16293.0,16367.0,8871.210371852243,runrate_8wk 0.59 | owner_velocity 0.41,8871.0,-532.0,8.4,0.94,,9.0,replenishment,D,0.7,D · plan-based · ±70%,2503.0,14185.0,P-DIS-EUC,Biom Refillable Plant-Based Wipes Dispenser - Eucalyptus,D3-C2,6.0,READY_FOR_LAUNCH,Jun-27,,plan 0% / controller 100%
89854821,2027-07-01,8322.0,0.0,8279.796347111993,0.0,4.0,10405.0,0.0,16367.0,16422.0,9166.917384302564,runrate_8wk 0.59 | owner_velocity 0.41,9167.0,-845.0,8.4,0.91,,10.0,replenishment,D,0.7,D · plan-based · ±70%,3122.0,17688.0,P-DIS-EUC,Biom Refillable Plant-Based Wipes Dispenser - Eucalyptus,D3-C2,6.0,READY_FOR_LAUNCH,Jul-27,,plan 0% / controller 100%
89854821,2027-08-01,10386.0,0.0,10349.745433882863,0.0,5.0,8310.0,0.0,16422.0,16469.0,9166.917384302564,runrate_8wk 0.59 | owner_velocity 0.41,9167.0,1219.0,8.5,1.13,,11.0,replenishment,D,0.7,D · plan-based · ±70%,2493.0,14127.0,P-DIS-EUC,Biom Refillable Plant-Based Wipes Dispenser - Eucalyptus,D3-C2,6.0,READY_FOR_LAUNCH,Aug-27,,plan 0% / controller 100%
89854821,2027-09-01,8300.0,0.0,8279.796347065658,0.0,4.0,8302.0,0.0,16469.0,16495.0,8871.210371852243,runrate_8wk 0.59 | owner_velocity 0.41,8871.0,-571.0,8.5,0.94,,12.0,replenishment,D,0.7,D · plan-based · ±70%,2491.0,14113.0,P-DIS-EUC,Biom Refillable Plant-Based Wipes Dispenser - Eucalyptus,D3-C2,6.0,READY_FOR_LAUNCH,Sep-27,,plan 0% / controller 100%
89854821,2027-10-01,10367.0,0.0,10349.7454338793,0.0,5.0,10369.0,0.0,16495.0,16517.0,9166.917384302564,runrate_8wk 0.59 | owner_velocity 0.41,9167.0,1200.0,8.5,1.13,,13.0,replenishment,E,1.0,E · indicative · ±100%,0.0,20738.0,P-DIS-EUC,Biom Refillable Plant-Based Wipes Dispenser - Eucalyptus,D3-C2,6.0,READY_FOR_LAUNCH,Oct-27,,plan 0% / controller 100%
89854821,2027-11-01,8289.0,0.0,8279.796347069223,0.0,4.0,8290.0,0.0,16517.0,16529.0,8871.210371852243,runrate_8wk 0.59 | owner_velocity 0.41,8871.0,-582.0,8.5,0.93,,14.0,replenishment,E,1.0,E · indicative · ±100%,0.0,16580.0,P-DIS-EUC,Biom Refillable Plant-Based Wipes Dispenser - Eucalyptus,D3-C2,6.0,READY_FOR_LAUNCH,Nov-27,,plan 0% / controller 100%
89854821,2027-12-01,7843.0,0.0,7984.089334715136,0.0,4.0,9915.0,0.0,16529.0,16833.0,9166.917384302564,runrate_8wk 0.59 | owner_velocity 0.41,9167.0,-1324.0,8.6,0.86,,15.0,replenishment,E,1.0,E · indicative · ±100%,0.0,19830.0,P-DIS-EUC,Biom Refillable Plant-Based Wipes Dispenser - Eucalyptus,D3-C2,6.0,READY_FOR_LAUNCH,Dec-27,,plan 0% / controller 100%
89854822,2026-09-01,26.0,0.0,17.5,0.0,4.0,24.0,0.0,0.0,2.0,18.75,runrate_8wk 1.0,19.0,7.0,0.6,1.4,,0.0,replenishment,C,0.5,C · directional · ±50%,12.0,36.0,P-60WIP-AP-LAV,"Biom Lavender Ease All Purpose Cleaning Wipes Refill - 60ct: Safe for Sensitive Skin, Contains Naturally Derived Ingredients, Removes Grease",D3-C2,12.0,READY_FOR_LAUNCH,Sep-26,,plan 0% / controller 100%
89854822,2026-10-01,25.0,0.0,17.5,0.0,4.0,31.0,0.0,2.0,11.0,19.375,runrate_8wk 1.0,19.0,5.0,2.5,1.28,,1.0,replenishment,C,0.5,C · directional · ±50%,16.0,46.0,P-60WIP-AP-LAV,"Biom Lavender Ease All Purpose Cleaning Wipes Refill - 60ct: Safe for Sensitive Skin, Contains Naturally Derived Ingredients, Removes Grease",D3-C2,12.0,READY_FOR_LAUNCH,Oct-26,,plan 0% / controller 100%
89854822,2026-11-01,28.0,0.0,21.875,0.0,5.0,23.0,0.0,11.0,19.0,18.75,runrate_8wk 1.0,19.0,10.0,4.4,1.51,,2.0,replenishment,C,0.5,C · directional · ±50%,12.0,34.0,P-60WIP-AP-LAV,"Biom Lavender Ease All Purpose Cleaning Wipes Refill - 60ct: Safe for Sensitive Skin, Contains Naturally Derived Ingredients, Removes Grease",D3-C2,12.0,READY_FOR_LAUNCH,Nov-26,,plan 0% / controller 100%
89854822,2026-12-01,21.0,0.0,17.5,0.0,4.0,21.0,0.0,19.0,24.0,19.375,runrate_8wk 1.0,19.0,2.0,5.4,1.08,,3.0,replenishment,C,0.5,C · directional · ±50%,10.0,32.0,P-60WIP-AP-LAV,"Biom Lavender Ease All Purpose Cleaning Wipes Refill - 60ct: Safe for Sensitive Skin, Contains Naturally Derived Ingredients, Removes Grease",D3-C2,12.0,READY_FOR_LAUNCH,Dec-26,,plan 0% / controller 100%
89854822,2027-01-01,25.0,0.0,21.875,0.0,5.0,25.0,0.0,24.0,28.0,19.375,runrate_8wk 1.0,19.0,6.0,6.3,1.28,,4.0,replenishment,C,0.5,C · directional · ±50%,12.0,38.0,P-60WIP-AP-LAV,"Biom Lavender Ease All Purpose Cleaning Wipes Refill - 60ct: Safe for Sensitive Skin, Contains Naturally Derived Ingredients, Removes Grease",D3-C2,12.0,READY_FOR_LAUNCH,Jan-27,,plan 0% / controller 100%
89854822,2027-02-01,19.0,0.0,17.5,0.0,4.0,19.0,0.0,28.0,30.0,17.5,runrate_8wk 1.0,18.0,2.0,6.8,1.09,,5.0,replenishment,C,0.5,C · directional · ±50%,10.0,28.0,P-60WIP-AP-LAV,"Biom Lavender Ease All Purpose Cleaning Wipes Refill - 60ct: Safe for Sensitive Skin, Contains Naturally Derived Ingredients, Removes Grease",D3-C2,12.0,READY_FOR_LAUNCH,Feb-27,,plan 0% / controller 100%
89854822,2027-03-01,19.0,0.0,17.5,0.0,4.0,19.0,0.0,30.0,31.0,19.375,runrate_8wk 1.0,19.0,-1.0,7.1,0.96,,6.0,replenishment,C,0.5,C · directional · ±50%,10.0,28.0,P-60WIP-AP-LAV,"Biom Lavender Ease All Purpose Cleaning Wipes Refill - 60ct: Safe for Sensitive Skin, Contains Naturally Derived Ingredients, Removes Grease",D3-C2,12.0,READY_FOR_LAUNCH,Mar-27,,plan 0% / controller 100%
89854822,2027-04-01,18.0,0.0,17.5,0.0,4.0,23.0,0.0,31.0,32.0,18.75,runrate_8wk 1.0,19.0,-0.0,7.4,0.98,,7.0,replenishment,D,0.7,D · plan-based · ±70%,7.0,39.0,P-60WIP-AP-LAV,"Biom Lavender Ease All Purpose Cleaning Wipes Refill - 60ct: Safe for Sensitive Skin, Contains Naturally Derived Ingredients, Removes Grease",D3-C2,12.0,READY_FOR_LAUNCH,Apr-27,,plan 0% / controller 100%
89854822,2027-05-01,23.0,0.0,21.875,0.0,5.0,18.0,0.0,32.0,33.0,19.375,runrate_8wk 1.0,19.0,3.0,7.6,1.17,,8.0,replenishment,D,0.7,D · plan-based · ±70%,5.0,31.0,P-60WIP-AP-LAV,"Biom Lavender Ease All Purpose Cleaning Wipes Refill - 60ct: Safe for Sensitive Skin, Contains Naturally Derived Ingredients, Removes Grease",D3-C2,12.0,READY_FOR_LAUNCH,May-27,,plan 0% / controller 100%
89854822,2027-06-01,18.0,0.0,17.5,0.0,4.0,18.0,0.0,33.0,34.0,18.75,runrate_8wk 1.0,19.0,-1.0,7.7,0.95,,9.0,replenishment,D,0.7,D · plan-based · ±70%,5.0,31.0,P-60WIP-AP-LAV,"Biom Lavender Ease All Purpose Cleaning Wipes Refill - 60ct: Safe for Sensitive Skin, Contains Naturally Derived Ingredients, Removes Grease",D3-C2,12.0,READY_FOR_LAUNCH,Jun-27,,plan 0% / controller 100%
89854822,2027-07-01,18.0,0.0,17.5,0.0,4.0,22.0,0.0,34.0,34.0,19.375,runrate_8wk 1.0,19.0,-2.0,7.8,0.92,,10.0,replenishment,D,0.7,D · plan-based · ±70%,7.0,37.0,P-60WIP-AP-LAV,"Biom Lavender Ease All Purpose Cleaning Wipes Refill - 60ct: Safe for Sensitive Skin, Contains Naturally Derived Ingredients, Removes Grease",D3-C2,12.0,READY_FOR_LAUNCH,Jul-27,,plan 0% / controller 100%
89854822,2027-08-01,22.0,0.0,21.875,0.0,5.0,18.0,0.0,34.0,34.0,19.375,runrate_8wk 1.0,19.0,3.0,7.9,1.14,,11.0,replenishment,D,0.7,D · plan-based · ±70%,5.0,31.0,P-60WIP-AP-LAV,"Biom Lavender Ease All Purpose Cleaning Wipes Refill - 60ct: Safe for Sensitive Skin, Contains Naturally Derived Ingredients, Removes Grease",D3-C2,12.0,READY_FOR_LAUNCH,Aug-27,,plan 0% / controller 100%
89854822,2027-09-01,18.0,0.0,17.5,0.0,4.0,18.0,0.0,34.0,35.0,18.75,runrate_8wk 1.0,19.0,-1.0,7.9,0.94,,12.0,replenishment,D,0.7,D · plan-based · ±70%,5.0,31.0,P-60WIP-AP-LAV,"Biom Lavender Ease All Purpose Cleaning Wipes Refill - 60ct: Safe for Sensitive Skin, Contains Naturally Derived Ingredients, Removes Grease",D3-C2,12.0,READY_FOR_LAUNCH,Sep-27,,plan 0% / controller 100%
89854822,2027-10-01,22.0,0.0,21.875,0.0,5.0,22.0,0.0,35.0,35.0,19.375,runrate_8wk 1.0,19.0,3.0,7.9,1.13,,13.0,replenishment,E,1.0,E · indicative · ±100%,0.0,44.0,P-60WIP-AP-LAV,"Biom Lavender Ease All Purpose Cleaning Wipes Refill - 60ct: Safe for Sensitive Skin, Contains Naturally Derived Ingredients, Removes Grease",D3-C2,12.0,READY_FOR_LAUNCH,Oct-27,,plan 0% / controller 100%
89854822,2027-11-01,18.0,0.0,17.5,0.0,4.0,18.0,0.0,35.0,35.0,18.75,runrate_8wk 1.0,19.0,-1.0,8.0,0.94,,14.0,replenishment,E,1.0,E · indicative · ±100%,0.0,36.0,P-60WIP-AP-LAV,"Biom Lavender Ease All Purpose Cleaning Wipes Refill - 60ct: Safe for Sensitive Skin, Contains Naturally Derived Ingredients, Removes Grease",D3-C2,12.0,READY_FOR_LAUNCH,Nov-27,,plan 0% / controller 100%
89854822,2027-12-01,17.0,0.0,16.875,0.0,4.0,21.0,0.0,35.0,35.0,19.375,runrate_8wk 1.0,19.0,-3.0,8.1,0.86,,15.0,replenishment,E,1.0,E · indicative · ±100%,0.0,42.0,P-60WIP-AP-LAV,"Biom Lavender Ease All Purpose Cleaning Wipes Refill - 60ct: Safe for Sensitive Skin, Contains Naturally Derived Ingredients, Removes Grease",D3-C2,12.0,READY_FOR_LAUNCH,Dec-27,,plan 0% / controller 100%
89854823,2026-09-01,7122.0,0.0,6025.324129588716,1.0,4.0,5712.0,0.0,13178.0,13729.0,6455.704424559339,runrate_8wk 0.59 | owner_velocity 0.41,6456.0,666.0,9.4,1.1,,0.0,replenishment,B,0.3,B · good · ±30%,3998.0,7426.0,P-DIS-WHI,"Biom Refillable Plant-Based Wipes Dispenser - White: BPA-Free, Multi-Surface Use, Silicone Components",D3-C2,6.0,READY_FOR_LAUNCH,Sep-26,,plan 100% / controller 0%
89854823,2026-10-01,7020.0,,,,,7020.0,,,,,,,,,,,,planned_forward,C,0.5,C · directional · ±50%,3510.0,10530.0,P-DIS-WHI,"Biom Refillable Plant-Based Wipes Dispenser - White: BPA-Free, Multi-Surface Use, Silicone Components",D3-C2,6.0,READY_FOR_LAUNCH,Oct-26,PLANNED_FORWARD,planned_forward
89854823,2026-10-01,11999.0,,,,,11999.0,,,,,,,,,,,,planned_launch,D,0.7,D · plan-based · ±70%,3600.0,20398.0,P-DIS-WHI,"Biom Refillable Plant-Based Wipes Dispenser - White: BPA-Free, Multi-Surface Use, Silicone Components",D3-C2,6.0,READY_FOR_LAUNCH,Oct-26,PLANNED_LAUNCH,planned_launch
89854823,2026-10-01,9378.0,7020.0,6025.3241295887165,0.75,4.0,12084.0,7020.0,13729.0,15689.0,6670.89457204465,runrate_8wk 0.59 | owner_velocity 0.41,6671.0,2707.0,10.8,1.41,,1.0,replenishment,B,0.3,B · good · ±30%,8459.0,15709.0,P-DIS-WHI,"Biom Refillable Plant-Based Wipes Dispenser - White: BPA-Free, Multi-Surface Use, Silicone Components",D3-C2,6.0,READY_FOR_LAUNCH,Oct-26,,plan 75% / controller 25%
89854823,2026-11-01,4421.0,0.0,7531.655161985895,0.0,5.0,3690.0,0.0,15689.0,23883.0,6455.704424559339,runrate_8wk 0.59 | owner_velocity 0.41,6456.0,-2035.0,16.4,0.68,,2.0,replenishment,C,0.5,C · directional · ±50%,1845.0,5535.0,P-DIS-WHI,"Biom Refillable Plant-Based Wipes Dispenser - White: BPA-Free, Multi-Surface Use, Silicone Components",D3-C2,6.0,READY_FOR_LAUNCH,Nov-26,,plan 0% / controller 100%
89854823,2026-12-01,3354.0,0.0,6025.3241295887165,0.0,4.0,3174.0,0.0,23883.0,20832.0,6670.89457204465,runrate_8wk 0.59 | owner_velocity 0.41,6671.0,-3317.0,14.3,0.5,,3.0,replenishment,C,0.5,C · directional · ±50%,1587.0,4761.0,P-DIS-WHI,"Biom Refillable Plant-Based Wipes Dispenser - White: BPA-Free, Multi-Surface Use, Silicone Components",D3-C2,6.0,READY_FOR_LAUNCH,Dec-26,,plan 0% / controller 100%
89854823,2027-01-01,5190.0,0.0,7531.655161985896,0.0,5.0,4989.0,0.0,20832.0,17846.0,6670.89457204465,runrate_8wk 0.59 | owner_velocity 0.41,6671.0,-1481.0,12.2,0.78,,4.0,replenishment,C,0.5,C · directional · ±50%,2494.0,7484.0,P-DIS-WHI,"Biom Refillable Plant-Based Wipes Dispenser - White: BPA-Free, Multi-Surface Use, Silicone Components",D3-C2,6.0,READY_FOR_LAUNCH,Jan-27,,plan 0% / controller 100%
89854823,2027-02-01,4742.0,0.0,6025.324129588717,0.0,4.0,4630.0,0.0,17846.0,16197.0,6025.3241295887165,runrate_8wk 0.59 | owner_velocity 0.41,6025.0,-1284.0,11.1,0.79,,5.0,replenishment,C,0.5,C · directional · ±50%,2315.0,6945.0,P-DIS-WHI,"Biom Refillable Plant-Based Wipes Dispenser - White: BPA-Free, Multi-Surface Use, Silicone Components",D3-C2,6.0,READY_FOR_LAUNCH,Feb-27,,plan 0% / controller 100%
89854823,2027-03-01,5207.0,0.0,6091.914030827788,0.0,4.0,5027.0,0.0,16197.0,14950.0,6670.89457204465,runrate_8wk 0.59 | owner_velocity 0.41,6671.0,-1464.0,10.3,0.78,,6.0,replenishment,C,0.5,C · directional · ±50%,2514.0,7540.0,P-DIS-WHI,"Biom Refillable Plant-Based Wipes Dispenser - White: BPA-Free, Multi-Surface Use, Silicone Components",D3-C2,6.0,READY_FOR_LAUNCH,Mar-27,,plan 0% / controller 100%
89854823,2027-04-01,6369.0,0.0,6646.829874492514,0.0,4.0,7774.0,0.0,14950.0,13821.0,7121.60343695006,runrate_8wk 0.59 | owner_velocity 0.41,7122.0,-752.0,9.5,0.89,,7.0,replenishment,D,0.7,D · plan-based · ±70%,2332.0,13216.0,P-DIS-WHI,"Biom Refillable Plant-Based Wipes Dispenser - White: BPA-Free, Multi-Surface Use, Silicone Components",D3-C2,6.0,READY_FOR_LAUNCH,Apr-27,,plan 0% / controller 100%
89854823,2027-05-01,8181.0,0.0,8308.537343282158,0.0,5.0,6539.0,0.0,13821.0,13586.0,7358.990218361275,runrate_8wk 0.59 | owner_velocity 0.41,7359.0,822.0,9.3,1.11,STEP_UP,8.0,replenishment,D,0.7,D · plan-based · ±70%,1962.0,11116.0,P-DIS-WHI,"Biom Refillable Plant-Based Wipes Dispenser - White: BPA-Free, Multi-Surface Use, Silicone Components",D3-C2,6.0,READY_FOR_LAUNCH,May-27,STEP_UP,plan 0% / controller 100%
89854823,2027-06-01,6582.0,0.0,6646.8298745040975,0.0,4.0,6576.0,0.0,13586.0,13501.0,7121.60343695006,runrate_8wk 0.59 | owner_velocity 0.41,7122.0,-539.0,9.3,0.92,,9.0,replenishment,D,0.7,D · plan-based · ±70%,1973.0,11179.0,P-DIS-WHI,"Biom Refillable Plant-Based Wipes Dispenser - White: BPA-Free, Multi-Surface Use, Silicone Components",D3-C2,6.0,READY_FOR_LAUNCH,Jun-27,,plan 0% / controller 100%
89854823,2027-07-01,6601.0,0.0,6646.829874648894,0.0,4.0,8248.0,0.0,13501.0,13442.0,7358.990218361275,runrate_8wk 0.59 | owner_velocity 0.41,7359.0,-758.0,9.2,0.9,,10.0,replenishment,D,0.7,D · plan-based · ±70%,2474.0,14022.0,P-DIS-WHI,"Biom Refillable Plant-Based Wipes Dispenser - White: BPA-Free, Multi-Surface Use, Silicone Components",D3-C2,6.0,READY_FOR_LAUNCH,Jul-27,,plan 0% / controller 100%
89854823,2027-08-01,8269.0,0.0,8308.53734328795,0.0,5.0,6614.0,0.0,13442.0,13391.0,7358.990218361275,runrate_8wk 0.59 | owner_velocity 0.41,7359.0,910.0,9.2,1.12,,11.0,replenishment,D,0.7,D · plan-based · ±70%,1984.0,11244.0,P-DIS-WHI,"Biom Refillable Plant-Based Wipes Dispenser - White: BPA-Free, Multi-Surface Use, Silicone Components",D3-C2,6.0,READY_FOR_LAUNCH,Aug-27,,plan 0% / controller 100%
89854823,2027-09-01,6625.0,0.0,6646.829874498306,0.0,4.0,6623.0,0.0,13391.0,13363.0,7121.60343695006,runrate_8wk 0.59 | owner_velocity 0.41,7122.0,-496.0,9.2,0.93,,12.0,replenishment,D,0.7,D · plan-based · ±70%,1987.0,11259.0,P-DIS-WHI,"Biom Refillable Plant-Based Wipes Dispenser - White: BPA-Free, Multi-Surface Use, Silicone Components",D3-C2,6.0,READY_FOR_LAUNCH,Sep-27,,plan 0% / controller 100%
89854823,2027-10-01,8290.0,0.0,8308.537343276366,0.0,5.0,8288.0,0.0,13363.0,13340.0,7358.990218361275,runrate_8wk 0.59 | owner_velocity 0.41,7359.0,931.0,9.2,1.13,,13.0,replenishment,E,1.0,E · indicative · ±100%,0.0,16576.0,P-DIS-WHI,"Biom Refillable Plant-Based Wipes Dispenser - White: BPA-Free, Multi-Surface Use, Silicone Components",D3-C2,6.0,READY_FOR_LAUNCH,Oct-27,,plan 0% / controller 100%
89854823,2027-11-01,6637.0,0.0,6646.82987450989,0.0,4.0,6636.0,0.0,13340.0,13327.0,7121.60343695006,runrate_8wk 0.59 | owner_velocity 0.41,7122.0,-485.0,9.1,0.93,,14.0,replenishment,E,1.0,E · indicative · ±100%,0.0,13272.0,P-DIS-WHI,"Biom Refillable Plant-Based Wipes Dispenser - White: BPA-Free, Multi-Surface Use, Silicone Components",D3-C2,6.0,READY_FOR_LAUNCH,Nov-27,,plan 0% / controller 100%
89854823,2027-12-01,6283.0,0.0,6409.443093411433,0.0,4.0,7943.0,0.0,13327.0,13555.0,7358.990218361275,runrate_8wk 0.59 | owner_velocity 0.41,7359.0,-1076.0,9.3,0.85,,15.0,replenishment,E,1.0,E · indicative · ±100%,0.0,15886.0,P-DIS-WHI,"Biom Refillable Plant-Based Wipes Dispenser - White: BPA-Free, Multi-Surface Use, Silicone Components",D3-C2,6.0,READY_FOR_LAUNCH,Dec-27,,plan 0% / controller 100%
89854824,2026-09-01,0.0,0.0,0.0,0.0,4.0,0.0,0.0,1.0,1.0,,,0.0,0.0,,,,0.0,replenishment,C,0.5,C · directional · ±50%,0.0,0.0,P-60WIP-AP-GRA,"Biom Grapefruit Zest All Purpose Cleaning Wipes Refill - 60ct: Safe for Sensitive Skin, Contains Naturally Derived Ingredients, Multi-Surface Cleaner",D3-C2,12.0,READY_FOR_LAUNCH,Sep-26,NEW_TCIN_NO_HISTORY,plan 0% / controller 100%
89854824,2026-10-01,0.0,0.0,0.0,0.0,4.0,0.0,0.0,1.0,1.0,,,0.0,0.0,,,,1.0,replenishment,C,0.5,C · directional · ±50%,0.0,0.0,P-60WIP-AP-GRA,"Biom Grapefruit Zest All Purpose Cleaning Wipes Refill - 60ct: Safe for Sensitive Skin, Contains Naturally Derived Ingredients, Multi-Surface Cleaner",D3-C2,12.0,READY_FOR_LAUNCH,Oct-26,NEW_TCIN_NO_HISTORY,plan 0% / controller 100%
89854824,2026-11-01,0.0,0.0,0.0,0.0,5.0,0.0,0.0,1.0,1.0,,,0.0,0.0,,,,2.0,replenishment,C,0.5,C · directional · ±50%,0.0,0.0,P-60WIP-AP-GRA,"Biom Grapefruit Zest All Purpose Cleaning Wipes Refill - 60ct: Safe for Sensitive Skin, Contains Naturally Derived Ingredients, Multi-Surface Cleaner",D3-C2,12.0,READY_FOR_LAUNCH,Nov-26,NEW_TCIN_NO_HISTORY,plan 0% / controller 100%
89854824,2026-12-01,0.0,0.0,0.0,0.0,4.0,0.0,0.0,1.0,1.0,,,0.0,0.0,,,,3.0,replenishment,D,0.7,D · plan-based · ±70%,0.0,0.0,P-60WIP-AP-GRA,"Biom Grapefruit Zest All Purpose Cleaning Wipes Refill - 60ct: Safe for Sensitive Skin, Contains Naturally Derived Ingredients, Multi-Surface Cleaner",D3-C2,12.0,READY_FOR_LAUNCH,Dec-26,NEW_TCIN_NO_HISTORY,plan 0% / controller 100%
89854824,2027-01-01,0.0,0.0,0.0,0.0,5.0,0.0,0.0,1.0,1.0,,,0.0,0.0,,,,4.0,replenishment,D,0.7,D · plan-based · ±70%,0.0,0.0,P-60WIP-AP-GRA,"Biom Grapefruit Zest All Purpose Cleaning Wipes Refill - 60ct: Safe for Sensitive Skin, Contains Naturally Derived Ingredients, Multi-Surface Cleaner",D3-C2,12.0,READY_FOR_LAUNCH,Jan-27,NEW_TCIN_NO_HISTORY,plan 0% / controller 100%
89854824,2027-02-01,0.0,0.0,0.0,0.0,4.0,0.0,0.0,1.0,1.0,,,0.0,0.0,,,,5.0,replenishment,D,0.7,D · plan-based · ±70%,0.0,0.0,P-60WIP-AP-GRA,"Biom Grapefruit Zest All Purpose Cleaning Wipes Refill - 60ct: Safe for Sensitive Skin, Contains Naturally Derived Ingredients, Multi-Surface Cleaner",D3-C2,12.0,READY_FOR_LAUNCH,Feb-27,NEW_TCIN_NO_HISTORY,plan 0% / controller 100%
89854824,2027-03-01,0.0,0.0,0.0,0.0,4.0,0.0,0.0,1.0,1.0,,,0.0,0.0,,,,6.0,replenishment,D,0.7,D · plan-based · ±70%,0.0,0.0,P-60WIP-AP-GRA,"Biom Grapefruit Zest All Purpose Cleaning Wipes Refill - 60ct: Safe for Sensitive Skin, Contains Naturally Derived Ingredients, Multi-Surface Cleaner",D3-C2,12.0,READY_FOR_LAUNCH,Mar-27,NEW_TCIN_NO_HISTORY,plan 0% / controller 100%
89854824,2027-04-01,0.0,0.0,0.0,0.0,4.0,0.0,0.0,1.0,1.0,,,0.0,0.0,,,,7.0,replenishment,D,0.7,D · plan-based · ±70%,0.0,0.0,P-60WIP-AP-GRA,"Biom Grapefruit Zest All Purpose Cleaning Wipes Refill - 60ct: Safe for Sensitive Skin, Contains Naturally Derived Ingredients, Multi-Surface Cleaner",D3-C2,12.0,READY_FOR_LAUNCH,Apr-27,NEW_TCIN_NO_HISTORY,plan 0% / controller 100%
89854824,2027-05-01,0.0,0.0,0.0,0.0,5.0,0.0,0.0,1.0,1.0,,,0.0,0.0,,,,8.0,replenishment,D,0.7,D · plan-based · ±70%,0.0,0.0,P-60WIP-AP-GRA,"Biom Grapefruit Zest All Purpose Cleaning Wipes Refill - 60ct: Safe for Sensitive Skin, Contains Naturally Derived Ingredients, Multi-Surface Cleaner",D3-C2,12.0,READY_FOR_LAUNCH,May-27,NEW_TCIN_NO_HISTORY,plan 0% / controller 100%
89854824,2027-06-01,0.0,0.0,0.0,0.0,4.0,0.0,0.0,1.0,1.0,,,0.0,0.0,,,,9.0,replenishment,D,0.7,D · plan-based · ±70%,0.0,0.0,P-60WIP-AP-GRA,"Biom Grapefruit Zest All Purpose Cleaning Wipes Refill - 60ct: Safe for Sensitive Skin, Contains Naturally Derived Ingredients, Multi-Surface Cleaner",D3-C2,12.0,READY_FOR_LAUNCH,Jun-27,NEW_TCIN_NO_HISTORY,plan 0% / controller 100%
89854824,2027-07-01,0.0,0.0,0.0,0.0,4.0,0.0,0.0,1.0,1.0,,,0.0,0.0,,,,10.0,replenishment,D,0.7,D · plan-based · ±70%,0.0,0.0,P-60WIP-AP-GRA,"Biom Grapefruit Zest All Purpose Cleaning Wipes Refill - 60ct: Safe for Sensitive Skin, Contains Naturally Derived Ingredients, Multi-Surface Cleaner",D3-C2,12.0,READY_FOR_LAUNCH,Jul-27,NEW_TCIN_NO_HISTORY,plan 0% / controller 100%
89854824,2027-08-01,0.0,0.0,0.0,0.0,5.0,0.0,0.0,1.0,1.0,,,0.0,0.0,,,,11.0,replenishment,D,0.7,D · plan-based · ±70%,0.0,0.0,P-60WIP-AP-GRA,"Biom Grapefruit Zest All Purpose Cleaning Wipes Refill - 60ct: Safe for Sensitive Skin, Contains Naturally Derived Ingredients, Multi-Surface Cleaner",D3-C2,12.0,READY_FOR_LAUNCH,Aug-27,NEW_TCIN_NO_HISTORY,plan 0% / controller 100%
89854824,2027-09-01,0.0,0.0,0.0,0.0,4.0,0.0,0.0,1.0,1.0,,,0.0,0.0,,,,12.0,replenishment,D,0.7,D · plan-based · ±70%,0.0,0.0,P-60WIP-AP-GRA,"Biom Grapefruit Zest All Purpose Cleaning Wipes Refill - 60ct: Safe for Sensitive Skin, Contains Naturally Derived Ingredients, Multi-Surface Cleaner",D3-C2,12.0,READY_FOR_LAUNCH,Sep-27,NEW_TCIN_NO_HISTORY,plan 0% / controller 100%
89854824,2027-10-01,0.0,0.0,0.0,0.0,5.0,0.0,0.0,1.0,1.0,,,0.0,0.0,,,,13.0,replenishment,E,1.0,E · indicative · ±100%,0.0,0.0,P-60WIP-AP-GRA,"Biom Grapefruit Zest All Purpose Cleaning Wipes Refill - 60ct: Safe for Sensitive Skin, Contains Naturally Derived Ingredients, Multi-Surface Cleaner",D3-C2,12.0,READY_FOR_LAUNCH,Oct-27,NEW_TCIN_NO_HISTORY,plan 0% / controller 100%
89854824,2027-11-01,0.0,0.0,0.0,0.0,4.0,0.0,0.0,1.0,1.0,,,0.0,0.0,,,,14.0,replenishment,E,1.0,E · indicative · ±100%,0.0,0.0,P-60WIP-AP-GRA,"Biom Grapefruit Zest All Purpose Cleaning Wipes Refill - 60ct: Safe for Sensitive Skin, Contains Naturally Derived Ingredients, Multi-Surface Cleaner",D3-C2,12.0,READY_FOR_LAUNCH,Nov-27,NEW_TCIN_NO_HISTORY,plan 0% / controller 100%
89854824,2027-12-01,0.0,0.0,0.0,0.0,4.0,0.0,0.0,1.0,1.0,,,0.0,0.0,,,,15.0,replenishment,E,1.0,E · indicative · ±100%,0.0,0.0,P-60WIP-AP-GRA,"Biom Grapefruit Zest All Purpose Cleaning Wipes Refill - 60ct: Safe for Sensitive Skin, Contains Naturally Derived Ingredients, Multi-Surface Cleaner",D3-C2,12.0,READY_FOR_LAUNCH,Dec-27,NEW_TCIN_NO_HISTORY,plan 0% / controller 100%
89854825,2026-09-01,7722.0,0.0,6653.8521695269865,1.0,4.0,7176.0,0.0,11777.0,11615.0,7129.1273244932,runrate_8wk 0.59 | owner_velocity 0.41,7129.0,593.0,6.7,1.08,,0.0,replenishment,B,0.3,B · good · ±30%,5023.0,9329.0,P-DIS-TAN,Biom Refillable Plant-Based Wipes Dispenser - Sand,D3-C2,6.0,READY_FOR_LAUNCH,Sep-26,,plan 100% / controller 0%
89854825,2026-10-01,5478.0,0.0,6653.8521695269865,1.0,4.0,6666.0,0.0,11615.0,10337.0,7366.764901976307,runrate_8wk 0.59 | owner_velocity 0.41,7367.0,-1889.0,6.0,0.74,,1.0,replenishment,B,0.3,B · good · ±30%,4666.0,8666.0,P-DIS-TAN,Biom Refillable Plant-Based Wipes Dispenser - Sand,D3-C2,6.0,READY_FOR_LAUNCH,Oct-26,,plan 100% / controller 0%
89854825,2026-11-01,9381.0,0.0,8317.315211908734,0.0,5.0,7493.0,0.0,10337.0,9911.0,7129.1273244932,runrate_8wk 0.59 | owner_velocity 0.41,7129.0,2252.0,5.7,1.32,,2.0,replenishment,C,0.5,C · directional · ±50%,3746.0,11240.0,P-DIS-TAN,Biom Refillable Plant-Based Wipes Dispenser - Sand,D3-C2,6.0,READY_FOR_LAUNCH,Nov-26,,plan 0% / controller 100%
89854825,2026-12-01,7419.0,0.0,6653.8521695269865,0.0,4.0,7474.0,0.0,9911.0,10799.0,7366.764901976307,runrate_8wk 0.59 | owner_velocity 0.41,7367.0,52.0,6.2,1.01,,3.0,replenishment,C,0.5,C · directional · ±50%,3737.0,11211.0,P-DIS-TAN,Biom Refillable Plant-Based Wipes Dispenser - Sand,D3-C2,6.0,READY_FOR_LAUNCH,Dec-26,,plan 0% / controller 100%
89854825,2027-01-01,8986.0,0.0,8317.315211908734,0.0,5.0,9044.0,0.0,10799.0,11653.0,7366.764901976307,runrate_8wk 0.59 | owner_velocity 0.41,7367.0,1619.0,6.7,1.22,,4.0,replenishment,C,0.5,C · directional · ±50%,4522.0,13566.0,P-DIS-TAN,Biom Refillable Plant-Based Wipes Dispenser - Sand,D3-C2,6.0,READY_FOR_LAUNCH,Jan-27,,plan 0% / controller 100%
89854825,2027-02-01,7020.0,0.0,6653.8521695269865,0.0,4.0,7052.0,0.0,11653.0,12124.0,6653.8521695269865,runrate_8wk 0.59 | owner_velocity 0.41,6654.0,366.0,7.0,1.06,,5.0,replenishment,C,0.5,C · directional · ±50%,3526.0,10578.0,P-DIS-TAN,Biom Refillable Plant-Based Wipes Dispenser - Sand,D3-C2,6.0,READY_FOR_LAUNCH,Feb-27,,plan 0% / controller 100%
89854825,2027-03-01,7018.0,0.0,6721.6850822559645,0.0,4.0,6939.0,0.0,12124.0,12393.0,7366.764901976307,runrate_8wk 0.59 | owner_velocity 0.41,7367.0,-349.0,7.2,0.95,,6.0,replenishment,C,0.5,C · directional · ±50%,3470.0,10408.0,P-DIS-TAN,Biom Refillable Plant-Based Wipes Dispenser - Sand,D3-C2,6.0,READY_FOR_LAUNCH,Mar-27,,plan 0% / controller 100%
89854825,2027-04-01,7861.0,0.0,7286.959355003245,0.0,4.0,9684.0,0.0,12393.0,12345.0,7807.456451782986,runrate_8wk 0.59 | owner_velocity 0.41,7807.0,53.0,7.1,1.01,,7.0,replenishment,D,0.7,D · plan-based · ±70%,2905.0,16463.0,P-DIS-TAN,Biom Refillable Plant-Based Wipes Dispenser - Sand,D3-C2,6.0,READY_FOR_LAUNCH,Apr-27,,plan 0% / controller 100%
89854825,2027-05-01,9715.0,0.0,9108.69919392057,0.0,5.0,7790.0,0.0,12345.0,13052.0,8067.705000355299,runrate_8wk 0.59 | owner_velocity 0.41,8068.0,1647.0,7.5,1.2,,8.0,replenishment,D,0.7,D · plan-based · ±70%,2337.0,13243.0,P-DIS-TAN,Biom Refillable Plant-Based Wipes Dispenser - Sand,D3-C2,6.0,READY_FOR_LAUNCH,May-27,,plan 0% / controller 100%
89854825,2027-06-01,7624.0,0.0,7286.959355014829,0.0,4.0,7653.0,0.0,13052.0,13484.0,7807.456451782986,runrate_8wk 0.59 | owner_velocity 0.41,7807.0,-183.0,7.8,0.98,,9.0,replenishment,D,0.7,D · plan-based · ±70%,2296.0,13010.0,P-DIS-TAN,Biom Refillable Plant-Based Wipes Dispenser - Sand,D3-C2,6.0,READY_FOR_LAUNCH,Jun-27,,plan 0% / controller 100%
89854825,2027-07-01,7528.0,0.0,7286.9593551596245,0.0,4.0,9424.0,0.0,13484.0,13794.0,8067.705000355299,runrate_8wk 0.59 | owner_velocity 0.41,8068.0,-539.0,8.0,0.93,,10.0,replenishment,D,0.7,D · plan-based · ±70%,2827.0,16021.0,P-DIS-TAN,Biom Refillable Plant-Based Wipes Dispenser - Sand,D3-C2,6.0,READY_FOR_LAUNCH,Jul-27,,plan 0% / controller 100%
89854825,2027-08-01,9316.0,0.0,9108.699193926363,0.0,5.0,7460.0,0.0,13794.0,14061.0,8067.705000355299,runrate_8wk 0.59 | owner_velocity 0.41,8068.0,1249.0,8.1,1.15,,11.0,replenishment,D,0.7,D · plan-based · ±70%,2238.0,12682.0,P-DIS-TAN,Biom Refillable Plant-Based Wipes Dispenser - Sand,D3-C2,6.0,READY_FOR_LAUNCH,Aug-27,,plan 0% / controller 100%
89854825,2027-09-01,7401.0,0.0,7286.959355009037,0.0,4.0,7410.0,0.0,14061.0,14207.0,7807.456451782986,runrate_8wk 0.59 | owner_velocity 0.41,7807.0,-407.0,8.2,0.95,,12.0,replenishment,D,0.7,D · plan-based · ±70%,2223.0,12597.0,P-DIS-TAN,Biom Refillable Plant-Based Wipes Dispenser - Sand,D3-C2,6.0,READY_FOR_LAUNCH,Sep-27,,plan 0% / controller 100%
89854825,2027-10-01,9206.0,0.0,9108.69919391478,0.0,5.0,9215.0,0.0,14207.0,14333.0,8067.705000355299,runrate_8wk 0.59 | owner_velocity 0.41,8068.0,1139.0,8.3,1.14,,13.0,replenishment,E,1.0,E · indicative · ±100%,0.0,18430.0,P-DIS-TAN,Biom Refillable Plant-Based Wipes Dispenser - Sand,D3-C2,6.0,READY_FOR_LAUNCH,Oct-27,,plan 0% / controller 100%
89854825,2027-11-01,7340.0,0.0,7286.959355020621,0.0,4.0,7345.0,0.0,14333.0,14401.0,7807.456451782986,runrate_8wk 0.59 | owner_velocity 0.41,7807.0,-467.0,8.3,0.94,,14.0,replenishment,E,1.0,E · indicative · ±100%,0.0,14690.0,P-DIS-TAN,Biom Refillable Plant-Based Wipes Dispenser - Sand,D3-C2,6.0,READY_FOR_LAUNCH,Nov-27,,plan 0% / controller 100%
89854825,2027-12-01,6935.0,0.0,7026.710806761066,0.0,4.0,8768.0,0.0,14401.0,14711.0,8067.705000355299,runrate_8wk 0.59 | owner_velocity 0.41,8068.0,-1133.0,8.5,0.86,,15.0,replenishment,E,1.0,E · indicative · ±100%,0.0,17536.0,P-DIS-TAN,Biom Refillable Plant-Based Wipes Dispenser - Sand,D3-C2,6.0,READY_FOR_LAUNCH,Dec-27,,plan 0% / controller 100%
89854826,2026-09-01,14196.0,0.0,11047.872553901272,1.0,4.0,11748.0,0.0,24220.0,20120.0,11809.688908707,runrate_8wk 0.59 | owner_velocity 0.41,11810.0,2386.0,7.5,1.2,,0.0,replenishment,B,0.3,B · good · ±30%,8224.0,15272.0,P-60WIP-AP-STL,Biom Plant Based Refillable All Purpose Wipes - Santal Escape - 60ct,D3-C2,12.0,READY_FOR_LAUNCH,Sep-26,,plan 100% / controller 0%
89854826,2026-10-01,15312.0,0.0,11260.341213135216,1.0,4.0,19296.0,0.0,20120.0,23524.0,12466.806343113989,runrate_8wk 0.59 | owner_velocity 0.41,12467.0,2845.0,8.8,1.23,,1.0,replenishment,B,0.3,B · good · ±30%,13507.0,25085.0,P-60WIP-AP-STL,Biom Plant Based Refillable All Purpose Wipes - Santal Escape - 60ct,D3-C2,12.0,READY_FOR_LAUNCH,Oct-26,,plan 100% / controller 0%
89854826,2026-11-01,13730.0,0.0,14434.604781017373,0.0,5.0,11003.0,0.0,23524.0,26419.0,12332.361807401849,runrate_8wk 0.59 | owner_velocity 0.41,12332.0,1398.0,9.9,1.11,,2.0,replenishment,C,0.5,C · directional · ±50%,5502.0,16504.0,P-60WIP-AP-STL,Biom Plant Based Refillable All Purpose Wipes - Santal Escape - 60ct,D3-C2,12.0,READY_FOR_LAUNCH,Nov-26,,plan 0% / controller 100%
89854826,2026-12-01,11175.0,0.0,11792.237374703464,0.0,4.0,11063.0,0.0,26419.0,25490.0,13033.906436416251,runrate_8wk 0.59 | owner_velocity 0.41,13034.0,-1859.0,9.5,0.86,,3.0,replenishment,C,0.5,C · directional · ±50%,5532.0,16594.0,P-60WIP-AP-STL,Biom Plant Based Refillable All Purpose Wipes - Santal Escape - 60ct,D3-C2,12.0,READY_FOR_LAUNCH,Dec-26,,plan 0% / controller 100%
89854826,2027-01-01,14844.0,0.0,15122.02513388129,0.0,5.0,14620.0,0.0,25490.0,24644.0,13338.895634492419,runrate_8wk 0.59 | owner_velocity 0.41,13339.0,1505.0,9.2,1.11,,4.0,replenishment,C,0.5,C · directional · ±50%,7310.0,21930.0,P-60WIP-AP-STL,Biom Plant Based Refillable All Purpose Wipes - Santal Escape - 60ct,D3-C2,12.0,READY_FOR_LAUNCH,Jan-27,,plan 0% / controller 100%
89854826,2027-02-01,12484.0,0.0,12402.363345304157,0.0,4.0,12345.0,0.0,24644.0,24307.0,12337.28258602751,runrate_8wk 0.59 | owner_velocity 0.41,12337.0,146.0,9.1,1.01,,5.0,replenishment,C,0.5,C · directional · ±50%,6172.0,18518.0,P-60WIP-AP-STL,Biom Plant Based Refillable All Purpose Wipes - Santal Escape - 60ct,D3-C2,12.0,READY_FOR_LAUNCH,Feb-27,,plan 0% / controller 100%
89854826,2027-03-01,13209.0,0.0,12845.997188000676,0.0,4.0,12876.0,0.0,24307.0,24080.0,13995.384881269321,runrate_8wk 0.59 | owner_velocity 0.41,13995.0,-786.0,9.0,0.94,,6.0,replenishment,C,0.5,C · directional · ±50%,6438.0,19314.0,P-60WIP-AP-STL,Biom Plant Based Refillable All Purpose Wipes - Santal Escape - 60ct,D3-C2,12.0,READY_FOR_LAUNCH,Mar-27,,plan 0% / controller 100%
89854826,2027-04-01,15861.0,0.0,14497.421456997952,0.0,4.0,19395.0,0.0,24080.0,23523.0,15593.964772996107,runrate_8wk 0.59 | owner_velocity 0.41,15594.0,267.0,8.8,1.02,,7.0,replenishment,D,0.7,D · plan-based · ±70%,5819.0,32972.0,P-60WIP-AP-STL,Biom Plant Based Refillable All Purpose Wipes - Santal Escape - 60ct,D3-C2,12.0,READY_FOR_LAUNCH,Apr-27,,plan 0% / controller 100%
89854826,2027-05-01,17108.0,0.0,16587.909082851074,0.0,5.0,13282.0,0.0,23523.0,25577.0,14348.44800034513,runrate_8wk 0.59 | owner_velocity 0.41,14348.0,2759.0,9.6,1.19,,8.0,replenishment,D,0.7,D · plan-based · ±70%,3985.0,22579.0,P-60WIP-AP-STL,Biom Plant Based Refillable All Purpose Wipes - Santal Escape - 60ct,D3-C2,12.0,READY_FOR_LAUNCH,May-27,,plan 0% / controller 100%
89854826,2027-06-01,16460.0,0.0,15132.959765321442,0.0,4.0,16149.0,0.0,25577.0,24895.0,16213.885462844402,runrate_8wk 0.59 | owner_velocity 0.41,16214.0,246.0,9.3,1.02,,9.0,replenishment,D,0.7,D · plan-based · ±70%,4845.0,27453.0,P-60WIP-AP-STL,Biom Plant Based Refillable All Purpose Wipes - Santal Escape - 60ct,D3-C2,12.0,READY_FOR_LAUNCH,Jun-27,,plan 0% / controller 100%
89854826,2027-07-01,16348.0,0.0,15132.959765321442,0.0,4.0,20486.0,0.0,24895.0,26265.0,16754.34831160588,runrate_8wk 0.59 | owner_velocity 0.41,16754.0,-406.0,9.8,0.98,,10.0,replenishment,D,0.7,D · plan-based · ±70%,6146.0,34826.0,P-60WIP-AP-STL,Biom Plant Based Refillable All Purpose Wipes - Santal Escape - 60ct,D3-C2,12.0,READY_FOR_LAUNCH,Jul-27,,plan 0% / controller 100%
89854826,2027-08-01,19983.0,0.0,18916.1997066518,0.0,5.0,16020.0,0.0,26265.0,27625.0,16754.34831160588,runrate_8wk 0.59 | owner_velocity 0.41,16754.0,3229.0,10.3,1.19,,11.0,replenishment,D,0.7,D · plan-based · ±70%,4806.0,27234.0,P-60WIP-AP-STL,Biom Plant Based Refillable All Purpose Wipes - Santal Escape - 60ct,D3-C2,12.0,READY_FOR_LAUNCH,Aug-27,,plan 0% / controller 100%
89854826,2027-09-01,15718.0,0.0,15132.959765321442,0.0,4.0,15769.0,0.0,27625.0,28377.0,16213.885462844402,runrate_8wk 0.59 | owner_velocity 0.41,16214.0,-496.0,10.6,0.97,,12.0,replenishment,D,0.7,D · plan-based · ±70%,4731.0,26807.0,P-60WIP-AP-STL,Biom Plant Based Refillable All Purpose Wipes - Santal Escape - 60ct,D3-C2,12.0,READY_FOR_LAUNCH,Sep-27,,plan 0% / controller 100%
89854826,2027-10-01,19419.0,0.0,18916.1997066518,0.0,5.0,19463.0,0.0,28377.0,29023.0,16754.34831160588,runrate_8wk 0.59 | owner_velocity 0.41,16754.0,2665.0,10.9,1.16,,13.0,replenishment,E,1.0,E · indicative · ±100%,0.0,38926.0,P-60WIP-AP-STL,Biom Plant Based Refillable All Purpose Wipes - Santal Escape - 60ct,D3-C2,12.0,READY_FOR_LAUNCH,Oct-27,,plan 0% / controller 100%
89854826,2027-11-01,15408.0,0.0,15132.959765321442,0.0,4.0,15432.0,0.0,29023.0,29377.0,16213.885462844402,runrate_8wk 0.59 | owner_velocity 0.41,16214.0,-806.0,11.0,0.95,,14.0,replenishment,E,1.0,E · indicative · ±100%,0.0,30864.0,P-60WIP-AP-STL,Biom Plant Based Refillable All Purpose Wipes - Santal Escape - 60ct,D3-C2,12.0,READY_FOR_LAUNCH,Nov-27,,plan 0% / controller 100%
89854826,2027-12-01,14519.0,0.0,14592.496916559961,0.0,4.0,18363.0,0.0,29377.0,30171.0,16754.34831160588,runrate_8wk 0.59 | owner_velocity 0.41,16754.0,-2235.0,11.3,0.87,,15.0,replenishment,E,1.0,E · indicative · ±100%,0.0,36726.0,P-60WIP-AP-STL,Biom Plant Based Refillable All Purpose Wipes - Santal Escape - 60ct,D3-C2,12.0,READY_FOR_LAUNCH,Dec-27,,plan 0% / controller 100%
93197977,2026-09-01,5208.0,0.0,4216.158282666224,1.0,4.0,4224.0,0.0,20151.0,18059.0,4506.385486183421,runrate_8wk 0.59 | owner_velocity 0.41,4506.0,702.0,18.4,1.16,,0.0,replenishment,B,0.3,B · good · ±30%,2957.0,5491.0,P-60WIP-AP-NER,Biom Plant Based Refillable All Purpose Wipes - Neroli Dream - 60ct,D3-C2,12.0,READY_FOR_LAUNCH,Sep-26,,plan 100% / controller 0%
93197977,2026-10-01,4668.0,0.0,4301.145745680377,1.0,4.0,5976.0,0.0,18059.0,18954.0,4761.982789860418,runrate_8wk 0.59 | owner_velocity 0.41,4762.0,-94.0,19.3,0.98,,1.0,replenishment,B,0.3,B · good · ±30%,4183.0,7769.0,P-60WIP-AP-NER,Biom Plant Based Refillable All Purpose Wipes - Neroli Dream - 60ct,D3-C2,12.0,READY_FOR_LAUNCH,Oct-26,,plan 100% / controller 0%
93197977,2026-11-01,2347.0,0.0,5520.103488888779,0.0,5.0,1828.0,0.0,18954.0,17887.0,4715.454645661361,runrate_8wk 0.59 | owner_velocity 0.41,4715.0,-2368.0,18.2,0.5,,2.0,replenishment,C,0.5,C · directional · ±50%,914.0,2742.0,P-60WIP-AP-NER,Biom Plant Based Refillable All Purpose Wipes - Neroli Dream - 60ct,D3-C2,12.0,READY_FOR_LAUNCH,Nov-26,,plan 0% / controller 100%
93197977,2026-12-01,2548.0,0.0,4513.904211029425,0.0,4.0,2361.0,0.0,17887.0,15367.0,4988.8228280099975,runrate_8wk 0.59 | owner_velocity 0.41,4989.0,-2441.0,15.6,0.51,,3.0,replenishment,C,0.5,C · directional · ±50%,1180.0,3542.0,P-60WIP-AP-NER,Biom Plant Based Refillable All Purpose Wipes - Neroli Dream - 60ct,D3-C2,12.0,READY_FOR_LAUNCH,Dec-26,,plan 0% / controller 100%
93197977,2027-01-01,4199.0,0.0,5795.07162955318,0.0,5.0,3980.0,0.0,15367.0,13123.0,5110.818506826126,runrate_8wk 0.59 | owner_velocity 0.41,5111.0,-912.0,13.4,0.82,,4.0,replenishment,C,0.5,C · directional · ±50%,1990.0,5970.0,P-60WIP-AP-NER,Biom Plant Based Refillable All Purpose Wipes - Neroli Dream - 60ct,D3-C2,12.0,READY_FOR_LAUNCH,Jan-27,,plan 0% / controller 100%
93197977,2027-02-01,3977.0,0.0,4757.954599002388,0.0,4.0,3851.0,0.0,13123.0,11943.0,4731.922295211535,runrate_8wk 0.59 | owner_velocity 0.41,4732.0,-755.0,12.2,0.84,,5.0,replenishment,C,0.5,C · directional · ±50%,1926.0,5776.0,P-60WIP-AP-NER,Biom Plant Based Refillable All Purpose Wipes - Neroli Dream - 60ct,D3-C2,12.0,READY_FOR_LAUNCH,Feb-27,,plan 0% / controller 100%
93197977,2027-03-01,4499.0,0.0,4935.408136417813,0.0,4.0,4315.0,0.0,11943.0,11104.0,5373.414205951225,runrate_8wk 0.59 | owner_velocity 0.41,5373.0,-874.0,11.3,0.84,,6.0,replenishment,C,0.5,C · directional · ±50%,2158.0,6472.0,P-60WIP-AP-NER,Biom Plant Based Refillable All Purpose Wipes - Neroli Dream - 60ct,D3-C2,12.0,READY_FOR_LAUNCH,Mar-27,,plan 0% / controller 100%
93197977,2027-04-01,5726.0,0.0,5595.97784437225,0.0,4.0,6961.0,0.0,11104.0,10347.0,6020.0958323134,runrate_8wk 0.59 | owner_velocity 0.41,6020.0,-295.0,10.5,0.95,STEP_UP,7.0,replenishment,D,0.7,D · plan-based · ±70%,2088.0,11834.0,P-60WIP-AP-NER,Biom Plant Based Refillable All Purpose Wipes - Neroli Dream - 60ct,D3-C2,12.0,READY_FOR_LAUNCH,Apr-27,STEP_UP,plan 0% / controller 100%
93197977,2027-05-01,6035.0,0.0,6250.123014190813,0.0,5.0,4812.0,0.0,10347.0,10840.0,5514.639453995886,runrate_8wk 0.59 | owner_velocity 0.41,5515.0,520.0,11.0,1.09,,8.0,replenishment,D,0.7,D · plan-based · ±70%,1444.0,8180.0,P-60WIP-AP-NER,Biom Plant Based Refillable All Purpose Wipes - Neroli Dream - 60ct,D3-C2,12.0,READY_FOR_LAUNCH,May-27,,plan 0% / controller 100%
93197977,2027-06-01,5016.0,0.0,5129.968693568327,0.0,4.0,4960.0,0.0,10840.0,10555.0,5480.250932910702,runrate_8wk 0.59 | owner_velocity 0.41,5480.0,-465.0,10.7,0.92,,9.0,replenishment,D,0.7,D · plan-based · ±70%,1488.0,8432.0,P-60WIP-AP-NER,Biom Plant Based Refillable All Purpose Wipes - Neroli Dream - 60ct,D3-C2,12.0,READY_FOR_LAUNCH,Jun-27,,plan 0% / controller 100%
93197977,2027-07-01,5267.0,0.0,5255.533883998922,0.0,4.0,6545.0,0.0,10555.0,10385.0,5818.626800141663,runrate_8wk 0.59 | owner_velocity 0.41,5819.0,-551.0,10.6,0.91,,10.0,replenishment,D,0.7,D · plan-based · ±70%,1964.0,11126.0,P-60WIP-AP-NER,Biom Plant Based Refillable All Purpose Wipes - Neroli Dream - 60ct,D3-C2,12.0,READY_FOR_LAUNCH,Jul-27,,plan 0% / controller 100%
93197977,2027-08-01,6936.0,0.0,6776.147884082691,0.0,5.0,5521.0,0.0,10385.0,10322.0,5982.11267773011,runrate_8wk 0.59 | owner_velocity 0.41,5982.0,953.0,10.5,1.16,,11.0,replenishment,D,0.7,D · plan-based · ±70%,1656.0,9386.0,P-60WIP-AP-NER,Biom Plant Based Refillable All Purpose Wipes - Neroli Dream - 60ct,D3-C2,12.0,READY_FOR_LAUNCH,Aug-27,,plan 0% / controller 100%
93197977,2027-09-01,5775.0,0.0,5569.875036708995,0.0,4.0,5734.0,0.0,10322.0,10370.0,5955.264047644363,runrate_8wk 0.59 | owner_velocity 0.41,5955.0,-180.0,10.6,0.97,,12.0,replenishment,D,0.7,D · plan-based · ±70%,1720.0,9748.0,P-60WIP-AP-NER,Biom Plant Based Refillable All Purpose Wipes - Neroli Dream - 60ct,D3-C2,12.0,READY_FOR_LAUNCH,Sep-27,,plan 0% / controller 100%
93197977,2027-10-01,7530.0,0.0,7187.938485447966,0.0,5.0,7440.0,0.0,10370.0,10512.0,6334.0160289668165,runrate_8wk 0.59 | owner_velocity 0.41,6334.0,1195.0,10.7,1.19,,13.0,replenishment,E,1.0,E · indicative · ±100%,0.0,14880.0,P-60WIP-AP-NER,Biom Plant Based Refillable All Purpose Wipes - Neroli Dream - 60ct,D3-C2,12.0,READY_FOR_LAUNCH,Oct-27,,plan 0% / controller 100%
93197977,2027-11-01,6237.0,0.0,5917.628087974248,0.0,4.0,6198.0,0.0,10512.0,10683.0,6312.843259491812,runrate_8wk 0.59 | owner_velocity 0.41,6313.0,-76.0,10.9,0.99,,14.0,replenishment,E,1.0,E · indicative · ±100%,0.0,12396.0,P-60WIP-AP-NER,Biom Plant Based Refillable All Purpose Wipes - Neroli Dream - 60ct,D3-C2,12.0,READY_FOR_LAUNCH,Nov-27,,plan 0% / controller 100%
93197977,2027-12-01,6097.0,0.0,5854.635992570392,0.0,4.0,7681.0,0.0,10683.0,11122.0,6721.989472951191,runrate_8wk 0.59 | owner_velocity 0.41,6722.0,-625.0,11.3,0.91,,15.0,replenishment,E,1.0,E · indicative · ±100%,0.0,15362.0,P-60WIP-AP-NER,Biom Plant Based Refillable All Purpose Wipes - Neroli Dream - 60ct,D3-C2,12.0,READY_FOR_LAUNCH,Dec-27,,plan 0% / controller 100%
93197978,2026-09-01,0.0,0.0,0.0,0.0,4.0,0.0,0.0,0.0,0.0,,,0.0,0.0,,,,0.0,replenishment,C,0.5,C · directional · ±50%,0.0,0.0,,Biom Refillable Wipe Dispenser,D3-C2,,,Sep-26,NEW_TCIN_NO_HISTORY,plan 0% / controller 100%
93197978,2026-10-01,0.0,0.0,0.0,0.0,4.0,0.0,0.0,0.0,0.0,,,0.0,0.0,,,,1.0,replenishment,C,0.5,C · directional · ±50%,0.0,0.0,,Biom Refillable Wipe Dispenser,D3-C2,,,Oct-26,NEW_TCIN_NO_HISTORY,plan 0% / controller 100%
93197978,2026-11-01,0.0,0.0,0.0,0.0,5.0,0.0,0.0,0.0,0.0,,,0.0,0.0,,,,2.0,replenishment,C,0.5,C · directional · ±50%,0.0,0.0,,Biom Refillable Wipe Dispenser,D3-C2,,,Nov-26,NEW_TCIN_NO_HISTORY,plan 0% / controller 100%
93197978,2026-12-01,0.0,0.0,0.0,0.0,4.0,0.0,0.0,0.0,0.0,,,0.0,0.0,,,,3.0,replenishment,D,0.7,D · plan-based · ±70%,0.0,0.0,,Biom Refillable Wipe Dispenser,D3-C2,,,Dec-26,NEW_TCIN_NO_HISTORY,plan 0% / controller 100%
93197978,2027-01-01,0.0,0.0,0.0,0.0,5.0,0.0,0.0,0.0,0.0,,,0.0,0.0,,,,4.0,replenishment,D,0.7,D · plan-based · ±70%,0.0,0.0,,Biom Refillable Wipe Dispenser,D3-C2,,,Jan-27,NEW_TCIN_NO_HISTORY,plan 0% / controller 100%
93197978,2027-02-01,0.0,0.0,0.0,0.0,4.0,0.0,0.0,0.0,0.0,,,0.0,0.0,,,,5.0,replenishment,D,0.7,D · plan-based · ±70%,0.0,0.0,,Biom Refillable Wipe Dispenser,D3-C2,,,Feb-27,NEW_TCIN_NO_HISTORY,plan 0% / controller 100%
93197978,2027-03-01,0.0,0.0,0.0,0.0,4.0,0.0,0.0,0.0,0.0,,,0.0,0.0,,,,6.0,replenishment,D,0.7,D · plan-based · ±70%,0.0,0.0,,Biom Refillable Wipe Dispenser,D3-C2,,,Mar-27,NEW_TCIN_NO_HISTORY,plan 0% / controller 100%
93197978,2027-04-01,0.0,0.0,0.0,0.0,4.0,0.0,0.0,0.0,0.0,,,0.0,0.0,,,,7.0,replenishment,D,0.7,D · plan-based · ±70%,0.0,0.0,,Biom Refillable Wipe Dispenser,D3-C2,,,Apr-27,NEW_TCIN_NO_HISTORY,plan 0% / controller 100%
93197978,2027-05-01,0.0,0.0,0.0,0.0,5.0,0.0,0.0,0.0,0.0,,,0.0,0.0,,,,8.0,replenishment,D,0.7,D · plan-based · ±70%,0.0,0.0,,Biom Refillable Wipe Dispenser,D3-C2,,,May-27,NEW_TCIN_NO_HISTORY,plan 0% / controller 100%
93197978,2027-06-01,0.0,0.0,0.0,0.0,4.0,0.0,0.0,0.0,0.0,,,0.0,0.0,,,,9.0,replenishment,D,0.7,D · plan-based · ±70%,0.0,0.0,,Biom Refillable Wipe Dispenser,D3-C2,,,Jun-27,NEW_TCIN_NO_HISTORY,plan 0% / controller 100%
93197978,2027-07-01,0.0,0.0,0.0,0.0,4.0,0.0,0.0,0.0,0.0,,,0.0,0.0,,,,10.0,replenishment,D,0.7,D · plan-based · ±70%,0.0,0.0,,Biom Refillable Wipe Dispenser,D3-C2,,,Jul-27,NEW_TCIN_NO_HISTORY,plan 0% / controller 100%
93197978,2027-08-01,0.0,0.0,0.0,0.0,5.0,0.0,0.0,0.0,0.0,,,0.0,0.0,,,,11.0,replenishment,D,0.7,D · plan-based · ±70%,0.0,0.0,,Biom Refillable Wipe Dispenser,D3-C2,,,Aug-27,NEW_TCIN_NO_HISTORY,plan 0% / controller 100%
93197978,2027-09-01,0.0,0.0,0.0,0.0,4.0,0.0,0.0,0.0,0.0,,,0.0,0.0,,,,12.0,replenishment,D,0.7,D · plan-based · ±70%,0.0,0.0,,Biom Refillable Wipe Dispenser,D3-C2,,,Sep-27,NEW_TCIN_NO_HISTORY,plan 0% / controller 100%
93197978,2027-10-01,0.0,0.0,0.0,0.0,5.0,0.0,0.0,0.0,0.0,,,0.0,0.0,,,,13.0,replenishment,E,1.0,E · indicative · ±100%,0.0,0.0,,Biom Refillable Wipe Dispenser,D3-C2,,,Oct-27,NEW_TCIN_NO_HISTORY,plan 0% / controller 100%
93197978,2027-11-01,0.0,0.0,0.0,0.0,4.0,0.0,0.0,0.0,0.0,,,0.0,0.0,,,,14.0,replenishment,E,1.0,E · indicative · ±100%,0.0,0.0,,Biom Refillable Wipe Dispenser,D3-C2,,,Nov-27,NEW_TCIN_NO_HISTORY,plan 0% / controller 100%
93197978,2027-12-01,0.0,0.0,0.0,0.0,4.0,0.0,0.0,0.0,0.0,,,0.0,0.0,,,,15.0,replenishment,E,1.0,E · indicative · ±100%,0.0,0.0,,Biom Refillable Wipe Dispenser,D3-C2,,,Dec-27,NEW_TCIN_NO_HISTORY,plan 0% / controller 100%
93197979,2026-09-01,11604.0,0.0,10323.80755888532,1.0,4.0,11328.0,0.0,16650.0,17151.0,11037.547305229822,runrate_8wk 0.59 | owner_velocity 0.41,11038.0,566.0,6.5,1.05,,0.0,replenishment,B,0.3,B · good · ±30%,7930.0,14726.0,P-60WIP-AP-FRA,Biom Plant Based Refillable All Purpose Wipes - Fragrance Free - 60ct,D3-C2,12.0,READY_FOR_LAUNCH,Sep-26,,plan 100% / controller 0%
93197979,2026-10-01,11148.0,0.0,10507.94706447549,1.0,4.0,14148.0,0.0,17151.0,18211.0,11633.798535669292,runrate_8wk 0.59 | owner_velocity 0.41,11634.0,-486.0,6.9,0.96,,1.0,replenishment,B,0.3,B · good · ±30%,9904.0,18392.0,P-60WIP-AP-FRA,Biom Plant Based Refillable All Purpose Wipes - Fragrance Free - 60ct,D3-C2,12.0,READY_FOR_LAUNCH,Oct-26,,plan 100% / controller 0%
93197979,2026-11-01,14408.0,0.0,13446.221661801956,0.0,5.0,11494.0,0.0,18211.0,18852.0,11490.530487137166,runrate_8wk 0.59 | owner_velocity 0.41,11491.0,2917.0,7.1,1.25,,2.0,replenishment,C,0.5,C · directional · ±50%,5747.0,17241.0,P-60WIP-AP-FRA,Biom Plant Based Refillable All Purpose Wipes - Fragrance Free - 60ct,D3-C2,12.0,READY_FOR_LAUNCH,Nov-26,,plan 0% / controller 100%
93197979,2026-12-01,11689.0,0.0,10968.92373770989,0.0,4.0,11676.0,0.0,18852.0,19460.0,12125.285282921694,runrate_8wk 0.59 | owner_velocity 0.41,12125.0,-436.0,7.4,0.96,,3.0,replenishment,C,0.5,C · directional · ±50%,5838.0,17514.0,P-60WIP-AP-FRA,Biom Plant Based Refillable All Purpose Wipes - Fragrance Free - 60ct,D3-C2,12.0,READY_FOR_LAUNCH,Dec-26,,plan 0% / controller 100%
93197979,2027-01-01,14902.0,0.0,14041.985967456325,0.0,5.0,14803.0,0.0,19460.0,20131.0,12389.609256521278,runrate_8wk 0.59 | owner_velocity 0.41,12390.0,2512.0,7.6,1.2,,4.0,replenishment,C,0.5,C · directional · ±50%,7402.0,22204.0,P-60WIP-AP-FRA,Biom Plant Based Refillable All Purpose Wipes - Fragrance Free - 60ct,D3-C2,12.0,READY_FOR_LAUNCH,Jan-27,,plan 0% / controller 100%
93197979,2027-02-01,12172.0,0.0,11497.699579993781,0.0,4.0,12104.0,0.0,20131.0,20615.0,11441.29625514415,runrate_8wk 0.59 | owner_velocity 0.41,11441.0,730.0,7.8,1.06,,5.0,replenishment,C,0.5,C · directional · ±50%,6052.0,18156.0,P-60WIP-AP-FRA,Biom Plant Based Refillable All Purpose Wipes - Fragrance Free - 60ct,D3-C2,12.0,READY_FOR_LAUNCH,Feb-27,,plan 0% / controller 100%
93197979,2027-03-01,12629.0,0.0,11882.18224400117,0.0,4.0,12378.0,0.0,20615.0,20973.0,12958.566603727928,runrate_8wk 0.59 | owner_velocity 0.41,12959.0,-330.0,8.0,0.97,,6.0,replenishment,C,0.5,C · directional · ±50%,6189.0,18567.0,P-60WIP-AP-FRA,Biom Plant Based Refillable All Purpose Wipes - Fragrance Free - 60ct,D3-C2,12.0,READY_FOR_LAUNCH,Mar-27,,plan 0% / controller 100%
93197979,2027-04-01,14804.0,0.0,13313.416608961386,0.0,4.0,18149.0,0.0,20973.0,20887.0,14317.253055109057,runrate_8wk 0.59 | owner_velocity 0.41,14317.0,487.0,7.9,1.03,,7.0,replenishment,D,0.7,D · plan-based · ±70%,5445.0,30853.0,P-60WIP-AP-FRA,Biom Plant Based Refillable All Purpose Wipes - Fragrance Free - 60ct,D3-C2,12.0,READY_FOR_LAUNCH,Apr-27,,plan 0% / controller 100%
93197979,2027-05-01,15602.0,0.0,15027.930632309544,0.0,5.0,12481.0,0.0,20887.0,23293.0,13264.554640260296,runrate_8wk 0.59 | owner_velocity 0.41,13265.0,2337.0,8.8,1.18,,8.0,replenishment,D,0.7,D · plan-based · ±70%,3744.0,21218.0,P-60WIP-AP-FRA,Biom Plant Based Refillable All Purpose Wipes - Fragrance Free - 60ct,D3-C2,12.0,READY_FOR_LAUNCH,May-27,,plan 0% / controller 100%
93197979,2027-06-01,12625.0,0.0,12303.730117468636,0.0,4.0,12555.0,0.0,23293.0,23407.0,13147.589108474896,runrate_8wk 0.59 | owner_velocity 0.41,13148.0,-522.0,8.9,0.96,,9.0,replenishment,D,0.7,D · plan-based · ±70%,3767.0,21344.0,P-60WIP-AP-FRA,Biom Plant Based Refillable All Purpose Wipes - Fragrance Free - 60ct,D3-C2,12.0,READY_FOR_LAUNCH,Jun-27,,plan 0% / controller 100%
93197979,2027-07-01,13009.0,0.0,12575.788030458092,0.0,4.0,16199.0,0.0,23407.0,23564.0,13923.193890864317,runrate_8wk 0.59 | owner_velocity 0.41,13923.0,-914.0,8.9,0.93,,10.0,replenishment,D,0.7,D · plan-based · ±70%,4860.0,27538.0,P-60WIP-AP-FRA,Biom Plant Based Refillable All Purpose Wipes - Fragrance Free - 60ct,D3-C2,12.0,READY_FOR_LAUNCH,Jul-27,,plan 0% / controller 100%
93197979,2027-08-01,16863.0,0.0,16167.651184142618,0.0,5.0,13442.0,0.0,23564.0,23877.0,14277.413292375008,runrate_8wk 0.59 | owner_velocity 0.41,14277.0,2586.0,9.1,1.18,,11.0,replenishment,D,0.7,D · plan-based · ±70%,4033.0,22851.0,P-60WIP-AP-FRA,Biom Plant Based Refillable All Purpose Wipes - Fragrance Free - 60ct,D3-C2,12.0,READY_FOR_LAUNCH,Aug-27,,plan 0% / controller 100%
93197979,2027-09-01,13893.0,0.0,13256.860525722483,0.0,4.0,13820.0,0.0,23877.0,24228.0,14176.784188257085,runrate_8wk 0.59 | owner_velocity 0.41,14177.0,-284.0,9.2,0.98,,12.0,replenishment,D,0.7,D · plan-based · ±70%,4146.0,23494.0,P-60WIP-AP-FRA,Biom Plant Based Refillable All Purpose Wipes - Fragrance Free - 60ct,D3-C2,12.0,READY_FOR_LAUNCH,Sep-27,,plan 0% / controller 100%
93197979,2027-10-01,17862.0,0.0,16991.35379811044,0.0,5.0,17786.0,0.0,24228.0,24816.0,15039.870553111647,runrate_8wk 0.59 | owner_velocity 0.41,15040.0,2822.0,9.4,1.19,,13.0,replenishment,E,1.0,E · indicative · ±100%,0.0,35572.0,P-60WIP-AP-FRA,Biom Plant Based Refillable All Purpose Wipes - Fragrance Free - 60ct,D3-C2,12.0,READY_FOR_LAUNCH,Oct-27,,plan 0% / controller 100%
93197979,2027-11-01,14189.0,0.0,13635.054879588017,0.0,4.0,14226.0,0.0,24816.0,25449.0,14608.987371159004,runrate_8wk 0.59 | owner_velocity 0.41,14609.0,-420.0,9.7,0.97,,14.0,replenishment,E,1.0,E · indicative · ±100%,0.0,28452.0,P-60WIP-AP-FRA,Biom Plant Based Refillable All Purpose Wipes - Fragrance Free - 60ct,D3-C2,12.0,READY_FOR_LAUNCH,Nov-27,,plan 0% / controller 100%
93197979,2027-12-01,13309.0,0.0,13148.08863296048,0.0,4.0,16841.0,0.0,25449.0,26450.0,15095.953615621293,runrate_8wk 0.59 | owner_velocity 0.41,15096.0,-1787.0,10.0,0.88,,15.0,replenishment,E,1.0,E · indicative · ±100%,0.0,33682.0,P-60WIP-AP-FRA,Biom Plant Based Refillable All Purpose Wipes - Fragrance Free - 60ct,D3-C2,12.0,READY_FOR_LAUNCH,Dec-27,,plan 0% / controller 100%
94643458,2026-09-01,60.0,0.0,76.11181616187466,1.0,4.0,54.0,0.0,10.0,0.0,81.54837445933758,runrate_8wk 0.59 | owner_velocity 0.41,82.0,-22.0,0.0,0.74,,0.0,replenishment,B,0.3,B · good · ±30%,38.0,70.0,P-DIS-DGR,"Biom Refillable Wipes Dispenser - Hunter Green: BPA-Free, Silicone Material",D3-C2,6.0,READY_FOR_LAUNCH,Sep-26,,plan 100% / controller 0%
94643458,2026-10-01,54.0,0.0,76.1118161604267,1.0,4.0,66.0,0.0,0.0,0.0,84.26665360618671,runrate_8wk 0.59 | owner_velocity 0.41,84.0,-30.0,0.0,0.64,,1.0,replenishment,B,0.3,B · good · ±30%,46.0,86.0,P-DIS-DGR,"Biom Refillable Wipes Dispenser - Hunter Green: BPA-Free, Silicone Material",D3-C2,6.0,READY_FOR_LAUNCH,Oct-26,,plan 100% / controller 0%
94643458,2026-11-01,142.0,0.0,95.13977020227092,0.0,5.0,114.0,0.0,0.0,19.0,81.54837445933758,runrate_8wk 0.59 | owner_velocity 0.41,82.0,61.0,0.8,1.74,,2.0,replenishment,C,0.5,C · directional · ±50%,57.0,171.0,P-DIS-DGR,"Biom Refillable Wipes Dispenser - Hunter Green: BPA-Free, Silicone Material",D3-C2,6.0,READY_FOR_LAUNCH,Nov-26,,plan 0% / controller 100%
94643458,2026-12-01,106.0,0.0,76.1118161604267,0.0,4.0,108.0,0.0,19.0,55.0,84.26665360618671,runrate_8wk 0.59 | owner_velocity 0.41,84.0,22.0,2.3,1.26,,3.0,replenishment,C,0.5,C · directional · ±50%,54.0,162.0,P-DIS-DGR,"Biom Refillable Wipes Dispenser - Hunter Green: BPA-Free, Silicone Material",D3-C2,6.0,READY_FOR_LAUNCH,Dec-26,,plan 0% / controller 100%
94643458,2027-01-01,121.0,0.0,95.1397702007625,0.0,5.0,123.0,0.0,55.0,88.0,84.26665360618671,runrate_8wk 0.59 | owner_velocity 0.41,84.0,37.0,3.7,1.44,,4.0,replenishment,C,0.5,C · directional · ±50%,62.0,184.0,P-DIS-DGR,"Biom Refillable Wipes Dispenser - Hunter Green: BPA-Free, Silicone Material",D3-C2,6.0,READY_FOR_LAUNCH,Jan-27,,plan 0% / controller 100%
94643458,2027-02-01,90.0,0.0,76.11181616126683,0.0,4.0,91.0,0.0,88.0,107.0,76.11181616149597,runrate_8wk 0.59 | owner_velocity 0.41,76.0,14.0,4.4,1.19,,5.0,replenishment,C,0.5,C · directional · ±50%,46.0,136.0,P-DIS-DGR,"Biom Refillable Wipes Dispenser - Hunter Green: BPA-Free, Silicone Material",D3-C2,6.0,READY_FOR_LAUNCH,Feb-27,,plan 0% / controller 100%
94643458,2027-03-01,86.0,0.0,76.11181616060045,0.0,4.0,87.0,0.0,107.0,120.0,84.26665360618671,runrate_8wk 0.59 | owner_velocity 0.41,84.0,2.0,5.0,1.02,,6.0,replenishment,C,0.5,C · directional · ±50%,44.0,130.0,P-DIS-DGR,"Biom Refillable Wipes Dispenser - Hunter Green: BPA-Free, Silicone Material",D3-C2,6.0,READY_FOR_LAUNCH,Mar-27,,plan 0% / controller 100%
94643458,2027-04-01,83.0,0.0,76.11181616199049,0.0,4.0,105.0,0.0,120.0,129.0,81.54837445933758,runrate_8wk 0.59 | owner_velocity 0.41,82.0,2.0,5.4,1.02,,7.0,replenishment,D,0.7,D · plan-based · ±70%,32.0,178.0,P-DIS-DGR,"Biom Refillable Wipes Dispenser - Hunter Green: BPA-Free, Silicone Material",D3-C2,6.0,READY_FOR_LAUNCH,Apr-27,,plan 0% / controller 100%
94643458,2027-05-01,101.0,0.0,95.13977020082297,0.0,5.0,81.0,0.0,129.0,137.0,84.26665360618671,runrate_8wk 0.59 | owner_velocity 0.41,84.0,17.0,5.7,1.2,,8.0,replenishment,D,0.7,D · plan-based · ±70%,24.0,138.0,P-DIS-DGR,"Biom Refillable Wipes Dispenser - Hunter Green: BPA-Free, Silicone Material",D3-C2,6.0,READY_FOR_LAUNCH,May-27,,plan 0% / controller 100%
94643458,2027-06-01,80.0,0.0,76.11181616187466,0.0,4.0,80.0,0.0,137.0,141.0,81.54837445933758,runrate_8wk 0.59 | owner_velocity 0.41,82.0,-2.0,5.9,0.98,,9.0,replenishment,D,0.7,D · plan-based · ±70%,24.0,136.0,P-DIS-DGR,"Biom Refillable Wipes Dispenser - Hunter Green: BPA-Free, Silicone Material",D3-C2,6.0,READY_FOR_LAUNCH,Jun-27,,plan 0% / controller 100%
94643458,2027-07-01,79.0,0.0,76.1118161604267,0.0,4.0,98.0,0.0,141.0,144.0,84.26665360618671,runrate_8wk 0.59 | owner_velocity 0.41,84.0,-6.0,6.0,0.93,,10.0,replenishment,D,0.7,D · plan-based · ±70%,29.0,167.0,P-DIS-DGR,"Biom Refillable Wipes Dispenser - Hunter Green: BPA-Free, Silicone Material",D3-C2,6.0,READY_FOR_LAUNCH,Jul-27,,plan 0% / controller 100%
94643458,2027-08-01,97.0,0.0,95.13977020076504,0.0,5.0,78.0,0.0,144.0,147.0,84.26665360618671,runrate_8wk 0.59 | owner_velocity 0.41,84.0,13.0,6.1,1.15,,11.0,replenishment,D,0.7,D · plan-based · ±70%,23.0,133.0,P-DIS-DGR,"Biom Refillable Wipes Dispenser - Hunter Green: BPA-Free, Silicone Material",D3-C2,6.0,READY_FOR_LAUNCH,Aug-27,,plan 0% / controller 100%
94643458,2027-09-01,77.0,0.0,76.11181616193258,0.0,4.0,77.0,0.0,147.0,149.0,81.54837445933758,runrate_8wk 0.59 | owner_velocity 0.41,82.0,-4.0,6.2,0.95,,12.0,replenishment,D,0.7,D · plan-based · ±70%,23.0,131.0,P-DIS-DGR,"Biom Refillable Wipes Dispenser - Hunter Green: BPA-Free, Silicone Material",D3-C2,6.0,READY_FOR_LAUNCH,Sep-27,,plan 0% / controller 100%
94643458,2027-10-01,96.0,0.0,95.13977020088089,0.0,5.0,96.0,0.0,149.0,150.0,84.26665360618671,runrate_8wk 0.59 | owner_velocity 0.41,84.0,12.0,6.2,1.14,,13.0,replenishment,E,1.0,E · indicative · ±100%,0.0,192.0,P-DIS-DGR,"Biom Refillable Wipes Dispenser - Hunter Green: BPA-Free, Silicone Material",D3-C2,6.0,READY_FOR_LAUNCH,Oct-27,,plan 0% / controller 100%
94643458,2027-11-01,77.0,0.0,76.11181616181673,0.0,4.0,77.0,0.0,150.0,150.0,81.54837445933758,runrate_8wk 0.59 | owner_velocity 0.41,82.0,-5.0,6.3,0.94,,14.0,replenishment,E,1.0,E · indicative · ±100%,0.0,154.0,P-DIS-DGR,"Biom Refillable Wipes Dispenser - Hunter Green: BPA-Free, Silicone Material",D3-C2,6.0,READY_FOR_LAUNCH,Nov-27,,plan 0% / controller 100%
94643458,2027-12-01,72.0,0.0,73.39353701184004,0.0,4.0,92.0,0.0,150.0,154.0,84.26665360618671,runrate_8wk 0.59 | owner_velocity 0.41,84.0,-12.0,6.4,0.86,,15.0,replenishment,E,1.0,E · indicative · ±100%,0.0,184.0,P-DIS-DGR,"Biom Refillable Wipes Dispenser - Hunter Green: BPA-Free, Silicone Material",D3-C2,6.0,READY_FOR_LAUNCH,Dec-27,,plan 0% / controller 100%
94643459,2026-09-01,84.0,0.0,161.03292748306038,1.0,4.0,60.0,0.0,62.0,27.0,172.53527944632228,runrate_8wk 0.59 | owner_velocity 0.41,173.0,-89.0,0.5,0.49,,0.0,replenishment,B,0.3,B · good · ±30%,42.0,78.0,P-DIS-BLK,"Biom Refillable Wipes Dispenser - Black: BPA-Free, Silicone, Cleaning Tools and Accessories",D3-C2,6.0,READY_FOR_LAUNCH,Sep-26,,plan 100% / controller 0%
94643459,2026-10-01,78.0,0.0,161.03292748161238,1.0,4.0,114.0,0.0,27.0,0.0,178.28645542607086,runrate_8wk 0.59 | owner_velocity 0.41,178.0,-100.0,0.0,0.44,,1.0,replenishment,B,0.3,B · good · ±30%,80.0,148.0,P-DIS-BLK,"Biom Refillable Wipes Dispenser - Black: BPA-Free, Silicone, Cleaning Tools and Accessories",D3-C2,6.0,READY_FOR_LAUNCH,Oct-26,,plan 100% / controller 0%
94643459,2026-11-01,301.0,0.0,201.29115935375307,0.0,5.0,242.0,0.0,0.0,40.0,172.53527944632228,runrate_8wk 0.59 | owner_velocity 0.41,173.0,128.0,0.7,1.74,STEP_UP,2.0,replenishment,C,0.5,C · directional · ±50%,121.0,363.0,P-DIS-BLK,"Biom Refillable Wipes Dispenser - Black: BPA-Free, Silicone, Cleaning Tools and Accessories",D3-C2,6.0,READY_FOR_LAUNCH,Nov-26,STEP_UP,plan 0% / controller 100%
94643459,2026-12-01,224.0,0.0,161.03292748161238,0.0,4.0,229.0,0.0,40.0,117.0,178.28645542607086,runrate_8wk 0.59 | owner_velocity 0.41,178.0,46.0,1.9,1.26,,3.0,replenishment,C,0.5,C · directional · ±50%,114.0,344.0,P-DIS-BLK,"Biom Refillable Wipes Dispenser - Black: BPA-Free, Silicone, Cleaning Tools and Accessories",D3-C2,6.0,READY_FOR_LAUNCH,Dec-26,,plan 0% / controller 100%
94643459,2027-01-01,256.0,0.0,201.2911593522446,0.0,5.0,261.0,0.0,117.0,187.0,178.28645542607086,runrate_8wk 0.59 | owner_velocity 0.41,178.0,78.0,3.1,1.44,,4.0,replenishment,C,0.5,C · directional · ±50%,130.0,392.0,P-DIS-BLK,"Biom Refillable Wipes Dispenser - Black: BPA-Free, Silicone, Cleaning Tools and Accessories",D3-C2,6.0,READY_FOR_LAUNCH,Jan-27,,plan 0% / controller 100%
94643459,2027-02-01,191.0,0.0,161.03292748245252,0.0,4.0,194.0,0.0,187.0,225.0,161.03292748268166,runrate_8wk 0.59 | owner_velocity 0.41,161.0,30.0,3.7,1.19,,5.0,replenishment,C,0.5,C · directional · ±50%,97.0,291.0,P-DIS-BLK,"Biom Refillable Wipes Dispenser - Black: BPA-Free, Silicone, Cleaning Tools and Accessories",D3-C2,6.0,READY_FOR_LAUNCH,Feb-27,,plan 0% / controller 100%
94643459,2027-03-01,182.0,0.0,161.03292748178615,0.0,4.0,184.0,0.0,225.0,253.0,178.28645542607086,runrate_8wk 0.59 | owner_velocity 0.41,178.0,4.0,4.2,1.02,,6.0,replenishment,C,0.5,C · directional · ±50%,92.0,276.0,P-DIS-BLK,"Biom Refillable Wipes Dispenser - Black: BPA-Free, Silicone, Cleaning Tools and Accessories",D3-C2,6.0,READY_FOR_LAUNCH,Mar-27,,plan 0% / controller 100%
94643459,2027-04-01,176.0,0.0,161.03292748317622,0.0,4.0,221.0,0.0,253.0,273.0,172.53527944632228,runrate_8wk 0.59 | owner_velocity 0.41,173.0,4.0,4.5,1.02,,7.0,replenishment,D,0.7,D · plan-based · ±70%,66.0,376.0,P-DIS-BLK,"Biom Refillable Wipes Dispenser - Black: BPA-Free, Silicone, Cleaning Tools and Accessories",D3-C2,6.0,READY_FOR_LAUNCH,Apr-27,,plan 0% / controller 100%
94643459,2027-05-01,214.0,0.0,201.29115935230507,0.0,5.0,172.0,0.0,273.0,290.0,178.28645542607086,runrate_8wk 0.59 | owner_velocity 0.41,178.0,36.0,4.8,1.2,,8.0,replenishment,D,0.7,D · plan-based · ±70%,52.0,292.0,P-DIS-BLK,"Biom Refillable Wipes Dispenser - Black: BPA-Free, Silicone, Cleaning Tools and Accessories",D3-C2,6.0,READY_FOR_LAUNCH,May-27,,plan 0% / controller 100%
94643459,2027-06-01,168.0,0.0,161.03292748306038,0.0,4.0,169.0,0.0,290.0,299.0,172.53527944632228,runrate_8wk 0.59 | owner_velocity 0.41,173.0,-4.0,5.0,0.98,,9.0,replenishment,D,0.7,D · plan-based · ±70%,51.0,287.0,P-DIS-BLK,"Biom Refillable Wipes Dispenser - Black: BPA-Free, Silicone, Cleaning Tools and Accessories",D3-C2,6.0,READY_FOR_LAUNCH,Jun-27,,plan 0% / controller 100%
94643459,2027-07-01,166.0,0.0,161.03292748161238,0.0,4.0,208.0,0.0,299.0,305.0,178.28645542607086,runrate_8wk 0.59 | owner_velocity 0.41,178.0,-12.0,5.1,0.93,,10.0,replenishment,D,0.7,D · plan-based · ±70%,62.0,354.0,P-DIS-BLK,"Biom Refillable Wipes Dispenser - Black: BPA-Free, Silicone, Cleaning Tools and Accessories",D3-C2,6.0,READY_FOR_LAUNCH,Jul-27,,plan 0% / controller 100%
94643459,2027-08-01,206.0,0.0,201.29115935224715,0.0,5.0,165.0,0.0,305.0,311.0,178.28645542607086,runrate_8wk 0.59 | owner_velocity 0.41,178.0,27.0,5.2,1.15,,11.0,replenishment,D,0.7,D · plan-based · ±70%,50.0,280.0,P-DIS-BLK,"Biom Refillable Wipes Dispenser - Black: BPA-Free, Silicone, Cleaning Tools and Accessories",D3-C2,6.0,READY_FOR_LAUNCH,Aug-27,,plan 0% / controller 100%
94643459,2027-09-01,163.0,0.0,161.0329274831183,0.0,4.0,164.0,0.0,311.0,314.0,172.53527944632228,runrate_8wk 0.59 | owner_velocity 0.41,173.0,-9.0,5.2,0.95,,12.0,replenishment,D,0.7,D · plan-based · ±70%,49.0,279.0,P-DIS-BLK,"Biom Refillable Wipes Dispenser - Black: BPA-Free, Silicone, Cleaning Tools and Accessories",D3-C2,6.0,READY_FOR_LAUNCH,Sep-27,,plan 0% / controller 100%
94643459,2027-10-01,203.0,0.0,201.291159352363,0.0,5.0,204.0,0.0,314.0,317.0,178.28645542607086,runrate_8wk 0.59 | owner_velocity 0.41,178.0,25.0,5.3,1.14,,13.0,replenishment,E,1.0,E · indicative · ±100%,0.0,408.0,P-DIS-BLK,"Biom Refillable Wipes Dispenser - Black: BPA-Free, Silicone, Cleaning Tools and Accessories",D3-C2,6.0,READY_FOR_LAUNCH,Oct-27,,plan 0% / controller 100%
94643459,2027-11-01,162.0,0.0,161.03292748300248,0.0,4.0,162.0,0.0,317.0,318.0,172.53527944632228,runrate_8wk 0.59 | owner_velocity 0.41,173.0,-10.0,5.3,0.94,,14.0,replenishment,E,1.0,E · indicative · ±100%,0.0,324.0,P-DIS-BLK,"Biom Refillable Wipes Dispenser - Black: BPA-Free, Silicone, Cleaning Tools and Accessories",D3-C2,6.0,READY_FOR_LAUNCH,Nov-27,,plan 0% / controller 100%
94643459,2027-12-01,153.0,0.0,155.28175150012623,0.0,4.0,194.0,0.0,318.0,325.0,178.28645542607086,runrate_8wk 0.59 | owner_velocity 0.41,178.0,-25.0,5.4,0.86,,15.0,replenishment,E,1.0,E · indicative · ±100%,0.0,388.0,P-DIS-BLK,"Biom Refillable Wipes Dispenser - Black: BPA-Free, Silicone, Cleaning Tools and Accessories",D3-C2,6.0,READY_FOR_LAUNCH,Dec-27,,plan 0% / controller 100%
94643460,2026-09-01,102.0,0.0,140.82755961698513,1.0,4.0,84.0,0.0,74.0,59.0,150.88667101838453,runrate_8wk 0.59 | owner_velocity 0.41,151.0,-49.0,1.1,0.68,,0.0,replenishment,B,0.3,B · good · ±30%,59.0,109.0,P-DIS-LGR,"Biom Refillable Wipes Dispenser - Seafoam: BPA-Free, Silicone, 8 Inch Height",D3-C2,6.0,READY_FOR_LAUNCH,Sep-26,,plan 100% / controller 0%
94643460,2026-10-01,126.0,0.0,140.82755961553718,1.0,4.0,150.0,0.0,59.0,26.0,155.91622671720188,runrate_8wk 0.59 | owner_velocity 0.41,156.0,-30.0,0.5,0.81,,1.0,replenishment,B,0.3,B · good · ±30%,105.0,195.0,P-DIS-LGR,"Biom Refillable Wipes Dispenser - Seafoam: BPA-Free, Silicone, 8 Inch Height",D3-C2,6.0,READY_FOR_LAUNCH,Oct-26,,plan 100% / controller 0%
94643460,2026-11-01,257.0,0.0,176.03444952115905,0.0,5.0,207.0,0.0,26.0,49.0,150.88667101838453,runrate_8wk 0.59 | owner_velocity 0.41,151.0,107.0,1.0,1.71,,2.0,replenishment,C,0.5,C · directional · ±50%,104.0,310.0,P-DIS-LGR,"Biom Refillable Wipes Dispenser - Seafoam: BPA-Free, Silicone, 8 Inch Height",D3-C2,6.0,READY_FOR_LAUNCH,Nov-26,,plan 0% / controller 100%
94643460,2026-12-01,193.0,0.0,140.82755961553718,0.0,4.0,197.0,0.0,49.0,112.0,155.91622671720188,runrate_8wk 0.59 | owner_velocity 0.41,156.0,37.0,2.2,1.24,,3.0,replenishment,C,0.5,C · directional · ±50%,98.0,296.0,P-DIS-LGR,"Biom Refillable Wipes Dispenser - Seafoam: BPA-Free, Silicone, 8 Inch Height",D3-C2,6.0,READY_FOR_LAUNCH,Dec-26,,plan 0% / controller 100%
94643460,2027-01-01,221.0,0.0,176.0344495196506,0.0,5.0,225.0,0.0,112.0,170.0,155.91622671720188,runrate_8wk 0.59 | owner_velocity 0.41,156.0,65.0,3.3,1.42,,4.0,replenishment,C,0.5,C · directional · ±50%,112.0,338.0,P-DIS-LGR,"Biom Refillable Wipes Dispenser - Seafoam: BPA-Free, Silicone, 8 Inch Height",D3-C2,6.0,READY_FOR_LAUNCH,Jan-27,,plan 0% / controller 100%
94643460,2027-02-01,166.0,0.0,140.8275596163773,0.0,4.0,168.0,0.0,170.0,202.0,140.82755961660644,runrate_8wk 0.59 | owner_velocity 0.41,141.0,25.0,3.9,1.18,,5.0,replenishment,C,0.5,C · directional · ±50%,84.0,252.0,P-DIS-LGR,"Biom Refillable Wipes Dispenser - Seafoam: BPA-Free, Silicone, 8 Inch Height",D3-C2,6.0,READY_FOR_LAUNCH,Feb-27,,plan 0% / controller 100%
94643460,2027-03-01,158.0,0.0,140.82755961571092,0.0,4.0,160.0,0.0,202.0,225.0,155.91622671720188,runrate_8wk 0.59 | owner_velocity 0.41,156.0,3.0,4.4,1.02,,6.0,replenishment,C,0.5,C · directional · ±50%,80.0,240.0,P-DIS-LGR,"Biom Refillable Wipes Dispenser - Seafoam: BPA-Free, Silicone, 8 Inch Height",D3-C2,6.0,READY_FOR_LAUNCH,Mar-27,,plan 0% / controller 100%
94643460,2027-04-01,153.0,0.0,140.82755961710097,0.0,4.0,193.0,0.0,225.0,241.0,150.88667101838453,runrate_8wk 0.59 | owner_velocity 0.41,151.0,3.0,4.7,1.02,,7.0,replenishment,D,0.7,D · plan-based · ±70%,58.0,328.0,P-DIS-LGR,"Biom Refillable Wipes Dispenser - Seafoam: BPA-Free, Silicone, 8 Inch Height",D3-C2,6.0,READY_FOR_LAUNCH,Apr-27,,plan 0% / controller 100%
94643460,2027-05-01,187.0,0.0,176.03444951971107,0.0,5.0,150.0,0.0,241.0,255.0,155.91622671720188,runrate_8wk 0.59 | owner_velocity 0.41,156.0,31.0,4.9,1.2,,8.0,replenishment,D,0.7,D · plan-based · ±70%,45.0,255.0,P-DIS-LGR,"Biom Refillable Wipes Dispenser - Seafoam: BPA-Free, Silicone, 8 Inch Height",D3-C2,6.0,READY_FOR_LAUNCH,May-27,,plan 0% / controller 100%
94643460,2027-06-01,147.0,0.0,140.82755961698513,0.0,4.0,147.0,0.0,255.0,262.0,150.88667101838453,runrate_8wk 0.59 | owner_velocity 0.41,151.0,-4.0,5.1,0.97,,9.0,replenishment,D,0.7,D · plan-based · ±70%,44.0,250.0,P-DIS-LGR,"Biom Refillable Wipes Dispenser - Seafoam: BPA-Free, Silicone, 8 Inch Height",D3-C2,6.0,READY_FOR_LAUNCH,Jun-27,,plan 0% / controller 100%
94643460,2027-07-01,145.0,0.0,140.82755961553718,0.0,4.0,182.0,0.0,262.0,268.0,155.91622671720188,runrate_8wk 0.59 | owner_velocity 0.41,156.0,-11.0,5.2,0.93,,10.0,replenishment,D,0.7,D · plan-based · ±70%,55.0,309.0,P-DIS-LGR,"Biom Refillable Wipes Dispenser - Seafoam: BPA-Free, Silicone, 8 Inch Height",D3-C2,6.0,READY_FOR_LAUNCH,Jul-27,,plan 0% / controller 100%
94643460,2027-08-01,180.0,0.0,176.03444951965315,0.0,5.0,144.0,0.0,268.0,273.0,155.91622671720188,runrate_8wk 0.59 | owner_velocity 0.41,156.0,24.0,5.3,1.15,,11.0,replenishment,D,0.7,D · plan-based · ±70%,43.0,245.0,P-DIS-LGR,"Biom Refillable Wipes Dispenser - Seafoam: BPA-Free, Silicone, 8 Inch Height",D3-C2,6.0,READY_FOR_LAUNCH,Aug-27,,plan 0% / controller 100%
94643460,2027-09-01,143.0,0.0,140.82755961704305,0.0,4.0,143.0,0.0,273.0,275.0,150.88667101838453,runrate_8wk 0.59 | owner_velocity 0.41,151.0,-8.0,5.3,0.95,,12.0,replenishment,D,0.7,D · plan-based · ±70%,43.0,243.0,P-DIS-LGR,"Biom Refillable Wipes Dispenser - Seafoam: BPA-Free, Silicone, 8 Inch Height",D3-C2,6.0,READY_FOR_LAUNCH,Sep-27,,plan 0% / controller 100%
94643460,2027-10-01,178.0,0.0,176.034449519769,0.0,5.0,178.0,0.0,275.0,277.0,155.91622671720188,runrate_8wk 0.59 | owner_velocity 0.41,156.0,22.0,5.4,1.14,,13.0,replenishment,E,1.0,E · indicative · ±100%,0.0,356.0,P-DIS-LGR,"Biom Refillable Wipes Dispenser - Seafoam: BPA-Free, Silicone, 8 Inch Height",D3-C2,6.0,READY_FOR_LAUNCH,Oct-27,,plan 0% / controller 100%
94643460,2027-11-01,142.0,0.0,140.82755961692723,0.0,4.0,142.0,0.0,277.0,279.0,150.88667101838453,runrate_8wk 0.59 | owner_velocity 0.41,151.0,-9.0,5.4,0.94,,14.0,replenishment,E,1.0,E · indicative · ±100%,0.0,284.0,P-DIS-LGR,"Biom Refillable Wipes Dispenser - Seafoam: BPA-Free, Silicone, 8 Inch Height",D3-C2,6.0,READY_FOR_LAUNCH,Nov-27,,plan 0% / controller 100%
94643460,2027-12-01,134.0,0.0,135.79800391498227,0.0,4.0,169.0,0.0,279.0,285.0,155.91622671720188,runrate_8wk 0.59 | owner_velocity 0.41,156.0,-22.0,5.5,0.86,,15.0,replenishment,E,1.0,E · indicative · ±100%,0.0,338.0,P-DIS-LGR,"Biom Refillable Wipes Dispenser - Seafoam: BPA-Free, Silicone, 8 Inch Height",D3-C2,6.0,READY_FOR_LAUNCH,Dec-27,,plan 0% / controller 100%
94723685,2026-09-01,0.0,0.0,1.0,0.0,4.0,0.0,0.0,12.0,11.0,1.0714285714285714,runrate_8wk 1.0,1.0,-1.0,43.3,0.0,,0.0,replenishment,C,0.5,C · directional · ±50%,0.0,0.0,P-60WIP-AP-FIR,"Biom Fraser Fir All-Purpose Cleaning Wipes Refill - 60ct: Removes Dirt, Grease, Multi-Surface Use",D3-C2,12.0,READY_FOR_LAUNCH,Sep-26,,plan 0% / controller 100%
94723685,2026-10-01,0.0,0.0,1.0,0.0,4.0,0.0,0.0,11.0,10.0,1.1071428571428572,runrate_8wk 1.0,1.0,-1.0,39.3,0.0,,1.0,replenishment,C,0.5,C · directional · ±50%,0.0,0.0,P-60WIP-AP-FIR,"Biom Fraser Fir All-Purpose Cleaning Wipes Refill - 60ct: Removes Dirt, Grease, Multi-Surface Use",D3-C2,12.0,READY_FOR_LAUNCH,Oct-26,,plan 0% / controller 100%
94723685,2026-11-01,0.0,0.0,1.25,0.0,5.0,0.0,0.0,10.0,9.0,1.0714285714285714,runrate_8wk 1.0,1.0,-1.0,34.3,0.0,,2.0,replenishment,C,0.5,C · directional · ±50%,0.0,0.0,P-60WIP-AP-FIR,"Biom Fraser Fir All-Purpose Cleaning Wipes Refill - 60ct: Removes Dirt, Grease, Multi-Surface Use",D3-C2,12.0,READY_FOR_LAUNCH,Nov-26,,plan 0% / controller 100%
94723685,2026-12-01,0.0,0.0,1.0,0.0,4.0,0.0,0.0,9.0,8.0,1.1071428571428572,runrate_8wk 1.0,1.0,-1.0,30.3,0.0,,3.0,replenishment,C,0.5,C · directional · ±50%,0.0,0.0,P-60WIP-AP-FIR,"Biom Fraser Fir All-Purpose Cleaning Wipes Refill - 60ct: Removes Dirt, Grease, Multi-Surface Use",D3-C2,12.0,READY_FOR_LAUNCH,Dec-26,,plan 0% / controller 100%
94723685,2027-01-01,0.0,0.0,1.25,0.0,5.0,0.0,0.0,8.0,6.0,1.1071428571428572,runrate_8wk 1.0,1.0,-1.0,25.3,0.0,,4.0,replenishment,C,0.5,C · directional · ±50%,0.0,0.0,P-60WIP-AP-FIR,"Biom Fraser Fir All-Purpose Cleaning Wipes Refill - 60ct: Removes Dirt, Grease, Multi-Surface Use",D3-C2,12.0,READY_FOR_LAUNCH,Jan-27,,plan 0% / controller 100%
94723685,2027-02-01,0.0,0.0,1.0,0.0,4.0,0.0,0.0,6.0,5.0,1.0,runrate_8wk 1.0,1.0,-1.0,21.3,0.04,,5.0,replenishment,C,0.5,C · directional · ±50%,0.0,0.0,P-60WIP-AP-FIR,"Biom Fraser Fir All-Purpose Cleaning Wipes Refill - 60ct: Removes Dirt, Grease, Multi-Surface Use",D3-C2,12.0,READY_FOR_LAUNCH,Feb-27,,plan 0% / controller 100%
94723685,2027-03-01,0.0,0.0,1.0,0.0,4.0,0.0,0.0,5.0,4.0,1.1071428571428572,runrate_8wk 1.0,1.0,-1.0,17.6,0.24,,6.0,replenishment,C,0.5,C · directional · ±50%,0.0,0.0,P-60WIP-AP-FIR,"Biom Fraser Fir All-Purpose Cleaning Wipes Refill - 60ct: Removes Dirt, Grease, Multi-Surface Use",D3-C2,12.0,READY_FOR_LAUNCH,Mar-27,,plan 0% / controller 100%
94723685,2027-04-01,0.0,0.0,1.0,0.0,4.0,1.0,0.0,4.0,4.0,1.0714285714285714,runrate_8wk 1.0,1.0,-1.0,14.9,0.44,,7.0,replenishment,D,0.7,D · plan-based · ±70%,0.0,2.0,P-60WIP-AP-FIR,"Biom Fraser Fir All-Purpose Cleaning Wipes Refill - 60ct: Removes Dirt, Grease, Multi-Surface Use",D3-C2,12.0,READY_FOR_LAUNCH,Apr-27,,plan 0% / controller 100%
94723685,2027-05-01,1.0,0.0,1.25,0.0,5.0,1.0,0.0,4.0,3.0,1.1071428571428572,runrate_8wk 1.0,1.0,-0.0,12.5,0.72,,8.0,replenishment,D,0.7,D · plan-based · ±70%,0.0,2.0,P-60WIP-AP-FIR,"Biom Fraser Fir All-Purpose Cleaning Wipes Refill - 60ct: Removes Dirt, Grease, Multi-Surface Use",D3-C2,12.0,READY_FOR_LAUNCH,May-27,,plan 0% / controller 100%
94723685,2027-06-01,1.0,0.0,1.0,0.0,4.0,1.0,0.0,3.0,3.0,1.0714285714285714,runrate_8wk 1.0,1.0,-0.0,11.2,0.7,,9.0,replenishment,D,0.7,D · plan-based · ±70%,0.0,2.0,P-60WIP-AP-FIR,"Biom Fraser Fir All-Purpose Cleaning Wipes Refill - 60ct: Removes Dirt, Grease, Multi-Surface Use",D3-C2,12.0,READY_FOR_LAUNCH,Jun-27,,plan 0% / controller 100%
94723685,2027-07-01,1.0,0.0,1.0,0.0,4.0,1.0,0.0,3.0,3.0,1.1071428571428572,runrate_8wk 1.0,1.0,-0.0,10.3,0.74,,10.0,replenishment,D,0.7,D · plan-based · ±70%,0.0,2.0,P-60WIP-AP-FIR,"Biom Fraser Fir All-Purpose Cleaning Wipes Refill - 60ct: Removes Dirt, Grease, Multi-Surface Use",D3-C2,12.0,READY_FOR_LAUNCH,Jul-27,,plan 0% / controller 100%
94723685,2027-08-01,1.0,0.0,1.25,0.0,5.0,1.0,0.0,3.0,2.0,1.1071428571428572,runrate_8wk 1.0,1.0,-0.0,9.5,0.99,STEP_UP,11.0,replenishment,D,0.7,D · plan-based · ±70%,0.0,2.0,P-60WIP-AP-FIR,"Biom Fraser Fir All-Purpose Cleaning Wipes Refill - 60ct: Removes Dirt, Grease, Multi-Surface Use",D3-C2,12.0,READY_FOR_LAUNCH,Aug-27,STEP_UP,plan 0% / controller 100%
94723685,2027-09-01,1.0,0.0,1.0,0.0,4.0,1.0,0.0,2.0,2.0,1.0714285714285714,runrate_8wk 1.0,1.0,-0.0,9.1,0.85,,12.0,replenishment,D,0.7,D · plan-based · ±70%,0.0,2.0,P-60WIP-AP-FIR,"Biom Fraser Fir All-Purpose Cleaning Wipes Refill - 60ct: Removes Dirt, Grease, Multi-Surface Use",D3-C2,12.0,READY_FOR_LAUNCH,Sep-27,,plan 0% / controller 100%
94723685,2027-10-01,1.0,0.0,1.25,0.0,5.0,1.0,0.0,2.0,2.0,1.1071428571428572,runrate_8wk 1.0,1.0,0.0,8.7,1.06,,13.0,replenishment,E,1.0,E · indicative · ±100%,0.0,2.0,P-60WIP-AP-FIR,"Biom Fraser Fir All-Purpose Cleaning Wipes Refill - 60ct: Removes Dirt, Grease, Multi-Surface Use",D3-C2,12.0,READY_FOR_LAUNCH,Oct-27,,plan 0% / controller 100%
94723685,2027-11-01,1.0,0.0,1.0,0.0,4.0,1.0,0.0,2.0,2.0,1.0714285714285714,runrate_8wk 1.0,1.0,-0.0,8.5,0.9,,14.0,replenishment,E,1.0,E · indicative · ±100%,0.0,2.0,P-60WIP-AP-FIR,"Biom Fraser Fir All-Purpose Cleaning Wipes Refill - 60ct: Removes Dirt, Grease, Multi-Surface Use",D3-C2,12.0,READY_FOR_LAUNCH,Nov-27,,plan 0% / controller 100%
94723685,2027-12-01,1.0,0.0,0.9642857142857143,0.0,4.0,1.0,0.0,2.0,2.0,1.1071428571428572,runrate_8wk 1.0,1.0,-0.0,8.5,0.83,,15.0,replenishment,E,1.0,E · indicative · ±100%,0.0,2.0,P-60WIP-AP-FIR,"Biom Fraser Fir All-Purpose Cleaning Wipes Refill - 60ct: Removes Dirt, Grease, Multi-Surface Use",D3-C2,12.0,READY_FOR_LAUNCH,Dec-27,,plan 0% / controller 100%
94723686,2026-09-01,1.0,0.0,0.5,0.0,4.0,1.0,0.0,0.0,0.0,0.5357142857142857,runrate_8wk 1.0,1.0,0.0,0.6,1.4,,0.0,replenishment,C,0.5,C · directional · ±50%,0.0,2.0,P-60WIP-AP-PEP,Biom Peppermint All-Purpose Cleaning Wipes Refill - 60ct,D3-C2,12.0,READY_FOR_LAUNCH,Sep-26,,plan 0% / controller 100%
94723686,2026-10-01,1.0,0.0,0.5,0.0,4.0,1.0,0.0,0.0,0.0,0.5535714285714286,runrate_8wk 1.0,1.0,0.0,2.5,1.28,,1.0,replenishment,C,0.5,C · directional · ±50%,0.0,2.0,P-60WIP-AP-PEP,Biom Peppermint All-Purpose Cleaning Wipes Refill - 60ct,D3-C2,12.0,READY_FOR_LAUNCH,Oct-26,,plan 0% / controller 100%
94723686,2026-11-01,1.0,0.0,0.625,0.0,5.0,1.0,0.0,0.0,1.0,0.5357142857142857,runrate_8wk 1.0,1.0,0.0,4.4,1.51,,2.0,replenishment,C,0.5,C · directional · ±50%,0.0,2.0,P-60WIP-AP-PEP,Biom Peppermint All-Purpose Cleaning Wipes Refill - 60ct,D3-C2,12.0,READY_FOR_LAUNCH,Nov-26,,plan 0% / controller 100%
94723686,2026-12-01,1.0,0.0,0.5,0.0,4.0,1.0,0.0,1.0,1.0,0.5535714285714286,runrate_8wk 1.0,1.0,0.0,5.4,1.08,,3.0,replenishment,C,0.5,C · directional · ±50%,0.0,2.0,P-60WIP-AP-PEP,Biom Peppermint All-Purpose Cleaning Wipes Refill - 60ct,D3-C2,12.0,READY_FOR_LAUNCH,Dec-26,,plan 0% / controller 100%
94723686,2027-01-01,1.0,0.0,0.625,0.0,5.0,1.0,0.0,1.0,1.0,0.5535714285714286,runrate_8wk 1.0,1.0,0.0,6.3,1.28,,4.0,replenishment,C,0.5,C · directional · ±50%,0.0,2.0,P-60WIP-AP-PEP,Biom Peppermint All-Purpose Cleaning Wipes Refill - 60ct,D3-C2,12.0,READY_FOR_LAUNCH,Jan-27,,plan 0% / controller 100%
94723686,2027-02-01,1.0,0.0,0.5,0.0,4.0,1.0,0.0,1.0,1.0,0.5,runrate_8wk 1.0,0.0,0.0,6.8,1.09,,5.0,replenishment,C,0.5,C · directional · ±50%,0.0,2.0,P-60WIP-AP-PEP,Biom Peppermint All-Purpose Cleaning Wipes Refill - 60ct,D3-C2,12.0,READY_FOR_LAUNCH,Feb-27,,plan 0% / controller 100%
94723686,2027-03-01,1.0,0.0,0.5,0.0,4.0,1.0,0.0,1.0,1.0,0.5535714285714286,runrate_8wk 1.0,1.0,-0.0,7.1,0.96,,6.0,replenishment,C,0.5,C · directional · ±50%,0.0,2.0,P-60WIP-AP-PEP,Biom Peppermint All-Purpose Cleaning Wipes Refill - 60ct,D3-C2,12.0,READY_FOR_LAUNCH,Mar-27,,plan 0% / controller 100%
94723686,2027-04-01,1.0,0.0,0.5,0.0,4.0,1.0,0.0,1.0,1.0,0.5357142857142857,runrate_8wk 1.0,1.0,-0.0,7.4,0.98,,7.0,replenishment,D,0.7,D · plan-based · ±70%,0.0,2.0,P-60WIP-AP-PEP,Biom Peppermint All-Purpose Cleaning Wipes Refill - 60ct,D3-C2,12.0,READY_FOR_LAUNCH,Apr-27,,plan 0% / controller 100%
94723686,2027-05-01,1.0,0.0,0.625,0.0,5.0,1.0,0.0,1.0,1.0,0.5535714285714286,runrate_8wk 1.0,1.0,0.0,7.6,1.17,,8.0,replenishment,D,0.7,D · plan-based · ±70%,0.0,2.0,P-60WIP-AP-PEP,Biom Peppermint All-Purpose Cleaning Wipes Refill - 60ct,D3-C2,12.0,READY_FOR_LAUNCH,May-27,,plan 0% / controller 100%
94723686,2027-06-01,1.0,0.0,0.5,0.0,4.0,1.0,0.0,1.0,1.0,0.5357142857142857,runrate_8wk 1.0,1.0,-0.0,7.7,0.95,,9.0,replenishment,D,0.7,D · plan-based · ±70%,0.0,2.0,P-60WIP-AP-PEP,Biom Peppermint All-Purpose Cleaning Wipes Refill - 60ct,D3-C2,12.0,READY_FOR_LAUNCH,Jun-27,,plan 0% / controller 100%
94723686,2027-07-01,1.0,0.0,0.5,0.0,4.0,1.0,0.0,1.0,1.0,0.5535714285714286,runrate_8wk 1.0,1.0,-0.0,7.8,0.92,,10.0,replenishment,D,0.7,D · plan-based · ±70%,0.0,2.0,P-60WIP-AP-PEP,Biom Peppermint All-Purpose Cleaning Wipes Refill - 60ct,D3-C2,12.0,READY_FOR_LAUNCH,Jul-27,,plan 0% / controller 100%
94723686,2027-08-01,1.0,0.0,0.625,0.0,5.0,1.0,0.0,1.0,1.0,0.5535714285714286,runrate_8wk 1.0,1.0,0.0,7.9,1.14,,11.0,replenishment,D,0.7,D · plan-based · ±70%,0.0,2.0,P-60WIP-AP-PEP,Biom Peppermint All-Purpose Cleaning Wipes Refill - 60ct,D3-C2,12.0,READY_FOR_LAUNCH,Aug-27,,plan 0% / controller 100%
94723686,2027-09-01,1.0,0.0,0.5,0.0,4.0,1.0,0.0,1.0,1.0,0.5357142857142857,runrate_8wk 1.0,1.0,-0.0,7.9,0.94,,12.0,replenishment,D,0.7,D · plan-based · ±70%,0.0,2.0,P-60WIP-AP-PEP,Biom Peppermint All-Purpose Cleaning Wipes Refill - 60ct,D3-C2,12.0,READY_FOR_LAUNCH,Sep-27,,plan 0% / controller 100%
94723686,2027-10-01,1.0,0.0,0.625,0.0,5.0,1.0,0.0,1.0,1.0,0.5535714285714286,runrate_8wk 1.0,1.0,0.0,7.9,1.13,,13.0,replenishment,E,1.0,E · indicative · ±100%,0.0,2.0,P-60WIP-AP-PEP,Biom Peppermint All-Purpose Cleaning Wipes Refill - 60ct,D3-C2,12.0,READY_FOR_LAUNCH,Oct-27,,plan 0% / controller 100%
94723686,2027-11-01,1.0,0.0,0.5,0.0,4.0,1.0,0.0,1.0,1.0,0.5357142857142857,runrate_8wk 1.0,1.0,-0.0,8.0,0.94,,14.0,replenishment,E,1.0,E · indicative · ±100%,0.0,2.0,P-60WIP-AP-PEP,Biom Peppermint All-Purpose Cleaning Wipes Refill - 60ct,D3-C2,12.0,READY_FOR_LAUNCH,Nov-27,,plan 0% / controller 100%
94723686,2027-12-01,0.0,0.0,0.48214285714285715,0.0,4.0,1.0,0.0,1.0,1.0,0.5535714285714286,runrate_8wk 1.0,1.0,-0.0,8.1,0.86,,15.0,replenishment,E,1.0,E · indicative · ±100%,0.0,2.0,P-60WIP-AP-PEP,Biom Peppermint All-Purpose Cleaning Wipes Refill - 60ct,D3-C2,12.0,READY_FOR_LAUNCH,Dec-27,,plan 0% / controller 100%
94723687,2026-09-01,0.0,0.0,-2.5,0.0,4.0,0.0,0.0,0.0,3.0,-2.6785714285714284,runrate_8wk 1.0,-3.0,3.0,-4.7,-0.0,,0.0,replenishment,C,0.5,C · directional · ±50%,0.0,0.0,P-6DIS-WHI,"Biom Mini Refillable Wipe Dispenser - Bone: BPA-Free, Silicone, 6 Height",D3-C2,6.0,READY_FOR_LAUNCH,Sep-26,NEW_TCIN_NO_HISTORY,plan 0% / controller 100%
94723687,2026-10-01,0.0,0.0,-2.5,0.0,4.0,0.0,0.0,3.0,5.0,-2.767857142857143,runrate_8wk 1.0,-3.0,3.0,-8.7,-0.0,,1.0,replenishment,C,0.5,C · directional · ±50%,0.0,0.0,P-6DIS-WHI,"Biom Mini Refillable Wipe Dispenser - Bone: BPA-Free, Silicone, 6 Height",D3-C2,6.0,READY_FOR_LAUNCH,Oct-26,NEW_TCIN_NO_HISTORY,plan 0% / controller 100%
94723687,2026-11-01,0.0,0.0,-3.125,0.0,5.0,0.0,0.0,5.0,9.0,-2.6785714285714284,runrate_8wk 1.0,-3.0,3.0,-13.7,-0.0,,2.0,replenishment,C,0.5,C · directional · ±50%,0.0,0.0,P-6DIS-WHI,"Biom Mini Refillable Wipe Dispenser - Bone: BPA-Free, Silicone, 6 Height",D3-C2,6.0,READY_FOR_LAUNCH,Nov-26,NEW_TCIN_NO_HISTORY,plan 0% / controller 100%
94723687,2026-12-01,0.0,0.0,-2.5,0.0,4.0,0.0,0.0,9.0,11.0,-2.767857142857143,runrate_8wk 1.0,-3.0,3.0,-17.7,-0.0,,3.0,replenishment,D,0.7,D · plan-based · ±70%,0.0,0.0,P-6DIS-WHI,"Biom Mini Refillable Wipe Dispenser - Bone: BPA-Free, Silicone, 6 Height",D3-C2,6.0,READY_FOR_LAUNCH,Dec-26,NEW_TCIN_NO_HISTORY,plan 0% / controller 100%
94723687,2027-01-01,0.0,0.0,-3.125,0.0,5.0,0.0,0.0,11.0,14.0,-2.767857142857143,runrate_8wk 1.0,-3.0,3.0,-22.7,-0.0,,4.0,replenishment,D,0.7,D · plan-based · ±70%,0.0,0.0,P-6DIS-WHI,"Biom Mini Refillable Wipe Dispenser - Bone: BPA-Free, Silicone, 6 Height",D3-C2,6.0,READY_FOR_LAUNCH,Jan-27,NEW_TCIN_NO_HISTORY,plan 0% / controller 100%
94723687,2027-02-01,0.0,0.0,-2.5,0.0,4.0,0.0,0.0,14.0,17.0,-2.5,runrate_8wk 1.0,-2.0,2.0,-26.7,-0.0,,5.0,replenishment,D,0.7,D · plan-based · ±70%,0.0,0.0,P-6DIS-WHI,"Biom Mini Refillable Wipe Dispenser - Bone: BPA-Free, Silicone, 6 Height",D3-C2,6.0,READY_FOR_LAUNCH,Feb-27,NEW_TCIN_NO_HISTORY,plan 0% / controller 100%
94723687,2027-03-01,0.0,0.0,-2.5,0.0,4.0,0.0,0.0,17.0,19.0,-2.767857142857143,runrate_8wk 1.0,-3.0,3.0,-30.7,-0.0,,6.0,replenishment,D,0.7,D · plan-based · ±70%,0.0,0.0,P-6DIS-WHI,"Biom Mini Refillable Wipe Dispenser - Bone: BPA-Free, Silicone, 6 Height",D3-C2,6.0,READY_FOR_LAUNCH,Mar-27,NEW_TCIN_NO_HISTORY,plan 0% / controller 100%
94723687,2027-04-01,0.0,0.0,-2.5,0.0,4.0,0.0,0.0,19.0,22.0,-2.6785714285714284,runrate_8wk 1.0,-3.0,3.0,-34.7,-0.0,,7.0,replenishment,D,0.7,D · plan-based · ±70%,0.0,0.0,P-6DIS-WHI,"Biom Mini Refillable Wipe Dispenser - Bone: BPA-Free, Silicone, 6 Height",D3-C2,6.0,READY_FOR_LAUNCH,Apr-27,NEW_TCIN_NO_HISTORY,plan 0% / controller 100%
94723687,2027-05-01,0.0,0.0,-3.125,0.0,5.0,0.0,0.0,22.0,25.0,-2.767857142857143,runrate_8wk 1.0,-3.0,3.0,-39.7,-0.0,,8.0,replenishment,D,0.7,D · plan-based · ±70%,0.0,0.0,P-6DIS-WHI,"Biom Mini Refillable Wipe Dispenser - Bone: BPA-Free, Silicone, 6 Height",D3-C2,6.0,READY_FOR_LAUNCH,May-27,NEW_TCIN_NO_HISTORY,plan 0% / controller 100%
94723687,2027-06-01,0.0,0.0,-2.5,0.0,4.0,0.0,0.0,25.0,27.0,-2.6785714285714284,runrate_8wk 1.0,-3.0,3.0,-43.7,-0.0,,9.0,replenishment,D,0.7,D · plan-based · ±70%,0.0,0.0,P-6DIS-WHI,"Biom Mini Refillable Wipe Dispenser - Bone: BPA-Free, Silicone, 6 Height",D3-C2,6.0,READY_FOR_LAUNCH,Jun-27,NEW_TCIN_NO_HISTORY,plan 0% / controller 100%
94723687,2027-07-01,0.0,0.0,-2.5,0.0,4.0,0.0,0.0,27.0,30.0,-2.767857142857143,runrate_8wk 1.0,-3.0,3.0,-47.7,-0.0,,10.0,replenishment,D,0.7,D · plan-based · ±70%,0.0,0.0,P-6DIS-WHI,"Biom Mini Refillable Wipe Dispenser - Bone: BPA-Free, Silicone, 6 Height",D3-C2,6.0,READY_FOR_LAUNCH,Jul-27,NEW_TCIN_NO_HISTORY,plan 0% / controller 100%
94723687,2027-08-01,0.0,0.0,-3.125,0.0,5.0,0.0,0.0,30.0,33.0,-2.767857142857143,runrate_8wk 1.0,-3.0,3.0,-52.7,-0.0,,11.0,replenishment,D,0.7,D · plan-based · ±70%,0.0,0.0,P-6DIS-WHI,"Biom Mini Refillable Wipe Dispenser - Bone: BPA-Free, Silicone, 6 Height",D3-C2,6.0,READY_FOR_LAUNCH,Aug-27,NEW_TCIN_NO_HISTORY,plan 0% / controller 100%
94723687,2027-09-01,0.0,0.0,-2.5,0.0,4.0,0.0,0.0,33.0,35.0,-2.6785714285714284,runrate_8wk 1.0,-3.0,3.0,-56.7,-0.0,,12.0,replenishment,D,0.7,D · plan-based · ±70%,0.0,0.0,P-6DIS-WHI,"Biom Mini Refillable Wipe Dispenser - Bone: BPA-Free, Silicone, 6 Height",D3-C2,6.0,READY_FOR_LAUNCH,Sep-27,NEW_TCIN_NO_HISTORY,plan 0% / controller 100%
94723687,2027-10-01,0.0,0.0,-3.125,0.0,5.0,0.0,0.0,35.0,39.0,-2.767857142857143,runrate_8wk 1.0,-3.0,3.0,-61.7,-0.0,,13.0,replenishment,E,1.0,E · indicative · ±100%,0.0,0.0,P-6DIS-WHI,"Biom Mini Refillable Wipe Dispenser - Bone: BPA-Free, Silicone, 6 Height",D3-C2,6.0,READY_FOR_LAUNCH,Oct-27,NEW_TCIN_NO_HISTORY,plan 0% / controller 100%
94723687,2027-11-01,0.0,0.0,-2.5,0.0,4.0,0.0,0.0,39.0,41.0,-2.6785714285714284,runrate_8wk 1.0,-3.0,3.0,-65.7,-0.0,,14.0,replenishment,E,1.0,E · indicative · ±100%,0.0,0.0,P-6DIS-WHI,"Biom Mini Refillable Wipe Dispenser - Bone: BPA-Free, Silicone, 6 Height",D3-C2,6.0,READY_FOR_LAUNCH,Nov-27,NEW_TCIN_NO_HISTORY,plan 0% / controller 100%
94723687,2027-12-01,0.0,0.0,-2.4107142857142856,0.0,4.0,0.0,0.0,41.0,43.0,-2.767857142857143,runrate_8wk 1.0,-3.0,3.0,-69.6,-0.0,,15.0,replenishment,E,1.0,E · indicative · ±100%,0.0,0.0,P-6DIS-WHI,"Biom Mini Refillable Wipe Dispenser - Bone: BPA-Free, Silicone, 6 Height",D3-C2,6.0,READY_FOR_LAUNCH,Dec-27,NEW_TCIN_NO_HISTORY,plan 0% / controller 100%
94723688,2026-09-01,1.0,0.0,4.392471275233744,0.0,4.0,1.0,0.0,24.0,20.0,4.706219223464726,runrate_8wk 0.59 | owner_velocity 0.41,5.0,-4.0,10.6,0.2,,0.0,replenishment,C,0.5,C · directional · ±50%,0.0,2.0,P-DIS-TER,Biom Refillable Plant-Based Wipes Dispenser - Terracotta,D3-C2,6.0,READY_FOR_LAUNCH,Sep-26,,plan 0% / controller 100%
94723688,2026-10-01,2.0,0.0,4.392471275233744,0.0,4.0,2.0,0.0,20.0,17.0,4.863093197580216,runrate_8wk 0.59 | owner_velocity 0.41,5.0,-3.0,8.9,0.39,,1.0,replenishment,C,0.5,C · directional · ±50%,1.0,3.0,P-DIS-TER,Biom Refillable Plant-Based Wipes Dispenser - Terracotta,D3-C2,6.0,READY_FOR_LAUNCH,Oct-26,,plan 0% / controller 100%
94723688,2026-11-01,3.0,0.0,5.49058909404218,0.0,5.0,3.0,0.0,17.0,14.0,4.706219223464726,runrate_8wk 0.59 | owner_velocity 0.41,5.0,-1.0,7.5,0.71,,2.0,replenishment,C,0.5,C · directional · ±50%,2.0,4.0,P-DIS-TER,Biom Refillable Plant-Based Wipes Dispenser - Terracotta,D3-C2,6.0,READY_FOR_LAUNCH,Nov-26,,plan 0% / controller 100%
94723688,2026-12-01,3.0,0.0,4.392471275233744,0.0,4.0,3.0,0.0,14.0,13.0,4.863093197580216,runrate_8wk 0.59 | owner_velocity 0.41,5.0,-2.0,6.7,0.66,,3.0,replenishment,C,0.5,C · directional · ±50%,2.0,4.0,P-DIS-TER,Biom Refillable Plant-Based Wipes Dispenser - Terracotta,D3-C2,6.0,READY_FOR_LAUNCH,Dec-26,,plan 0% / controller 100%
94723688,2027-01-01,4.0,0.0,5.49058909404218,0.0,5.0,4.0,0.0,13.0,11.0,4.863093197580216,runrate_8wk 0.59 | owner_velocity 0.41,5.0,-0.0,6.0,0.92,STEP_UP,4.0,replenishment,C,0.5,C · directional · ±50%,2.0,6.0,P-DIS-TER,Biom Refillable Plant-Based Wipes Dispenser - Terracotta,D3-C2,6.0,READY_FOR_LAUNCH,Jan-27,STEP_UP,plan 0% / controller 100%
94723688,2027-02-01,4.0,0.0,4.392471275233744,0.0,4.0,4.0,0.0,11.0,11.0,4.392471275233744,runrate_8wk 0.59 | owner_velocity 0.41,4.0,-1.0,5.6,0.88,,5.0,replenishment,C,0.5,C · directional · ±50%,2.0,6.0,P-DIS-TER,Biom Refillable Plant-Based Wipes Dispenser - Terracotta,D3-C2,6.0,READY_FOR_LAUNCH,Feb-27,,plan 0% / controller 100%
94723688,2027-03-01,4.0,0.0,4.392471275233744,0.0,4.0,4.0,0.0,11.0,10.0,4.863093197580216,runrate_8wk 0.59 | owner_velocity 0.41,5.0,-1.0,5.4,0.82,,6.0,replenishment,C,0.5,C · directional · ±50%,2.0,6.0,P-DIS-TER,Biom Refillable Plant-Based Wipes Dispenser - Terracotta,D3-C2,6.0,READY_FOR_LAUNCH,Mar-27,,plan 0% / controller 100%
94723688,2027-04-01,4.0,0.0,4.392471275233744,0.0,4.0,5.0,0.0,10.0,10.0,4.706219223464726,runrate_8wk 0.59 | owner_velocity 0.41,5.0,-1.0,5.2,0.87,,7.0,replenishment,D,0.7,D · plan-based · ±70%,2.0,8.0,P-DIS-TER,Biom Refillable Plant-Based Wipes Dispenser - Terracotta,D3-C2,6.0,READY_FOR_LAUNCH,Apr-27,,plan 0% / controller 100%
94723688,2027-05-01,5.0,0.0,5.49058909404218,0.0,5.0,4.0,0.0,10.0,9.0,4.863093197580216,runrate_8wk 0.59 | owner_velocity 0.41,5.0,0.0,5.0,1.08,,8.0,replenishment,D,0.7,D · plan-based · ±70%,1.0,7.0,P-DIS-TER,Biom Refillable Plant-Based Wipes Dispenser - Terracotta,D3-C2,6.0,READY_FOR_LAUNCH,May-27,,plan 0% / controller 100%
94723688,2027-06-01,4.0,0.0,4.392471275233744,0.0,4.0,4.0,0.0,9.0,9.0,4.706219223464726,runrate_8wk 0.59 | owner_velocity 0.41,5.0,-0.0,4.9,0.91,,9.0,replenishment,D,0.7,D · plan-based · ±70%,1.0,7.0,P-DIS-TER,Biom Refillable Plant-Based Wipes Dispenser - Terracotta,D3-C2,6.0,READY_FOR_LAUNCH,Jun-27,,plan 0% / controller 100%
94723688,2027-07-01,4.0,0.0,4.392471275233744,0.0,4.0,5.0,0.0,9.0,9.0,4.863093197580216,runrate_8wk 0.59 | owner_velocity 0.41,5.0,-1.0,4.8,0.88,,10.0,replenishment,D,0.7,D · plan-based · ±70%,2.0,8.0,P-DIS-TER,Biom Refillable Plant-Based Wipes Dispenser - Terracotta,D3-C2,6.0,READY_FOR_LAUNCH,Jul-27,,plan 0% / controller 100%
94723688,2027-08-01,5.0,0.0,5.49058909404218,0.0,5.0,4.0,0.0,9.0,9.0,4.863093197580216,runrate_8wk 0.59 | owner_velocity 0.41,5.0,1.0,4.8,1.11,,11.0,replenishment,D,0.7,D · plan-based · ±70%,1.0,7.0,P-DIS-TER,Biom Refillable Plant-Based Wipes Dispenser - Terracotta,D3-C2,6.0,READY_FOR_LAUNCH,Aug-27,,plan 0% / controller 100%
94723688,2027-09-01,4.0,0.0,4.392471275233744,0.0,4.0,4.0,0.0,9.0,9.0,4.706219223464726,runrate_8wk 0.59 | owner_velocity 0.41,5.0,-0.0,4.8,0.92,,12.0,replenishment,D,0.7,D · plan-based · ±70%,1.0,7.0,P-DIS-TER,Biom Refillable Plant-Based Wipes Dispenser - Terracotta,D3-C2,6.0,READY_FOR_LAUNCH,Sep-27,,plan 0% / controller 100%
94723688,2027-10-01,5.0,0.0,5.49058909404218,0.0,5.0,5.0,0.0,9.0,9.0,4.863093197580216,runrate_8wk 0.59 | owner_velocity 0.41,5.0,1.0,4.7,1.12,,13.0,replenishment,E,1.0,E · indicative · ±100%,0.0,10.0,P-DIS-TER,Biom Refillable Plant-Based Wipes Dispenser - Terracotta,D3-C2,6.0,READY_FOR_LAUNCH,Oct-27,,plan 0% / controller 100%
94723688,2027-11-01,4.0,0.0,4.392471275233744,0.0,4.0,4.0,0.0,9.0,9.0,4.706219223464726,runrate_8wk 0.59 | owner_velocity 0.41,5.0,-0.0,4.7,0.93,,14.0,replenishment,E,1.0,E · indicative · ±100%,0.0,8.0,P-DIS-TER,Biom Refillable Plant-Based Wipes Dispenser - Terracotta,D3-C2,6.0,READY_FOR_LAUNCH,Nov-27,,plan 0% / controller 100%
94723688,2027-12-01,4.0,0.0,4.235597301118253,0.0,4.0,5.0,0.0,9.0,9.0,4.863093197580216,runrate_8wk 0.59 | owner_velocity 0.41,5.0,-1.0,4.8,0.85,,15.0,replenishment,E,1.0,E · indicative · ±100%,0.0,10.0,P-DIS-TER,Biom Refillable Plant-Based Wipes Dispenser - Terracotta,D3-C2,6.0,READY_FOR_LAUNCH,Dec-27,,plan 0% / controller 100%
94723689,2026-09-01,2.0,0.0,3.0,0.0,4.0,1.0,0.0,11.0,9.0,3.2142857142857144,runrate_8wk 1.0,3.0,-1.0,11.9,0.59,,0.0,replenishment,C,0.5,C · directional · ±50%,0.0,2.0,P-40WIP-6IN-AP-VAN,"Biom Tres Vanille All-Purpose Cleaning Mini Wipes - 40ct: Refill Pouch, Removes Dirt",D3-C2,12.0,READY_FOR_LAUNCH,Sep-26,,plan 0% / controller 100%
94723689,2026-10-01,2.0,0.0,3.0,0.0,4.0,3.0,0.0,9.0,8.0,3.3214285714285716,runrate_8wk 1.0,3.0,-1.0,10.7,0.71,,1.0,replenishment,C,0.5,C · directional · ±50%,2.0,4.0,P-40WIP-6IN-AP-VAN,"Biom Tres Vanille All-Purpose Cleaning Mini Wipes - 40ct: Refill Pouch, Removes Dirt",D3-C2,12.0,READY_FOR_LAUNCH,Oct-26,,plan 0% / controller 100%
94723689,2026-11-01,3.0,0.0,3.75,0.0,5.0,3.0,0.0,8.0,7.0,3.2142857142857144,runrate_8wk 1.0,3.0,0.0,9.7,1.0,STEP_UP,2.0,replenishment,C,0.5,C · directional · ±50%,2.0,4.0,P-40WIP-6IN-AP-VAN,"Biom Tres Vanille All-Purpose Cleaning Mini Wipes - 40ct: Refill Pouch, Removes Dirt",D3-C2,12.0,READY_FOR_LAUNCH,Nov-26,STEP_UP,plan 0% / controller 100%
94723689,2026-12-01,3.0,0.0,3.0,0.0,4.0,3.0,0.0,7.0,7.0,3.3214285714285716,runrate_8wk 1.0,3.0,-1.0,9.2,0.82,,3.0,replenishment,C,0.5,C · directional · ±50%,2.0,4.0,P-40WIP-6IN-AP-VAN,"Biom Tres Vanille All-Purpose Cleaning Mini Wipes - 40ct: Refill Pouch, Removes Dirt",D3-C2,12.0,READY_FOR_LAUNCH,Dec-26,,plan 0% / controller 100%
94723689,2027-01-01,4.0,0.0,3.75,0.0,5.0,3.0,0.0,7.0,7.0,3.3214285714285716,runrate_8wk 1.0,3.0,0.0,8.8,1.05,,4.0,replenishment,C,0.5,C · directional · ±50%,2.0,4.0,P-40WIP-6IN-AP-VAN,"Biom Tres Vanille All-Purpose Cleaning Mini Wipes - 40ct: Refill Pouch, Removes Dirt",D3-C2,12.0,READY_FOR_LAUNCH,Jan-27,,plan 0% / controller 100%
94723689,2027-02-01,3.0,0.0,3.0,0.0,4.0,3.0,0.0,7.0,6.0,3.0,runrate_8wk 1.0,3.0,-0.0,8.6,0.95,,5.0,replenishment,C,0.5,C · directional · ±50%,2.0,4.0,P-40WIP-6IN-AP-VAN,"Biom Tres Vanille All-Purpose Cleaning Mini Wipes - 40ct: Refill Pouch, Removes Dirt",D3-C2,12.0,READY_FOR_LAUNCH,Feb-27,,plan 0% / controller 100%
94723689,2027-03-01,3.0,0.0,3.0,0.0,4.0,3.0,0.0,6.0,6.0,3.3214285714285716,runrate_8wk 1.0,3.0,-0.0,8.4,0.87,,6.0,replenishment,C,0.5,C · directional · ±50%,2.0,4.0,P-40WIP-6IN-AP-VAN,"Biom Tres Vanille All-Purpose Cleaning Mini Wipes - 40ct: Refill Pouch, Removes Dirt",D3-C2,12.0,READY_FOR_LAUNCH,Mar-27,,plan 0% / controller 100%
94723689,2027-04-01,3.0,0.0,3.0,0.0,4.0,4.0,0.0,6.0,6.0,3.2142857142857144,runrate_8wk 1.0,3.0,-0.0,8.3,0.91,,7.0,replenishment,D,0.7,D · plan-based · ±70%,1.0,7.0,P-40WIP-6IN-AP-VAN,"Biom Tres Vanille All-Purpose Cleaning Mini Wipes - 40ct: Refill Pouch, Removes Dirt",D3-C2,12.0,READY_FOR_LAUNCH,Apr-27,,plan 0% / controller 100%
94723689,2027-05-01,4.0,0.0,3.75,0.0,5.0,3.0,0.0,6.0,6.0,3.3214285714285716,runrate_8wk 1.0,3.0,0.0,8.2,1.11,,8.0,replenishment,D,0.7,D · plan-based · ±70%,1.0,5.0,P-40WIP-6IN-AP-VAN,"Biom Tres Vanille All-Purpose Cleaning Mini Wipes - 40ct: Refill Pouch, Removes Dirt",D3-C2,12.0,READY_FOR_LAUNCH,May-27,,plan 0% / controller 100%
94723689,2027-06-01,3.0,0.0,3.0,0.0,4.0,3.0,0.0,6.0,6.0,3.2142857142857144,runrate_8wk 1.0,3.0,-0.0,8.1,0.92,,9.0,replenishment,D,0.7,D · plan-based · ±70%,1.0,5.0,P-40WIP-6IN-AP-VAN,"Biom Tres Vanille All-Purpose Cleaning Mini Wipes - 40ct: Refill Pouch, Removes Dirt",D3-C2,12.0,READY_FOR_LAUNCH,Jun-27,,plan 0% / controller 100%
94723689,2027-07-01,3.0,0.0,3.0,0.0,4.0,4.0,0.0,6.0,6.0,3.3214285714285716,runrate_8wk 1.0,3.0,-0.0,8.1,0.9,,10.0,replenishment,D,0.7,D · plan-based · ±70%,1.0,7.0,P-40WIP-6IN-AP-VAN,"Biom Tres Vanille All-Purpose Cleaning Mini Wipes - 40ct: Refill Pouch, Removes Dirt",D3-C2,12.0,READY_FOR_LAUNCH,Jul-27,,plan 0% / controller 100%
94723689,2027-08-01,4.0,0.0,3.75,0.0,5.0,3.0,0.0,6.0,6.0,3.3214285714285716,runrate_8wk 1.0,3.0,0.0,8.1,1.12,,11.0,replenishment,D,0.7,D · plan-based · ±70%,1.0,5.0,P-40WIP-6IN-AP-VAN,"Biom Tres Vanille All-Purpose Cleaning Mini Wipes - 40ct: Refill Pouch, Removes Dirt",D3-C2,12.0,READY_FOR_LAUNCH,Aug-27,,plan 0% / controller 100%
94723689,2027-09-01,3.0,0.0,3.0,0.0,4.0,3.0,0.0,6.0,6.0,3.2142857142857144,runrate_8wk 1.0,3.0,-0.0,8.0,0.93,,12.0,replenishment,D,0.7,D · plan-based · ±70%,1.0,5.0,P-40WIP-6IN-AP-VAN,"Biom Tres Vanille All-Purpose Cleaning Mini Wipes - 40ct: Refill Pouch, Removes Dirt",D3-C2,12.0,READY_FOR_LAUNCH,Sep-27,,plan 0% / controller 100%
94723689,2027-10-01,4.0,0.0,3.75,0.0,5.0,4.0,0.0,6.0,6.0,3.3214285714285716,runrate_8wk 1.0,3.0,0.0,8.0,1.13,,13.0,replenishment,E,1.0,E · indicative · ±100%,0.0,8.0,P-40WIP-6IN-AP-VAN,"Biom Tres Vanille All-Purpose Cleaning Mini Wipes - 40ct: Refill Pouch, Removes Dirt",D3-C2,12.0,READY_FOR_LAUNCH,Oct-27,,plan 0% / controller 100%
94723689,2027-11-01,3.0,0.0,3.0,0.0,4.0,3.0,0.0,6.0,6.0,3.2142857142857144,runrate_8wk 1.0,3.0,-0.0,8.0,0.93,,14.0,replenishment,E,1.0,E · indicative · ±100%,0.0,6.0,P-40WIP-6IN-AP-VAN,"Biom Tres Vanille All-Purpose Cleaning Mini Wipes - 40ct: Refill Pouch, Removes Dirt",D3-C2,12.0,READY_FOR_LAUNCH,Nov-27,,plan 0% / controller 100%
94723689,2027-12-01,3.0,0.0,2.892857142857143,0.0,4.0,4.0,0.0,6.0,6.0,3.3214285714285716,runrate_8wk 1.0,3.0,-0.0,8.2,0.85,,15.0,replenishment,E,1.0,E · indicative · ±100%,0.0,8.0,P-40WIP-6IN-AP-VAN,"Biom Tres Vanille All-Purpose Cleaning Mini Wipes - 40ct: Refill Pouch, Removes Dirt",D3-C2,12.0,READY_FOR_LAUNCH,Dec-27,,plan 0% / controller 100%
94799734,2026-09-01,692.0,0.0,2672.0687476496637,1.0,4.0,452.0,0.0,13384.0,11044.0,2850.9409551816298,runrate_8wk 0.59 | owner_velocity 0.41,2851.0,-2159.0,16.0,0.24,,0.0,replenishment,B,0.3,B · good · ±30%,316.0,588.0,K-DIS-2BAB-WHI,"Biom 99% Water Hypoallergenic Baby Starter Kit - White - Fragrance Free - 120 wipes: Face, Hands, Nose, Whole Body, Diaper Area",D7,4.0,READY_FOR_LAUNCH,Sep-26,,plan 100% / controller 0%
94799734,2026-10-01,1140.0,0.0,2765.3231044286285,1.0,4.0,1104.0,0.0,11044.0,9194.0,3061.6077227602673,runrate_8wk 0.59 | owner_velocity 0.41,3062.0,-1922.0,13.3,0.37,,1.0,replenishment,B,0.3,B · good · ±30%,773.0,1435.0,K-DIS-2BAB-WHI,"Biom 99% Water Hypoallergenic Baby Starter Kit - White - Fragrance Free - 120 wipes: Face, Hands, Nose, Whole Body, Diaper Area",D7,4.0,READY_FOR_LAUNCH,Oct-26,,plan 100% / controller 0%
94799734,2026-11-01,2819.0,0.0,3622.8331443439697,0.0,5.0,2481.0,0.0,9194.0,7470.0,3085.941934304719,runrate_8wk 0.59 | owner_velocity 0.41,3086.0,-267.0,10.8,0.91,STEP_UP,2.0,replenishment,C,0.5,C · directional · ±50%,1240.0,3722.0,K-DIS-2BAB-WHI,"Biom 99% Water Hypoallergenic Baby Starter Kit - White - Fragrance Free - 120 wipes: Face, Hands, Nose, Whole Body, Diaper Area",D7,4.0,READY_FOR_LAUNCH,Nov-26,STEP_UP,plan 0% / controller 100%
94799734,2026-12-01,2721.0,0.0,3016.5205001291474,0.0,4.0,2650.0,0.0,7470.0,6895.0,3328.7255022433546,runrate_8wk 0.59 | owner_velocity 0.41,3329.0,-608.0,10.0,0.82,,3.0,replenishment,C,0.5,C · directional · ±50%,1325.0,3975.0,K-DIS-2BAB-WHI,"Biom 99% Water Hypoallergenic Baby Starter Kit - White - Fragrance Free - 120 wipes: Face, Hands, Nose, Whole Body, Diaper Area",D7,4.0,READY_FOR_LAUNCH,Dec-26,,plan 0% / controller 100%
94799734,2027-01-01,3853.0,0.0,3964.776727597683,0.0,5.0,3739.0,0.0,6895.0,6495.0,3482.636222838172,runrate_8wk 0.59 | owner_velocity 0.41,3483.0,370.0,9.4,1.11,,4.0,replenishment,C,0.5,C · directional · ±50%,1870.0,5608.0,K-DIS-2BAB-WHI,"Biom 99% Water Hypoallergenic Baby Starter Kit - White - Fragrance Free - 120 wipes: Face, Hands, Nose, Whole Body, Diaper Area",D7,4.0,READY_FOR_LAUNCH,Jan-27,,plan 0% / controller 100%
94799734,2027-02-01,3694.0,0.0,3532.2223480595976,0.0,4.0,3323.0,0.0,6495.0,6142.0,3298.524659194587,runrate_8wk 0.59 | owner_velocity 0.41,3299.0,395.0,8.9,1.12,,5.0,replenishment,C,0.5,C · directional · ±50%,1662.0,4984.0,K-DIS-2BAB-WHI,"Biom 99% Water Hypoallergenic Baby Starter Kit - White - Fragrance Free - 120 wipes: Face, Hands, Nose, Whole Body, Diaper Area",D7,4.0,READY_FOR_LAUNCH,Feb-27,,plan 0% / controller 100%
94799734,2027-03-01,5168.0,0.0,4418.821207235771,0.0,4.0,5024.0,0.0,6142.0,5848.0,4859.376074672752,runrate_8wk 0.59 | owner_velocity 0.41,4859.0,309.0,8.5,1.06,,6.0,replenishment,C,0.5,C · directional · ±50%,2512.0,7536.0,K-DIS-2BAB-WHI,"Biom 99% Water Hypoallergenic Baby Starter Kit - White - Fragrance Free - 120 wipes: Face, Hands, Nose, Whole Body, Diaper Area",D7,4.0,READY_FOR_LAUNCH,Mar-27,,plan 0% / controller 100%
94799734,2027-04-01,5506.0,0.0,4677.275007276779,0.0,4.0,5465.0,0.0,5848.0,6462.0,4999.695341125836,runrate_8wk 0.59 | owner_velocity 0.41,5000.0,507.0,9.4,1.1,,7.0,replenishment,D,0.7,D · plan-based · ±70%,1640.0,9290.0,K-DIS-2BAB-WHI,"Biom 99% Water Hypoallergenic Baby Starter Kit - White - Fragrance Free - 120 wipes: Face, Hands, Nose, Whole Body, Diaper Area",D7,4.0,READY_FOR_LAUNCH,Apr-27,,plan 0% / controller 100%
94799734,2027-05-01,7304.0,0.0,6274.131798106815,0.0,5.0,7168.0,0.0,6462.0,7222.0,5504.0252081693325,runrate_8wk 0.59 | owner_velocity 0.41,5504.0,1800.0,10.5,1.33,,8.0,replenishment,D,0.7,D · plan-based · ±70%,2150.0,12186.0,K-DIS-2BAB-WHI,"Biom 99% Water Hypoallergenic Baby Starter Kit - White - Fragrance Free - 120 wipes: Face, Hands, Nose, Whole Body, Diaper Area",D7,4.0,READY_FOR_LAUNCH,May-27,,plan 0% / controller 100%
94799734,2027-06-01,6167.0,0.0,5346.4128859290195,0.0,4.0,6107.0,0.0,7222.0,7806.0,5685.934741206055,runrate_8wk 0.59 | owner_velocity 0.41,5686.0,481.0,11.3,1.08,,9.0,replenishment,D,0.7,D · plan-based · ±70%,1832.0,10382.0,K-DIS-2BAB-WHI,"Biom 99% Water Hypoallergenic Baby Starter Kit - White - Fragrance Free - 120 wipes: Face, Hands, Nose, Whole Body, Diaper Area",D7,4.0,READY_FOR_LAUNCH,Jun-27,,plan 0% / controller 100%
94799734,2027-07-01,6518.0,0.0,5675.91672595708,0.0,4.0,6473.0,0.0,7806.0,8399.0,6284.050660881054,runrate_8wk 0.59 | owner_velocity 0.41,6284.0,234.0,12.2,1.04,,10.0,replenishment,D,0.7,D · plan-based · ±70%,1942.0,11004.0,K-DIS-2BAB-WHI,"Biom 99% Water Hypoallergenic Baby Starter Kit - White - Fragrance Free - 120 wipes: Face, Hands, Nose, Whole Body, Diaper Area",D7,4.0,READY_FOR_LAUNCH,Jul-27,,plan 0% / controller 100%
94799734,2027-08-01,8473.0,0.0,7458.712054948472,0.0,5.0,8417.0,0.0,8399.0,9235.0,6606.287820097217,runrate_8wk 0.59 | owner_velocity 0.41,6606.0,1867.0,13.4,1.28,,11.0,replenishment,D,0.7,D · plan-based · ±70%,2525.0,14309.0,K-DIS-2BAB-WHI,"Biom 99% Water Hypoallergenic Baby Starter Kit - White - Fragrance Free - 120 wipes: Face, Hands, Nose, Whole Body, Diaper Area",D7,4.0,READY_FOR_LAUNCH,Aug-27,,plan 0% / controller 100%
94799734,2027-09-01,6568.0,0.0,5966.969643958776,0.0,4.0,6617.0,0.0,9235.0,9985.0,6393.181761384403,runrate_8wk 0.59 | owner_velocity 0.41,6393.0,175.0,14.5,1.03,,12.0,replenishment,D,0.7,D · plan-based · ±70%,1985.0,11249.0,K-DIS-2BAB-WHI,"Biom 99% Water Hypoallergenic Baby Starter Kit - White - Fragrance Free - 120 wipes: Face, Hands, Nose, Whole Body, Diaper Area",D7,4.0,READY_FOR_LAUNCH,Sep-27,,plan 0% / controller 100%
94799734,2027-10-01,7978.0,0.0,7458.712054948471,0.0,5.0,8023.0,0.0,9985.0,10651.0,6606.287820097217,runrate_8wk 0.59 | owner_velocity 0.41,6606.0,1371.0,15.4,1.21,,13.0,replenishment,E,1.0,E · indicative · ±100%,0.0,16046.0,K-DIS-2BAB-WHI,"Biom 99% Water Hypoallergenic Baby Starter Kit - White - Fragrance Free - 120 wipes: Face, Hands, Nose, Whole Body, Diaper Area",D7,4.0,READY_FOR_LAUNCH,Oct-27,,plan 0% / controller 100%
94799734,2027-11-01,6251.0,0.0,5966.969643958776,0.0,4.0,6276.0,0.0,10651.0,11016.0,6393.181761384403,runrate_8wk 0.59 | owner_velocity 0.41,6393.0,-142.0,16.0,0.98,,14.0,replenishment,E,1.0,E · indicative · ±100%,0.0,12552.0,K-DIS-2BAB-WHI,"Biom 99% Water Hypoallergenic Baby Starter Kit - White - Fragrance Free - 120 wipes: Face, Hands, Nose, Whole Body, Diaper Area",D7,4.0,READY_FOR_LAUNCH,Nov-27,,plan 0% / controller 100%
94799734,2027-12-01,5851.0,0.0,5753.863585245963,0.0,4.0,6188.0,0.0,11016.0,11491.0,6606.287820097217,runrate_8wk 0.59 | owner_velocity 0.41,6606.0,-756.0,16.7,0.89,,15.0,replenishment,E,1.0,E · indicative · ±100%,0.0,12376.0,K-DIS-2BAB-WHI,"Biom 99% Water Hypoallergenic Baby Starter Kit - White - Fragrance Free - 120 wipes: Face, Hands, Nose, Whole Body, Diaper Area",D7,4.0,READY_FOR_LAUNCH,Dec-27,,plan 0% / controller 100%
94799736,2026-09-01,244.0,0.0,1486.2506434480022,0.0,4.0,148.0,0.0,8501.0,7040.0,1592.4114036943452,runrate_8wk 0.59 | owner_velocity 0.41,1592.0,-1349.0,11.2,0.15,,0.0,replenishment,C,0.5,C · directional · ±50%,74.0,222.0,K-DIS-2BAB-LGR,"Biom 99% Water Hypoallergenic Baby Starter Kit - Seafoam Green - Fragrance Free - 120ct: Refillable, Alcohol-Free, Aloe & Vitamin E",D7,4.0,READY_FOR_LAUNCH,Sep-26,,plan 0% / controller 100%
94799736,2026-10-01,584.0,0.0,1486.2506434475565,0.0,4.0,507.0,0.0,7040.0,5889.0,1645.4917838169376,runrate_8wk 0.59 | owner_velocity 0.41,1645.0,-1061.0,9.4,0.36,,1.0,replenishment,C,0.5,C · directional · ±50%,254.0,760.0,K-DIS-2BAB-LGR,"Biom 99% Water Hypoallergenic Baby Starter Kit - Seafoam Green - Fragrance Free - 120ct: Refillable, Alcohol-Free, Aloe & Vitamin E",D7,4.0,READY_FOR_LAUNCH,Oct-26,,plan 0% / controller 100%
94799736,2026-11-01,1081.0,0.0,1857.8133043099804,0.0,5.0,1014.0,0.0,5889.0,4891.0,1592.4114036943452,runrate_8wk 0.59 | owner_velocity 0.41,1592.0,-511.0,7.8,0.68,,2.0,replenishment,C,0.5,C · directional · ±50%,507.0,1521.0,K-DIS-2BAB-LGR,"Biom 99% Water Hypoallergenic Baby Starter Kit - Seafoam Green - Fragrance Free - 120ct: Refillable, Alcohol-Free, Aloe & Vitamin E",D7,4.0,READY_FOR_LAUNCH,Nov-26,,plan 0% / controller 100%
94799736,2026-12-01,1061.0,0.0,1486.2506434475565,0.0,4.0,1024.0,0.0,4891.0,4345.0,1645.4917838169376,runrate_8wk 0.59 | owner_velocity 0.41,1645.0,-584.0,6.9,0.64,,3.0,replenishment,C,0.5,C · directional · ±50%,512.0,1536.0,K-DIS-2BAB-LGR,"Biom 99% Water Hypoallergenic Baby Starter Kit - Seafoam Green - Fragrance Free - 120ct: Refillable, Alcohol-Free, Aloe & Vitamin E",D7,4.0,READY_FOR_LAUNCH,Dec-26,,plan 0% / controller 100%
94799736,2027-01-01,1493.0,0.0,1857.8133043097894,0.0,5.0,1461.0,0.0,4345.0,3875.0,1645.4917838169376,runrate_8wk 0.59 | owner_velocity 0.41,1645.0,-153.0,6.2,0.91,STEP_UP,4.0,replenishment,C,0.5,C · directional · ±50%,730.0,2192.0,K-DIS-2BAB-LGR,"Biom 99% Water Hypoallergenic Baby Starter Kit - Seafoam Green - Fragrance Free - 120ct: Refillable, Alcohol-Free, Aloe & Vitamin E",D7,4.0,READY_FOR_LAUNCH,Jan-27,STEP_UP,plan 0% / controller 100%
94799736,2027-02-01,1286.0,0.0,1486.2506434488168,0.0,4.0,1269.0,0.0,3875.0,3618.0,1486.2506434491604,runrate_8wk 0.59 | owner_velocity 0.41,1486.0,-200.0,5.8,0.87,,5.0,replenishment,C,0.5,C · directional · ±50%,634.0,1904.0,K-DIS-2BAB-LGR,"Biom 99% Water Hypoallergenic Baby Starter Kit - Seafoam Green - Fragrance Free - 120ct: Refillable, Alcohol-Free, Aloe & Vitamin E",D7,4.0,READY_FOR_LAUNCH,Feb-27,,plan 0% / controller 100%
94799736,2027-03-01,1343.0,0.0,1486.25064344761,0.0,4.0,1331.0,0.0,3618.0,3434.0,1645.4917838169376,runrate_8wk 0.59 | owner_velocity 0.41,1645.0,-302.0,5.5,0.82,,6.0,replenishment,C,0.5,C · directional · ±50%,666.0,1996.0,K-DIS-2BAB-LGR,"Biom 99% Water Hypoallergenic Baby Starter Kit - Seafoam Green - Fragrance Free - 120ct: Refillable, Alcohol-Free, Aloe & Vitamin E",D7,4.0,READY_FOR_LAUNCH,Mar-27,,plan 0% / controller 100%
94799736,2027-04-01,1384.0,0.0,1486.2506434480379,0.0,4.0,1375.0,0.0,3434.0,3303.0,1592.4114036943452,runrate_8wk 0.59 | owner_velocity 0.41,1592.0,-208.0,5.3,0.87,,7.0,replenishment,D,0.7,D · plan-based · ±70%,413.0,2338.0,K-DIS-2BAB-LGR,"Biom 99% Water Hypoallergenic Baby Starter Kit - Seafoam Green - Fragrance Free - 120ct: Refillable, Alcohol-Free, Aloe & Vitamin E",D7,4.0,READY_FOR_LAUNCH,Apr-27,,plan 0% / controller 100%
94799736,2027-05-01,1770.0,0.0,1857.8133043095347,0.0,5.0,1762.0,0.0,3303.0,3190.0,1645.4917838169376,runrate_8wk 0.59 | owner_velocity 0.41,1645.0,124.0,5.1,1.08,,8.0,replenishment,D,0.7,D · plan-based · ±70%,529.0,2995.0,K-DIS-2BAB-LGR,"Biom 99% Water Hypoallergenic Baby Starter Kit - Seafoam Green - Fragrance Free - 120ct: Refillable, Alcohol-Free, Aloe & Vitamin E",D7,4.0,READY_FOR_LAUNCH,May-27,,plan 0% / controller 100%
94799736,2027-06-01,1438.0,0.0,1486.2506434480022,0.0,4.0,1434.0,0.0,3190.0,3128.0,1592.4114036943452,runrate_8wk 0.59 | owner_velocity 0.41,1592.0,-154.0,5.0,0.9,,9.0,replenishment,D,0.7,D · plan-based · ±70%,430.0,2438.0,K-DIS-2BAB-LGR,"Biom 99% Water Hypoallergenic Baby Starter Kit - Seafoam Green - Fragrance Free - 120ct: Refillable, Alcohol-Free, Aloe & Vitamin E",D7,4.0,READY_FOR_LAUNCH,Jun-27,,plan 0% / controller 100%
94799736,2027-07-01,1452.0,0.0,1486.2506434475565,0.0,4.0,1449.0,0.0,3128.0,3084.0,1645.4917838169376,runrate_8wk 0.59 | owner_velocity 0.41,1645.0,-194.0,4.9,0.88,,10.0,replenishment,D,0.7,D · plan-based · ±70%,435.0,2463.0,K-DIS-2BAB-LGR,"Biom 99% Water Hypoallergenic Baby Starter Kit - Seafoam Green - Fragrance Free - 120ct: Refillable, Alcohol-Free, Aloe & Vitamin E",D7,4.0,READY_FOR_LAUNCH,Jul-27,,plan 0% / controller 100%
94799736,2027-08-01,1828.0,0.0,1857.813304309517,0.0,5.0,1826.0,0.0,3084.0,3046.0,1645.4917838169376,runrate_8wk 0.59 | owner_velocity 0.41,1645.0,183.0,4.8,1.11,,11.0,replenishment,D,0.7,D · plan-based · ±70%,548.0,3104.0,K-DIS-2BAB-LGR,"Biom 99% Water Hypoallergenic Baby Starter Kit - Seafoam Green - Fragrance Free - 120ct: Refillable, Alcohol-Free, Aloe & Vitamin E",D7,4.0,READY_FOR_LAUNCH,Aug-27,,plan 0% / controller 100%
94799736,2027-09-01,1470.0,0.0,1486.25064344802,0.0,4.0,1469.0,0.0,3046.0,3025.0,1592.4114036943452,runrate_8wk 0.59 | owner_velocity 0.41,1592.0,-122.0,4.8,0.92,,12.0,replenishment,D,0.7,D · plan-based · ±70%,441.0,2497.0,K-DIS-2BAB-LGR,"Biom 99% Water Hypoallergenic Baby Starter Kit - Seafoam Green - Fragrance Free - 120ct: Refillable, Alcohol-Free, Aloe & Vitamin E",D7,4.0,READY_FOR_LAUNCH,Sep-27,,plan 0% / controller 100%
94799736,2027-10-01,1844.0,0.0,1857.8133043095527,0.0,5.0,1843.0,0.0,3025.0,3007.0,1645.4917838169376,runrate_8wk 0.59 | owner_velocity 0.41,1645.0,198.0,4.8,1.12,,13.0,replenishment,E,1.0,E · indicative · ±100%,0.0,3686.0,K-DIS-2BAB-LGR,"Biom 99% Water Hypoallergenic Baby Starter Kit - Seafoam Green - Fragrance Free - 120ct: Refillable, Alcohol-Free, Aloe & Vitamin E",D7,4.0,READY_FOR_LAUNCH,Oct-27,,plan 0% / controller 100%
94799736,2027-11-01,1479.0,0.0,1486.2506434479842,0.0,4.0,1478.0,0.0,3007.0,2997.0,1592.4114036943452,runrate_8wk 0.59 | owner_velocity 0.41,1592.0,-114.0,4.8,0.93,,14.0,replenishment,E,1.0,E · indicative · ±100%,0.0,2956.0,K-DIS-2BAB-LGR,"Biom 99% Water Hypoallergenic Baby Starter Kit - Seafoam Green - Fragrance Free - 120ct: Refillable, Alcohol-Free, Aloe & Vitamin E",D7,4.0,READY_FOR_LAUNCH,Nov-27,,plan 0% / controller 100%
94799736,2027-12-01,1401.0,0.0,1433.1702633244295,0.0,4.0,1480.0,0.0,2997.0,3043.0,1645.4917838169376,runrate_8wk 0.59 | owner_velocity 0.41,1645.0,-244.0,4.8,0.85,,15.0,replenishment,E,1.0,E · indicative · ±100%,0.0,2960.0,K-DIS-2BAB-LGR,"Biom 99% Water Hypoallergenic Baby Starter Kit - Seafoam Green - Fragrance Free - 120ct: Refillable, Alcohol-Free, Aloe & Vitamin E",D7,4.0,READY_FOR_LAUNCH,Dec-27,,plan 0% / controller 100%
94799737,2026-09-01,1884.0,0.0,10768.775405089966,1.0,4.0,1116.0,0.0,33042.0,23581.0,11503.787344264707,runrate_8wk 0.59 | owner_velocity 0.41,11504.0,-9620.0,7.1,0.16,,0.0,replenishment,B,0.3,B · good · ±30%,781.0,1451.0,P-60WIP-BAB-FRA,"Biom 99% Water Hypoallergenic Baby Wipes - Fragrance Free - 60ct: Alcohol-Free, Contains Aloe, Refill Pouch",D7,12.0,READY_FOR_LAUNCH,Sep-26,,plan 100% / controller 0%
94799737,2026-10-01,4404.0,0.0,11034.668881003072,1.0,4.0,4008.0,0.0,23581.0,15222.0,12216.954832539115,runrate_8wk 0.59 | owner_velocity 0.41,12217.0,-7813.0,4.6,0.36,,1.0,replenishment,B,0.3,B · good · ±30%,2806.0,5210.0,P-60WIP-BAB-FRA,"Biom 99% Water Hypoallergenic Baby Wipes - Fragrance Free - 60ct: Alcohol-Free, Contains Aloe, Refill Pouch",D7,12.0,READY_FOR_LAUNCH,Oct-26,,plan 100% / controller 0%
94799737,2026-11-01,17560.0,0.0,14267.15827467661,0.0,5.0,15082.0,0.0,15222.0,11199.0,12173.838902956257,runrate_8wk 0.59 | owner_velocity 0.41,12174.0,5386.0,3.4,1.44,STEP_UP,2.0,replenishment,C,0.5,C · directional · ±50%,7541.0,22623.0,P-60WIP-BAB-FRA,"Biom 99% Water Hypoallergenic Baby Wipes - Fragrance Free - 60ct: Alcohol-Free, Contains Aloe, Refill Pouch",D7,12.0,READY_FOR_LAUNCH,Nov-26,STEP_UP,plan 0% / controller 100%
94799737,2026-12-01,14582.0,0.0,11750.900818980726,0.0,4.0,14661.0,0.0,11199.0,13976.0,12978.58010466618,runrate_8wk 0.59 | owner_velocity 0.41,12979.0,1604.0,4.2,1.12,,3.0,replenishment,C,0.5,C · directional · ±50%,7330.0,21992.0,P-60WIP-BAB-FRA,"Biom 99% Water Hypoallergenic Baby Wipes - Fragrance Free - 60ct: Alcohol-Free, Contains Aloe, Refill Pouch",D7,12.0,READY_FOR_LAUNCH,Dec-26,,plan 0% / controller 100%
94799737,2027-01-01,18116.0,0.0,15242.132218024411,0.0,5.0,18068.0,0.0,13976.0,16923.0,13417.421333540904,runrate_8wk 0.59 | owner_velocity 0.41,13417.0,4698.0,5.1,1.35,,4.0,replenishment,C,0.5,C · directional · ±50%,9034.0,27102.0,P-60WIP-BAB-FRA,"Biom 99% Water Hypoallergenic Baby Wipes - Fragrance Free - 60ct: Alcohol-Free, Contains Aloe, Refill Pouch",D7,12.0,READY_FOR_LAUNCH,Jan-27,,plan 0% / controller 100%
94799737,2027-02-01,15716.0,0.0,13411.419398916682,0.0,4.0,14527.0,0.0,16923.0,17975.0,12554.971195752547,runrate_8wk 0.59 | owner_velocity 0.41,12555.0,3161.0,5.4,1.25,,5.0,replenishment,C,0.5,C · directional · ±50%,7264.0,21790.0,P-60WIP-BAB-FRA,"Biom 99% Water Hypoallergenic Baby Wipes - Fragrance Free - 60ct: Alcohol-Free, Contains Aloe, Refill Pouch",D7,12.0,READY_FOR_LAUNCH,Feb-27,,plan 0% / controller 100%
94799737,2027-03-01,20595.0,0.0,16645.93877969314,0.0,4.0,20197.0,0.0,17975.0,18478.0,18325.12906402644,runrate_8wk 0.59 | owner_velocity 0.41,18325.0,2270.0,5.6,1.12,,6.0,replenishment,C,0.5,C · directional · ±50%,10098.0,30296.0,P-60WIP-BAB-FRA,"Biom 99% Water Hypoallergenic Baby Wipes - Fragrance Free - 60ct: Alcohol-Free, Contains Aloe, Refill Pouch",D7,12.0,READY_FOR_LAUNCH,Mar-27,,plan 0% / controller 100%
94799737,2027-04-01,21282.0,0.0,17465.55971147635,0.0,4.0,21248.0,0.0,18478.0,21906.0,18676.088893492342,runrate_8wk 0.59 | owner_velocity 0.41,18676.0,2606.0,6.6,1.14,,7.0,replenishment,D,0.7,D · plan-based · ±70%,6374.0,36122.0,P-60WIP-BAB-FRA,"Biom 99% Water Hypoallergenic Baby Wipes - Fragrance Free - 60ct: Alcohol-Free, Contains Aloe, Refill Pouch",D7,12.0,READY_FOR_LAUNCH,Apr-27,,plan 0% / controller 100%
94799737,2027-05-01,27009.0,0.0,22873.63285895584,0.0,5.0,27136.0,0.0,21906.0,25947.0,20369.470927330593,runrate_8wk 0.59 | owner_velocity 0.41,20369.0,6640.0,7.8,1.33,,8.0,replenishment,D,0.7,D · plan-based · ±70%,8141.0,46131.0,P-60WIP-BAB-FRA,"Biom 99% Water Hypoallergenic Baby Wipes - Fragrance Free - 60ct: Alcohol-Free, Contains Aloe, Refill Pouch",D7,12.0,READY_FOR_LAUNCH,May-27,,plan 0% / controller 100%
94799737,2027-06-01,19710.0,0.0,17702.953178287848,0.0,4.0,20017.0,0.0,25947.0,29256.0,18967.449833750954,runrate_8wk 0.59 | owner_velocity 0.41,18967.0,743.0,8.8,1.04,,9.0,replenishment,D,0.7,D · plan-based · ±70%,6005.0,34029.0,P-60WIP-BAB-FRA,"Biom 99% Water Hypoallergenic Baby Wipes - Fragrance Free - 60ct: Alcohol-Free, Contains Aloe, Refill Pouch",D7,12.0,READY_FOR_LAUNCH,Jun-27,,plan 0% / controller 100%
94799737,2027-07-01,19057.0,0.0,17702.953179290274,0.0,4.0,19182.0,0.0,29256.0,31056.0,19599.698162785662,runrate_8wk 0.59 | owner_velocity 0.41,19600.0,-543.0,9.4,0.97,,10.0,replenishment,D,0.7,D · plan-based · ±70%,5755.0,32609.0,P-60WIP-BAB-FRA,"Biom 99% Water Hypoallergenic Baby Wipes - Fragrance Free - 60ct: Alcohol-Free, Contains Aloe, Refill Pouch",D7,12.0,READY_FOR_LAUNCH,Jul-27,,plan 0% / controller 100%
94799737,2027-08-01,23286.0,0.0,22128.691473952455,0.0,5.0,23387.0,0.0,31056.0,32547.0,19599.698162785662,runrate_8wk 0.59 | owner_velocity 0.41,19600.0,3686.0,9.8,1.19,,11.0,replenishment,D,0.7,D · plan-based · ±70%,7016.0,39758.0,P-60WIP-BAB-FRA,"Biom 99% Water Hypoallergenic Baby Wipes - Fragrance Free - 60ct: Alcohol-Free, Contains Aloe, Refill Pouch",D7,12.0,READY_FOR_LAUNCH,Aug-27,,plan 0% / controller 100%
94799737,2027-09-01,18336.0,0.0,17702.95317824775,0.0,4.0,18391.0,0.0,32547.0,33361.0,18967.449833750954,runrate_8wk 0.59 | owner_velocity 0.41,18967.0,-632.0,10.1,0.97,,12.0,replenishment,D,0.7,D · plan-based · ±70%,5517.0,31265.0,P-60WIP-BAB-FRA,"Biom 99% Water Hypoallergenic Baby Wipes - Fragrance Free - 60ct: Alcohol-Free, Contains Aloe, Refill Pouch",D7,12.0,READY_FOR_LAUNCH,Sep-27,,plan 0% / controller 100%
94799737,2027-10-01,22673.0,0.0,22128.691473872263,0.0,5.0,22720.0,0.0,33361.0,34061.0,19599.698162785662,runrate_8wk 0.59 | owner_velocity 0.41,19600.0,3073.0,10.3,1.16,,13.0,replenishment,E,1.0,E · indicative · ±100%,0.0,45440.0,P-60WIP-BAB-FRA,"Biom 99% Water Hypoallergenic Baby Wipes - Fragrance Free - 60ct: Alcohol-Free, Contains Aloe, Refill Pouch",D7,12.0,READY_FOR_LAUNCH,Oct-27,,plan 0% / controller 100%
94799737,2027-11-01,18001.0,0.0,17702.953178327945,0.0,4.0,18027.0,0.0,34061.0,34444.0,18967.449833750954,runrate_8wk 0.59 | owner_velocity 0.41,18967.0,-967.0,10.4,0.95,,14.0,replenishment,E,1.0,E · indicative · ±100%,0.0,36054.0,P-60WIP-BAB-FRA,"Biom 99% Water Hypoallergenic Baby Wipes - Fragrance Free - 60ct: Alcohol-Free, Contains Aloe, Refill Pouch",D7,12.0,READY_FOR_LAUNCH,Nov-27,,plan 0% / controller 100%
94799737,2027-12-01,16968.0,0.0,17070.70485145848,0.0,4.0,17935.0,0.0,34444.0,35350.0,19599.698162785662,runrate_8wk 0.59 | owner_velocity 0.41,19600.0,-2632.0,10.7,0.87,,15.0,replenishment,E,1.0,E · indicative · ±100%,0.0,35870.0,P-60WIP-BAB-FRA,"Biom 99% Water Hypoallergenic Baby Wipes - Fragrance Free - 60ct: Alcohol-Free, Contains Aloe, Refill Pouch",D7,12.0,READY_FOR_LAUNCH,Dec-27,,plan 0% / controller 100%
94799738,2026-09-01,0.0,0.0,904.6874466070545,0.0,4.0,0.0,0.0,8822.0,7918.0,969.3079785076156,runrate_8wk 0.59 | owner_velocity 0.41,969.0,-969.0,20.8,0.0,,0.0,replenishment,C,0.5,C · directional · ±50%,0.0,0.0,K-DIS-2BAB-PUR,"Biom 99% Water Hypoallergenic Baby Starter Kit - Lilac - Fragrance Free - 120ct: Refillable Container, Contains Aloe, Contains Vitamin E",D7,6.0,READY_FOR_LAUNCH,Sep-26,,plan 0% / controller 100%
94799738,2026-10-01,0.0,0.0,904.6874466066089,0.0,4.0,0.0,0.0,7918.0,7013.0,1001.618244457317,runrate_8wk 0.59 | owner_velocity 0.41,1002.0,-1002.0,18.4,0.0,,1.0,replenishment,C,0.5,C · directional · ±50%,0.0,0.0,K-DIS-2BAB-PUR,"Biom 99% Water Hypoallergenic Baby Starter Kit - Lilac - Fragrance Free - 120ct: Refillable Container, Contains Aloe, Contains Vitamin E",D7,6.0,READY_FOR_LAUNCH,Oct-26,,plan 0% / controller 100%
94799738,2026-11-01,0.0,0.0,1130.8593082587959,0.0,5.0,0.0,0.0,7013.0,5882.0,969.3079785076156,runrate_8wk 0.59 | owner_velocity 0.41,969.0,-969.0,15.4,0.0,,2.0,replenishment,C,0.5,C · directional · ±50%,0.0,0.0,K-DIS-2BAB-PUR,"Biom 99% Water Hypoallergenic Baby Starter Kit - Lilac - Fragrance Free - 120ct: Refillable Container, Contains Aloe, Contains Vitamin E",D7,6.0,READY_FOR_LAUNCH,Nov-26,,plan 0% / controller 100%
94799738,2026-12-01,14.0,0.0,904.6874466066089,0.0,4.0,0.0,0.0,5882.0,4978.0,1001.618244457317,runrate_8wk 0.59 | owner_velocity 0.41,1002.0,-988.0,13.1,0.01,,3.0,replenishment,C,0.5,C · directional · ±50%,0.0,0.0,K-DIS-2BAB-PUR,"Biom 99% Water Hypoallergenic Baby Starter Kit - Lilac - Fragrance Free - 120ct: Refillable Container, Contains Aloe, Contains Vitamin E",D7,6.0,READY_FOR_LAUNCH,Dec-26,,plan 0% / controller 100%
94799738,2027-01-01,279.0,0.0,1130.8593082586049,0.0,5.0,211.0,0.0,4978.0,3931.0,1001.618244457317,runrate_8wk 0.59 | owner_velocity 0.41,1002.0,-723.0,10.3,0.28,,4.0,replenishment,C,0.5,C · directional · ±50%,106.0,316.0,K-DIS-2BAB-PUR,"Biom 99% Water Hypoallergenic Baby Starter Kit - Lilac - Fragrance Free - 120ct: Refillable Container, Contains Aloe, Contains Vitamin E",D7,6.0,READY_FOR_LAUNCH,Jan-27,,plan 0% / controller 100%
94799738,2027-02-01,435.0,0.0,904.6874466078692,0.0,4.0,394.0,0.0,3931.0,3328.0,904.6874466082129,runrate_8wk 0.59 | owner_velocity 0.41,905.0,-470.0,8.7,0.48,,5.0,replenishment,C,0.5,C · directional · ±50%,197.0,591.0,K-DIS-2BAB-PUR,"Biom 99% Water Hypoallergenic Baby Starter Kit - Lilac - Fragrance Free - 120ct: Refillable Container, Contains Aloe, Contains Vitamin E",D7,6.0,READY_FOR_LAUNCH,Feb-27,,plan 0% / controller 100%
94799738,2027-03-01,568.0,0.0,904.6874466066623,0.0,4.0,539.0,0.0,3328.0,2896.0,1001.618244457317,runrate_8wk 0.59 | owner_velocity 0.41,1002.0,-433.0,7.6,0.57,,6.0,replenishment,C,0.5,C · directional · ±50%,270.0,808.0,K-DIS-2BAB-PUR,"Biom 99% Water Hypoallergenic Baby Starter Kit - Lilac - Fragrance Free - 120ct: Refillable Container, Contains Aloe, Contains Vitamin E",D7,6.0,READY_FOR_LAUNCH,Mar-27,,plan 0% / controller 100%
94799738,2027-04-01,664.0,0.0,904.6874466070901,0.0,4.0,643.0,0.0,2896.0,2587.0,969.3079785076156,runrate_8wk 0.59 | owner_velocity 0.41,969.0,-305.0,6.8,0.69,,7.0,replenishment,D,0.7,D · plan-based · ±70%,193.0,1093.0,K-DIS-2BAB-PUR,"Biom 99% Water Hypoallergenic Baby Starter Kit - Lilac - Fragrance Free - 120ct: Refillable Container, Contains Aloe, Contains Vitamin E",D7,6.0,READY_FOR_LAUNCH,Apr-27,,plan 0% / controller 100%
94799738,2027-05-01,924.0,0.0,1130.8593082583502,0.0,5.0,906.0,0.0,2587.0,2321.0,1001.618244457317,runrate_8wk 0.59 | owner_velocity 0.41,1002.0,-78.0,6.1,0.92,STEP_UP,8.0,replenishment,D,0.7,D · plan-based · ±70%,272.0,1540.0,K-DIS-2BAB-PUR,"Biom 99% Water Hypoallergenic Baby Starter Kit - Lilac - Fragrance Free - 120ct: Refillable Container, Contains Aloe, Contains Vitamin E",D7,6.0,READY_FOR_LAUNCH,May-27,STEP_UP,plan 0% / controller 100%
94799738,2027-06-01,791.0,0.0,904.6874466070545,0.0,4.0,782.0,0.0,2321.0,2175.0,969.3079785076156,runrate_8wk 0.59 | owner_velocity 0.41,969.0,-178.0,5.7,0.82,,9.0,replenishment,D,0.7,D · plan-based · ±70%,235.0,1329.0,K-DIS-2BAB-PUR,"Biom 99% Water Hypoallergenic Baby Starter Kit - Lilac - Fragrance Free - 120ct: Refillable Container, Contains Aloe, Contains Vitamin E",D7,6.0,READY_FOR_LAUNCH,Jun-27,,plan 0% / controller 100%
94799738,2027-07-01,824.0,0.0,904.6874466066089,0.0,4.0,817.0,0.0,2175.0,2071.0,1001.618244457317,runrate_8wk 0.59 | owner_velocity 0.41,1002.0,-178.0,5.4,0.82,,10.0,replenishment,D,0.7,D · plan-based · ±70%,245.0,1389.0,K-DIS-2BAB-PUR,"Biom 99% Water Hypoallergenic Baby Starter Kit - Lilac - Fragrance Free - 120ct: Refillable Container, Contains Aloe, Contains Vitamin E",D7,6.0,READY_FOR_LAUNCH,Jul-27,,plan 0% / controller 100%
94799738,2027-08-01,1061.0,0.0,1130.8593082583325,0.0,5.0,1055.0,0.0,2071.0,1981.0,1001.618244457317,runrate_8wk 0.59 | owner_velocity 0.41,1002.0,60.0,5.2,1.06,,11.0,replenishment,D,0.7,D · plan-based · ±70%,317.0,1794.0,K-DIS-2BAB-PUR,"Biom 99% Water Hypoallergenic Baby Starter Kit - Lilac - Fragrance Free - 120ct: Refillable Container, Contains Aloe, Contains Vitamin E",D7,6.0,READY_FOR_LAUNCH,Aug-27,,plan 0% / controller 100%
94799738,2027-09-01,867.0,0.0,904.6874466070723,0.0,4.0,863.0,0.0,1981.0,1932.0,969.3079785076156,runrate_8wk 0.59 | owner_velocity 0.41,969.0,-103.0,5.1,0.89,,12.0,replenishment,D,0.7,D · plan-based · ±70%,259.0,1467.0,K-DIS-2BAB-PUR,"Biom 99% Water Hypoallergenic Baby Starter Kit - Lilac - Fragrance Free - 120ct: Refillable Container, Contains Aloe, Contains Vitamin E",D7,6.0,READY_FOR_LAUNCH,Sep-27,,plan 0% / controller 100%
94799738,2027-10-01,1098.0,0.0,1130.859308258368,0.0,5.0,1095.0,0.0,1932.0,1890.0,1001.618244457317,runrate_8wk 0.59 | owner_velocity 0.41,1002.0,96.0,5.0,1.1,,13.0,replenishment,E,1.0,E · indicative · ±100%,0.0,2190.0,K-DIS-2BAB-PUR,"Biom 99% Water Hypoallergenic Baby Starter Kit - Lilac - Fragrance Free - 120ct: Refillable Container, Contains Aloe, Contains Vitamin E",D7,6.0,READY_FOR_LAUNCH,Oct-27,,plan 0% / controller 100%
94799738,2027-11-01,887.0,0.0,904.6874466070367,0.0,4.0,885.0,0.0,1890.0,1867.0,969.3079785076156,runrate_8wk 0.59 | owner_velocity 0.41,969.0,-83.0,4.9,0.91,,14.0,replenishment,E,1.0,E · indicative · ±100%,0.0,1770.0,K-DIS-2BAB-PUR,"Biom 99% Water Hypoallergenic Baby Starter Kit - Lilac - Fragrance Free - 120ct: Refillable Container, Contains Aloe, Contains Vitamin E",D7,6.0,READY_FOR_LAUNCH,Nov-27,,plan 0% / controller 100%
94799738,2027-12-01,843.0,0.0,872.3771806563728,0.0,4.0,891.0,0.0,1867.0,1883.0,1001.618244457317,runrate_8wk 0.59 | owner_velocity 0.41,1002.0,-158.0,4.9,0.84,,15.0,replenishment,E,1.0,E · indicative · ±100%,0.0,1782.0,K-DIS-2BAB-PUR,"Biom 99% Water Hypoallergenic Baby Starter Kit - Lilac - Fragrance Free - 120ct: Refillable Container, Contains Aloe, Contains Vitamin E",D7,6.0,READY_FOR_LAUNCH,Dec-27,,plan 0% / controller 100%
94799739,2026-09-01,636.0,0.0,4730.564246872258,1.0,4.0,393.0,0.0,25653.0,21948.0,5052.511883021301,runrate_8wk 0.59 | owner_velocity 0.41,5053.0,-4417.0,15.5,0.13,,0.0,replenishment,B,0.3,B · good · ±30%,275.0,511.0,K-60WIP-BAB-FRA-4PK,"Biom 99% Water Hypoallergenic Baby Wipes -Fragrance Free - 240ct: Face, Hands, Nose, Whole Body, Diaper Area",D7,3.0,READY_FOR_LAUNCH,Sep-26,,plan 100% / controller 0%
94799739,2026-10-01,1476.0,0.0,4854.618325086512,1.0,4.0,1317.0,0.0,21948.0,17961.0,5374.756002774353,runrate_8wk 0.59 | owner_velocity 0.41,5375.0,-3899.0,12.6,0.27,,1.0,replenishment,B,0.3,B · good · ±30%,922.0,1712.0,K-60WIP-BAB-FRA-4PK,"Biom 99% Water Hypoallergenic Baby Wipes -Fragrance Free - 240ct: Face, Hands, Nose, Whole Body, Diaper Area",D7,3.0,READY_FOR_LAUNCH,Oct-26,,plan 100% / controller 0%
94799739,2026-11-01,4342.0,0.0,6289.3372738702,0.0,5.0,3791.0,0.0,17961.0,14418.0,5365.128160237503,runrate_8wk 0.59 | owner_velocity 0.41,5365.0,-1023.0,10.2,0.81,,2.0,replenishment,C,0.5,C · directional · ±50%,1896.0,5686.0,K-60WIP-BAB-FRA-4PK,"Biom 99% Water Hypoallergenic Baby Wipes -Fragrance Free - 240ct: Face, Hands, Nose, Whole Body, Diaper Area",D7,3.0,READY_FOR_LAUNCH,Nov-26,,plan 0% / controller 100%
94799739,2026-12-01,4325.0,0.0,5188.780314603389,0.0,4.0,4189.0,0.0,14418.0,13043.0,5730.0965045227185,runrate_8wk 0.59 | owner_velocity 0.41,5730.0,-1405.0,9.2,0.75,,3.0,replenishment,C,0.5,C · directional · ±50%,2094.0,6284.0,K-60WIP-BAB-FRA-4PK,"Biom 99% Water Hypoallergenic Baby Wipes -Fragrance Free - 240ct: Face, Hands, Nose, Whole Body, Diaper Area",D7,3.0,READY_FOR_LAUNCH,Dec-26,,plan 0% / controller 100%
94799739,2027-01-01,6191.0,0.0,6744.2167832325795,0.0,5.0,6004.0,0.0,13043.0,11992.0,5934.8403175572,runrate_8wk 0.59 | owner_velocity 0.41,5935.0,256.0,8.4,1.04,STEP_UP,4.0,replenishment,C,0.5,C · directional · ±50%,3002.0,9006.0,K-60WIP-BAB-FRA-4PK,"Biom 99% Water Hypoallergenic Baby Wipes -Fragrance Free - 240ct: Face, Hands, Nose, Whole Body, Diaper Area",D7,3.0,READY_FOR_LAUNCH,Jan-27,STEP_UP,plan 0% / controller 100%
94799739,2027-02-01,5908.0,0.0,5900.907636744075,0.0,4.0,5356.0,0.0,11992.0,11212.0,5563.923817147485,runrate_8wk 0.59 | owner_velocity 0.41,5564.0,344.0,7.9,1.06,,5.0,replenishment,C,0.5,C · directional · ±50%,2678.0,8034.0,K-60WIP-BAB-FRA-4PK,"Biom 99% Water Hypoallergenic Baby Wipes -Fragrance Free - 240ct: Face, Hands, Nose, Whole Body, Diaper Area",D7,3.0,READY_FOR_LAUNCH,Feb-27,,plan 0% / controller 100%
94799739,2027-03-01,8093.0,0.0,7177.3390064082705,0.0,4.0,7875.0,0.0,11212.0,10580.0,7901.141579757572,runrate_8wk 0.59 | owner_velocity 0.41,7901.0,192.0,7.5,1.02,,6.0,replenishment,C,0.5,C · directional · ±50%,3938.0,11812.0,K-60WIP-BAB-FRA-4PK,"Biom 99% Water Hypoallergenic Baby Wipes -Fragrance Free - 240ct: Face, Hands, Nose, Whole Body, Diaper Area",D7,3.0,READY_FOR_LAUNCH,Mar-27,,plan 0% / controller 100%
94799739,2027-04-01,8599.0,0.0,7532.508077278041,0.0,4.0,8534.0,0.0,10580.0,11323.0,8054.506356360351,runrate_8wk 0.59 | owner_velocity 0.41,8055.0,544.0,8.0,1.07,,7.0,replenishment,D,0.7,D · plan-based · ±70%,2560.0,14508.0,K-60WIP-BAB-FRA-4PK,"Biom 99% Water Hypoallergenic Baby Wipes -Fragrance Free - 240ct: Face, Hands, Nose, Whole Body, Diaper Area",D7,3.0,READY_FOR_LAUNCH,Apr-27,,plan 0% / controller 100%
94799739,2027-05-01,11357.0,0.0,10003.160942147406,0.0,5.0,11163.0,0.0,11323.0,12288.0,8787.023053165476,runrate_8wk 0.59 | owner_velocity 0.41,8787.0,2570.0,8.7,1.29,,8.0,replenishment,D,0.7,D · plan-based · ±70%,3349.0,18977.0,K-60WIP-BAB-FRA-4PK,"Biom 99% Water Hypoallergenic Baby Wipes -Fragrance Free - 240ct: Face, Hands, Nose, Whole Body, Diaper Area",D7,3.0,READY_FOR_LAUNCH,May-27,,plan 0% / controller 100%
94799739,2027-06-01,9546.0,0.0,8452.042160004883,0.0,4.0,9460.0,0.0,12288.0,13047.0,8997.541473213927,runrate_8wk 0.59 | owner_velocity 0.41,8998.0,548.0,9.2,1.06,,9.0,replenishment,D,0.7,D · plan-based · ±70%,2838.0,16082.0,K-60WIP-BAB-FRA-4PK,"Biom 99% Water Hypoallergenic Baby Wipes -Fragrance Free - 240ct: Face, Hands, Nose, Whole Body, Diaper Area",D7,3.0,READY_FOR_LAUNCH,Jun-27,,plan 0% / controller 100%
94799739,2027-07-01,10038.0,0.0,8904.848701715044,0.0,4.0,9974.0,0.0,13047.0,13831.0,9858.939634041655,runrate_8wk 0.59 | owner_velocity 0.41,9859.0,179.0,9.7,1.02,,10.0,replenishment,D,0.7,D · plan-based · ±70%,2992.0,16956.0,K-60WIP-BAB-FRA-4PK,"Biom 99% Water Hypoallergenic Baby Wipes -Fragrance Free - 240ct: Face, Hands, Nose, Whole Body, Diaper Area",D7,3.0,READY_FOR_LAUNCH,Jul-27,,plan 0% / controller 100%
94799739,2027-08-01,13452.0,0.0,11916.046300894128,0.0,5.0,13176.0,0.0,13831.0,14788.0,10476.567759075055,runrate_8wk 0.59 | owner_velocity 0.41,10477.0,2976.0,10.4,1.28,,11.0,replenishment,D,0.7,D · plan-based · ±70%,3953.0,22399.0,K-60WIP-BAB-FRA-4PK,"Biom 99% Water Hypoallergenic Baby Wipes -Fragrance Free - 240ct: Face, Hands, Nose, Whole Body, Diaper Area",D7,3.0,READY_FOR_LAUNCH,Aug-27,,plan 0% / controller 100%
94799739,2027-09-01,11429.0,0.0,10124.564633544795,0.0,4.0,11306.0,0.0,14788.0,15611.0,10796.08906364305,runrate_8wk 0.59 | owner_velocity 0.41,10796.0,633.0,11.0,1.06,,12.0,replenishment,D,0.7,D · plan-based · ±70%,3392.0,19220.0,K-60WIP-BAB-FRA-4PK,"Biom 99% Water Hypoallergenic Baby Wipes -Fragrance Free - 240ct: Face, Hands, Nose, Whole Body, Diaper Area",D7,3.0,READY_FOR_LAUNCH,Sep-27,,plan 0% / controller 100%
94799739,2027-10-01,15403.0,0.0,13598.305929831637,0.0,5.0,15056.0,0.0,15611.0,16690.0,11903.288731672677,runrate_8wk 0.59 | owner_velocity 0.41,11903.0,3500.0,11.8,1.29,,13.0,replenishment,E,1.0,E · indicative · ±100%,0.0,30112.0,K-60WIP-BAB-FRA-4PK,"Biom 99% Water Hypoallergenic Baby Wipes -Fragrance Free - 240ct: Face, Hands, Nose, Whole Body, Diaper Area",D7,3.0,READY_FOR_LAUNCH,Oct-27,,plan 0% / controller 100%
94799739,2027-11-01,13171.0,0.0,11610.54602770401,0.0,4.0,13011.0,0.0,16690.0,17648.0,12314.856549398894,runrate_8wk 0.59 | owner_velocity 0.41,12315.0,856.0,12.4,1.07,,14.0,replenishment,E,1.0,E · indicative · ±100%,0.0,26022.0,K-60WIP-BAB-FRA-4PK,"Biom 99% Water Hypoallergenic Baby Wipes -Fragrance Free - 240ct: Face, Hands, Nose, Whole Body, Diaper Area",D7,3.0,READY_FOR_LAUNCH,Nov-27,,plan 0% / controller 100%
94799739,2027-12-01,13320.0,0.0,11870.960320248038,0.0,4.0,13907.0,0.0,17648.0,19194.0,13629.621108432932,runrate_8wk 0.59 | owner_velocity 0.41,13630.0,-310.0,13.5,0.98,,15.0,replenishment,E,1.0,E · indicative · ±100%,0.0,27814.0,K-60WIP-BAB-FRA-4PK,"Biom 99% Water Hypoallergenic Baby Wipes -Fragrance Free - 240ct: Face, Hands, Nose, Whole Body, Diaper Area",D7,3.0,READY_FOR_LAUNCH,Dec-27,,plan 0% / controller 100%
94799740,2026-09-01,578.0,0.0,2516.2981287069047,1.0,4.0,400.0,0.0,9127.0,7307.0,2691.6035695081014,runrate_8wk 0.59 | owner_velocity 0.41,2692.0,-2114.0,8.1,0.21,,0.0,replenishment,B,0.3,B · good · ±30%,280.0,520.0,K-60WIP-BAB-FRA-12PK,"Biom 99% Water Hypoallergenic Baby Wipes - Fragrance Free - 720ct: Face & Body Application, Refill Pouch, With Aloe & Vitamin E",D7,1.0,READY_FOR_LAUNCH,Sep-26,,plan 100% / controller 0%
94799740,2026-10-01,840.0,0.0,2550.754771756988,1.0,4.0,816.0,0.0,7307.0,5484.0,2824.049925873808,runrate_8wk 0.59 | owner_velocity 0.41,2824.0,-1984.0,6.0,0.3,,1.0,replenishment,B,0.3,B · good · ±30%,571.0,1061.0,K-60WIP-BAB-FRA-12PK,"Biom 99% Water Hypoallergenic Baby Wipes - Fragrance Free - 720ct: Face & Body Application, Refill Pouch, With Aloe & Vitamin E",D7,1.0,READY_FOR_LAUNCH,Oct-26,,plan 100% / controller 0%
94799740,2026-11-01,3406.0,0.0,3249.8452029984205,0.0,5.0,2904.0,0.0,5484.0,4172.0,2778.434310328454,runrate_8wk 0.59 | owner_velocity 0.41,2778.0,627.0,4.6,1.23,STEP_UP,2.0,replenishment,C,0.5,C · directional · ±50%,1452.0,4356.0,K-60WIP-BAB-FRA-12PK,"Biom 99% Water Hypoallergenic Baby Wipes - Fragrance Free - 720ct: Face & Body Application, Refill Pouch, With Aloe & Vitamin E",D7,1.0,READY_FOR_LAUNCH,Nov-26,STEP_UP,plan 0% / controller 100%
94799740,2026-12-01,2907.0,0.0,2643.5699423165906,0.0,4.0,2906.0,0.0,4172.0,4377.0,2922.7475345537937,runrate_8wk 0.59 | owner_velocity 0.41,2923.0,-15.0,4.8,0.99,,3.0,replenishment,C,0.5,C · directional · ±50%,1453.0,4359.0,K-60WIP-BAB-FRA-12PK,"Biom 99% Water Hypoallergenic Baby Wipes - Fragrance Free - 720ct: Face & Body Application, Refill Pouch, With Aloe & Vitamin E",D7,1.0,READY_FOR_LAUNCH,Dec-26,,plan 0% / controller 100%
94799740,2027-01-01,3663.0,0.0,3376.1902706215697,0.0,5.0,3649.0,0.0,4377.0,4647.0,2979.6161567078407,runrate_8wk 0.59 | owner_velocity 0.41,2980.0,683.0,5.1,1.23,,4.0,replenishment,C,0.5,C · directional · ±50%,1824.0,5474.0,K-60WIP-BAB-FRA-12PK,"Biom 99% Water Hypoallergenic Baby Wipes - Fragrance Free - 720ct: Face & Body Application, Refill Pouch, With Aloe & Vitamin E",D7,1.0,READY_FOR_LAUNCH,Jan-27,,plan 0% / controller 100%
94799740,2027-02-01,3324.0,0.0,3001.4714912801883,0.0,4.0,2952.0,0.0,4647.0,4580.0,2747.7679336169695,runrate_8wk 0.59 | owner_velocity 0.41,2748.0,577.0,5.0,1.21,,5.0,replenishment,C,0.5,C · directional · ±50%,1476.0,4428.0,K-60WIP-BAB-FRA-12PK,"Biom 99% Water Hypoallergenic Baby Wipes - Fragrance Free - 720ct: Face & Body Application, Refill Pouch, With Aloe & Vitamin E",D7,1.0,READY_FOR_LAUNCH,Feb-27,,plan 0% / controller 100%
94799740,2027-03-01,4851.0,0.0,3951.0621794487347,0.0,4.0,4723.0,0.0,4580.0,4401.0,4352.973355383513,runrate_8wk 0.59 | owner_velocity 0.41,4353.0,498.0,4.8,1.11,,6.0,replenishment,C,0.5,C · directional · ±50%,2362.0,7084.0,K-60WIP-BAB-FRA-12PK,"Biom 99% Water Hypoallergenic Baby Wipes - Fragrance Free - 720ct: Face & Body Application, Refill Pouch, With Aloe & Vitamin E",D7,1.0,READY_FOR_LAUNCH,Mar-27,,plan 0% / controller 100%
94799740,2027-04-01,5009.0,0.0,4119.357677065496,0.0,4.0,5007.0,0.0,4401.0,5212.0,4405.997960749341,runrate_8wk 0.59 | owner_velocity 0.41,4406.0,603.0,5.7,1.14,,7.0,replenishment,D,0.7,D · plan-based · ±70%,1502.0,8512.0,K-60WIP-BAB-FRA-12PK,"Biom 99% Water Hypoallergenic Baby Wipes - Fragrance Free - 720ct: Face & Body Application, Refill Pouch, With Aloe & Vitamin E",D7,1.0,READY_FOR_LAUNCH,Apr-27,,plan 0% / controller 100%
94799740,2027-05-01,6403.0,0.0,5427.5939589997,0.0,5.0,6340.0,0.0,5212.0,6096.0,4772.744884123806,runrate_8wk 0.59 | owner_velocity 0.41,4773.0,1630.0,6.7,1.34,,8.0,replenishment,D,0.7,D · plan-based · ±70%,1902.0,10778.0,K-60WIP-BAB-FRA-12PK,"Biom 99% Water Hypoallergenic Baby Wipes - Fragrance Free - 720ct: Face & Body Application, Refill Pouch, With Aloe & Vitamin E",D7,1.0,READY_FOR_LAUNCH,May-27,,plan 0% / controller 100%
94799740,2027-06-01,5256.0,0.0,4555.075365419974,0.0,4.0,5232.0,0.0,6096.0,6691.0,4852.85152360191,runrate_8wk 0.59 | owner_velocity 0.41,4853.0,403.0,7.4,1.08,,9.0,replenishment,D,0.7,D · plan-based · ±70%,1570.0,8894.0,K-60WIP-BAB-FRA-12PK,"Biom 99% Water Hypoallergenic Baby Wipes - Fragrance Free - 720ct: Face & Body Application, Refill Pouch, With Aloe & Vitamin E",D7,1.0,READY_FOR_LAUNCH,Jun-27,,plan 0% / controller 100%
94799740,2027-07-01,5438.0,0.0,4769.636004793793,0.0,4.0,5419.0,0.0,6691.0,7231.0,5280.668433878842,runrate_8wk 0.59 | owner_velocity 0.41,5281.0,157.0,8.0,1.03,,10.0,replenishment,D,0.7,D · plan-based · ±70%,1626.0,9212.0,K-60WIP-BAB-FRA-12PK,"Biom 99% Water Hypoallergenic Baby Wipes - Fragrance Free - 720ct: Face & Body Application, Refill Pouch, With Aloe & Vitamin E",D7,1.0,READY_FOR_LAUNCH,Jul-27,,plan 0% / controller 100%
94799740,2027-08-01,7175.0,0.0,6334.0073300264,0.0,5.0,7054.0,0.0,7231.0,7829.0,5573.329145675358,runrate_8wk 0.59 | owner_velocity 0.41,5573.0,1601.0,8.6,1.29,,11.0,replenishment,D,0.7,D · plan-based · ±70%,2116.0,11992.0,K-60WIP-BAB-FRA-12PK,"Biom 99% Water Hypoallergenic Baby Wipes - Fragrance Free - 720ct: Face & Body Application, Refill Pouch, With Aloe & Vitamin E",D7,1.0,READY_FOR_LAUNCH,Aug-27,,plan 0% / controller 100%
94799740,2027-09-01,6027.0,0.0,5347.593707338621,0.0,4.0,5974.0,0.0,7829.0,8299.0,5705.0863826328205,runrate_8wk 0.59 | owner_velocity 0.41,5705.0,322.0,9.1,1.06,,12.0,replenishment,D,0.7,D · plan-based · ±70%,1792.0,10156.0,K-60WIP-BAB-FRA-12PK,"Biom 99% Water Hypoallergenic Baby Wipes - Fragrance Free - 720ct: Face & Body Application, Refill Pouch, With Aloe & Vitamin E",D7,1.0,READY_FOR_LAUNCH,Sep-27,,plan 0% / controller 100%
94799740,2027-10-01,8039.0,0.0,7131.139583822209,0.0,5.0,7880.0,0.0,8299.0,8878.0,6249.375390381079,runrate_8wk 0.59 | owner_velocity 0.41,6249.0,1790.0,9.8,1.29,,13.0,replenishment,E,1.0,E · indicative · ±100%,0.0,15760.0,K-60WIP-BAB-FRA-12PK,"Biom 99% Water Hypoallergenic Baby Wipes - Fragrance Free - 720ct: Face & Body Application, Refill Pouch, With Aloe & Vitamin E",D7,1.0,READY_FOR_LAUNCH,Oct-27,,plan 0% / controller 100%
94799740,2027-11-01,6820.0,0.0,6051.720273874082,0.0,4.0,6747.0,0.0,8878.0,9369.0,6424.748512489865,runrate_8wk 0.59 | owner_velocity 0.41,6425.0,395.0,10.3,1.06,,14.0,replenishment,E,1.0,E · indicative · ±100%,0.0,13494.0,K-60WIP-BAB-FRA-12PK,"Biom 99% Water Hypoallergenic Baby Wipes - Fragrance Free - 720ct: Face & Body Application, Refill Pouch, With Aloe & Vitamin E",D7,1.0,READY_FOR_LAUNCH,Nov-27,,plan 0% / controller 100%
94799740,2027-12-01,6853.0,0.0,6155.469881204784,0.0,4.0,7162.0,0.0,9369.0,10148.0,7067.391345086974,runrate_8wk 0.59 | owner_velocity 0.41,7067.0,-215.0,11.2,0.97,,15.0,replenishment,E,1.0,E · indicative · ±100%,0.0,14324.0,K-60WIP-BAB-FRA-12PK,"Biom 99% Water Hypoallergenic Baby Wipes - Fragrance Free - 720ct: Face & Body Application, Refill Pouch, With Aloe & Vitamin E",D7,1.0,READY_FOR_LAUNCH,Dec-27,,plan 0% / controller 100%
94928289,2026-09-01,636.0,0.0,11615.535928119223,1.0,4.0,108.0,0.0,67833.0,56241.0,12416.74988305979,runrate_8wk 0.59 | owner_velocity 0.41,12417.0,-11781.0,22.6,0.05,,0.0,replenishment,B,0.3,B · good · ±30%,76.0,140.0,P-60WIP-DSN-ALP,Biom Plastic Free Plant Based Disinfecting Wipes - Alpine Mint - 60ct,D3-C2,12.0,READY_FOR_LAUNCH,Sep-26,,plan 100% / controller 0%
94928289,2026-10-01,57057.0,,,,,57057.0,,,,,,,,,,,,planned_launch,D,0.7,D · plan-based · ±70%,17117.0,96997.0,P-60WIP-DSN-ALP,Biom Plastic Free Plant Based Disinfecting Wipes - Alpine Mint - 60ct,D3-C2,12.0,READY_FOR_LAUNCH,Oct-26,PLANNED_LAUNCH,planned_launch
94928289,2026-10-01,14100.0,0.0,11836.947349758819,1.0,4.0,14628.0,0.0,56241.0,46372.0,13105.19170866155,runrate_8wk 0.59 | owner_velocity 0.41,13105.0,995.0,18.6,1.08,STEP_UP,1.0,replenishment,B,0.3,B · good · ±30%,10240.0,19016.0,P-60WIP-DSN-ALP,Biom Plastic Free Plant Based Disinfecting Wipes - Alpine Mint - 60ct,D3-C2,12.0,READY_FOR_LAUNCH,Oct-26,STEP_UP,plan 100% / controller 0%
94928289,2026-11-01,0.0,0.0,9167.672784465642,0.0,5.0,0.0,0.0,46372.0,49948.0,7858.0052438276925,runrate_8wk 0.59 | owner_velocity 0.41,7858.0,-7858.0,20.1,0.0,,2.0,replenishment,C,0.5,C · directional · ±50%,0.0,0.0,P-60WIP-DSN-ALP,Biom Plastic Free Plant Based Disinfecting Wipes - Alpine Mint - 60ct,D3-C2,12.0,READY_FOR_LAUNCH,Nov-26,,plan 0% / controller 100%
94928289,2026-12-01,455.0,0.0,7655.767450585821,0.0,4.0,0.0,0.0,49948.0,42293.0,8119.938751955283,runrate_8wk 0.59 | owner_velocity 0.41,8120.0,-7665.0,17.0,0.06,,3.0,replenishment,C,0.5,C · directional · ±50%,0.0,0.0,P-60WIP-DSN-ALP,Biom Plastic Free Plant Based Disinfecting Wipes - Alpine Mint - 60ct,D3-C2,12.0,READY_FOR_LAUNCH,Dec-26,,plan 0% / controller 100%
94928289,2027-01-01,10755.0,0.0,14860.510031801185,0.0,5.0,8718.0,0.0,42293.0,31663.0,13105.19170866155,runrate_8wk 0.59 | owner_velocity 0.41,13105.0,-2350.0,12.7,0.82,,4.0,replenishment,C,0.5,C · directional · ±50%,4359.0,13077.0,P-60WIP-DSN-ALP,Biom Plastic Free Plant Based Disinfecting Wipes - Alpine Mint - 60ct,D3-C2,12.0,READY_FOR_LAUNCH,Jan-27,,plan 0% / controller 100%
94928289,2027-02-01,10677.0,0.0,12204.676761404035,0.0,4.0,10362.0,0.0,31663.0,29009.0,12137.13462457124,runrate_8wk 0.59 | owner_velocity 0.41,12137.0,-1460.0,11.7,0.88,,5.0,replenishment,C,0.5,C · directional · ±50%,5181.0,15543.0,P-60WIP-DSN-ALP,Biom Plastic Free Plant Based Disinfecting Wipes - Alpine Mint - 60ct,D3-C2,12.0,READY_FOR_LAUNCH,Feb-27,,plan 0% / controller 100%
94928289,2027-03-01,11911.0,0.0,12665.088994147585,0.0,4.0,11465.0,0.0,29009.0,27306.0,13786.50961274474,runrate_8wk 0.59 | owner_velocity 0.41,13787.0,-1876.0,11.0,0.86,,6.0,replenishment,C,0.5,C · directional · ±50%,5732.0,17198.0,P-60WIP-DSN-ALP,Biom Plastic Free Plant Based Disinfecting Wipes - Alpine Mint - 60ct,D3-C2,12.0,READY_FOR_LAUNCH,Mar-27,,plan 0% / controller 100%
94928289,2027-04-01,14987.0,0.0,14378.970716246331,0.0,4.0,18240.0,0.0,27306.0,25689.0,15469.360806437615,runrate_8wk 0.59 | owner_velocity 0.41,15469.0,-483.0,10.3,0.97,STEP_UP,7.0,replenishment,D,0.7,D · plan-based · ±70%,5472.0,31008.0,P-60WIP-DSN-ALP,Biom Plastic Free Plant Based Disinfecting Wipes - Alpine Mint - 60ct,D3-C2,12.0,READY_FOR_LAUNCH,Apr-27,STEP_UP,plan 0% / controller 100%
94928289,2027-05-01,15716.0,0.0,16041.164004132599,0.0,5.0,12540.0,0.0,25689.0,27268.0,14152.925704026806,runrate_8wk 0.59 | owner_velocity 0.41,14153.0,1563.0,11.0,1.11,,8.0,replenishment,D,0.7,D · plan-based · ±70%,3762.0,21318.0,P-60WIP-DSN-ALP,Biom Plastic Free Plant Based Disinfecting Wipes - Alpine Mint - 60ct,D3-C2,12.0,READY_FOR_LAUNCH,May-27,,plan 0% / controller 100%
94928289,2027-06-01,12968.0,0.0,13147.986180664637,0.0,4.0,12869.0,0.0,27268.0,26714.0,14068.705743349616,runrate_8wk 0.59 | owner_velocity 0.41,14069.0,-1101.0,10.7,0.92,,9.0,replenishment,D,0.7,D · plan-based · ±70%,3861.0,21877.0,P-60WIP-DSN-ALP,Biom Plastic Free Plant Based Disinfecting Wipes - Alpine Mint - 60ct,D3-C2,12.0,READY_FOR_LAUNCH,Jun-27,,plan 0% / controller 100%
94928289,2027-07-01,13289.0,0.0,13291.270793484055,0.0,4.0,16564.0,0.0,26714.0,26486.0,14715.335521357347,runrate_8wk 0.59 | owner_velocity 0.41,14715.0,-1427.0,10.6,0.9,,10.0,replenishment,D,0.7,D · plan-based · ±70%,4969.0,28159.0,P-60WIP-DSN-ALP,Biom Plastic Free Plant Based Disinfecting Wipes - Alpine Mint - 60ct,D3-C2,12.0,READY_FOR_LAUNCH,Jul-27,,plan 0% / controller 100%
94928289,2027-08-01,16643.0,0.0,16614.088492015457,0.0,5.0,13315.0,0.0,26486.0,26504.0,14715.335521357347,runrate_8wk 0.59 | owner_velocity 0.41,14715.0,1928.0,10.6,1.13,,11.0,replenishment,D,0.7,D · plan-based · ±70%,3995.0,22636.0,P-60WIP-DSN-ALP,Biom Plastic Free Plant Based Disinfecting Wipes - Alpine Mint - 60ct,D3-C2,12.0,READY_FOR_LAUNCH,Aug-27,,plan 0% / controller 100%
94928289,2027-09-01,13309.0,0.0,13291.270794526581,0.0,4.0,13310.0,0.0,26504.0,26526.0,14240.64727993583,runrate_8wk 0.59 | owner_velocity 0.41,14241.0,-932.0,10.7,0.93,,12.0,replenishment,D,0.7,D · plan-based · ±70%,3993.0,22627.0,P-60WIP-DSN-ALP,Biom Plastic Free Plant Based Disinfecting Wipes - Alpine Mint - 60ct,D3-C2,12.0,READY_FOR_LAUNCH,Sep-27,,plan 0% / controller 100%
94928289,2027-10-01,16629.0,0.0,16614.088492095652,0.0,5.0,16631.0,0.0,26526.0,26545.0,14715.335521357347,runrate_8wk 0.59 | owner_velocity 0.41,14715.0,1914.0,10.7,1.13,,13.0,replenishment,E,1.0,E · indicative · ±100%,0.0,33262.0,P-60WIP-DSN-ALP,Biom Plastic Free Plant Based Disinfecting Wipes - Alpine Mint - 60ct,D3-C2,12.0,READY_FOR_LAUNCH,Oct-27,,plan 0% / controller 100%
94928289,2027-11-01,13300.0,0.0,13291.270794446387,0.0,4.0,13300.0,0.0,26545.0,26556.0,14240.64727993583,runrate_8wk 0.59 | owner_velocity 0.41,14241.0,-941.0,10.7,0.93,,14.0,replenishment,E,1.0,E · indicative · ±100%,0.0,26600.0,P-60WIP-DSN-ALP,Biom Plastic Free Plant Based Disinfecting Wipes - Alpine Mint - 60ct,D3-C2,12.0,READY_FOR_LAUNCH,Nov-27,,plan 0% / controller 100%
94928289,2027-12-01,12585.0,0.0,12816.582550859624,0.0,4.0,15910.0,0.0,26556.0,27038.0,14715.335521357347,runrate_8wk 0.59 | owner_velocity 0.41,14715.0,-2130.0,10.9,0.86,,15.0,replenishment,E,1.0,E · indicative · ±100%,0.0,31820.0,P-60WIP-DSN-ALP,Biom Plastic Free Plant Based Disinfecting Wipes - Alpine Mint - 60ct,D3-C2,12.0,READY_FOR_LAUNCH,Dec-27,,plan 0% / controller 100%
94928290,2026-09-01,2568.0,,,,,0.0,,,,,,,,,,,,planned_forward,C,0.5,C · directional · ±50%,0.0,0.0,P-DIS-SS-BRU,Biom Refillable Plant-Based Wipes Dispenser - Brushed Stainless,D3-C2,4.0,READY_FOR_LAUNCH,Sep-26,PLANNED_FORWARD,planned_forward
94928290,2026-09-01,1760.0,2568.0,3368.7487735475374,0.75,4.0,2672.0,0.0,8922.0,8134.0,3609.373685930902,runrate_8wk 0.59 | owner_velocity 0.41,3609.0,-1849.0,10.6,0.49,,0.0,replenishment,B,0.3,B · good · ±30%,1870.0,3474.0,P-DIS-SS-BRU,Biom Refillable Plant-Based Wipes Dispenser - Brushed Stainless,D3-C2,4.0,READY_FOR_LAUNCH,Sep-26,,plan 75% / controller 25%
94928290,2026-10-01,15468.0,,,,,18036.0,,,,,,,,,,,,planned_forward,C,0.5,C · directional · ±50%,9018.0,27054.0,P-DIS-SS-BRU,Biom Refillable Plant-Based Wipes Dispenser - Brushed Stainless,D3-C2,4.0,READY_FOR_LAUNCH,Oct-26,PLANNED_FORWARD,planned_forward
94928290,2026-10-01,728.0,15468.0,3368.7487736477797,0.25,4.0,728.0,18036.0,8134.0,11749.0,3729.686142252899,runrate_8wk 0.59 | owner_velocity 0.41,3730.0,-3002.0,15.3,0.2,,1.0,replenishment,C,0.5,C · directional · ±50%,364.0,1092.0,P-DIS-SS-BRU,Biom Refillable Plant-Based Wipes Dispenser - Brushed Stainless,D3-C2,4.0,READY_FOR_LAUNCH,Oct-26,,plan 25% / controller 75%
94928290,2026-11-01,571.0,0.0,4210.935966939434,0.0,5.0,571.0,0.0,11749.0,21233.0,3609.373685930902,runrate_8wk 0.59 | owner_velocity 0.41,3609.0,-3039.0,27.6,0.16,,2.0,replenishment,C,0.5,C · directional · ±50%,286.0,856.0,P-DIS-SS-BRU,Biom Refillable Plant-Based Wipes Dispenser - Brushed Stainless,D3-C2,4.0,READY_FOR_LAUNCH,Nov-26,,plan 0% / controller 100%
94928290,2026-12-01,136.0,0.0,3368.7487736477797,0.0,4.0,42.0,0.0,21233.0,17864.0,3729.686142252899,runrate_8wk 0.59 | owner_velocity 0.41,3730.0,-3594.0,23.2,0.04,,3.0,replenishment,C,0.5,C · directional · ±50%,21.0,63.0,P-DIS-SS-BRU,Biom Refillable Plant-Based Wipes Dispenser - Brushed Stainless,D3-C2,4.0,READY_FOR_LAUNCH,Dec-26,,plan 0% / controller 100%
94928290,2027-01-01,1232.0,0.0,4210.935967071181,0.0,5.0,986.0,0.0,17864.0,14135.0,3729.686142252899,runrate_8wk 0.59 | owner_velocity 0.41,3730.0,-2498.0,18.4,0.33,,4.0,replenishment,C,0.5,C · directional · ±50%,493.0,1479.0,P-DIS-SS-BRU,Biom Refillable Plant-Based Wipes Dispenser - Brushed Stainless,D3-C2,4.0,READY_FOR_LAUNCH,Jan-27,,plan 0% / controller 100%
94928290,2027-02-01,1730.0,0.0,3368.7487736897865,0.0,4.0,1587.0,0.0,14135.0,12031.0,3368.748773701243,runrate_8wk 0.59 | owner_velocity 0.41,3369.0,-1639.0,15.6,0.51,,5.0,replenishment,C,0.5,C · directional · ±50%,794.0,2380.0,P-DIS-SS-BRU,Biom Refillable Plant-Based Wipes Dispenser - Brushed Stainless,D3-C2,4.0,READY_FOR_LAUNCH,Feb-27,,plan 0% / controller 100%
94928290,2027-03-01,2256.0,0.0,3408.8092582306563,0.0,4.0,2094.0,0.0,12031.0,10484.0,3729.686142252899,runrate_8wk 0.59 | owner_velocity 0.41,3730.0,-1473.0,13.6,0.61,,6.0,replenishment,C,0.5,C · directional · ±50%,1047.0,3141.0,P-DIS-SS-BRU,Biom Refillable Plant-Based Wipes Dispenser - Brushed Stainless,D3-C2,4.0,READY_FOR_LAUNCH,Mar-27,,plan 0% / controller 100%
94928290,2027-04-01,3132.0,0.0,3742.646629752847,0.0,4.0,3777.0,0.0,10484.0,9235.0,4009.9785318799595,runrate_8wk 0.59 | owner_velocity 0.41,4010.0,-878.0,12.0,0.78,,7.0,replenishment,D,0.7,D · plan-based · ±70%,1133.0,6421.0,P-DIS-SS-BRU,Biom Refillable Plant-Based Wipes Dispenser - Brushed Stainless,D3-C2,4.0,READY_FOR_LAUNCH,Apr-27,,plan 0% / controller 100%
94928290,2027-05-01,4220.0,0.0,4678.308287139824,0.0,5.0,3361.0,0.0,9235.0,8604.0,4143.64448288738,runrate_8wk 0.59 | owner_velocity 0.41,4144.0,77.0,11.2,1.02,STEP_UP,8.0,replenishment,D,0.7,D · plan-based · ±70%,1008.0,5714.0,P-DIS-SS-BRU,Biom Refillable Plant-Based Wipes Dispenser - Brushed Stainless,D3-C2,4.0,READY_FOR_LAUNCH,May-27,STEP_UP,plan 0% / controller 100%
94928290,2027-06-01,3495.0,0.0,3742.6466297492825,0.0,4.0,3473.0,0.0,8604.0,8284.0,4009.9785318799595,runrate_8wk 0.59 | owner_velocity 0.41,4010.0,-515.0,10.8,0.87,,9.0,replenishment,D,0.7,D · plan-based · ±70%,1042.0,5904.0,P-DIS-SS-BRU,Biom Refillable Plant-Based Wipes Dispenser - Brushed Stainless,D3-C2,4.0,READY_FOR_LAUNCH,Jun-27,,plan 0% / controller 100%
94928290,2027-07-01,3566.0,0.0,3742.6466297047305,0.0,4.0,4447.0,0.0,8284.0,8057.0,4143.64448288738,runrate_8wk 0.59 | owner_velocity 0.41,4144.0,-578.0,10.5,0.86,,10.0,replenishment,D,0.7,D · plan-based · ±70%,1334.0,7560.0,P-DIS-SS-BRU,Biom Refillable Plant-Based Wipes Dispenser - Brushed Stainless,D3-C2,4.0,READY_FOR_LAUNCH,Jul-27,,plan 0% / controller 100%
94928290,2027-08-01,4526.0,0.0,4678.308287138041,0.0,5.0,3616.0,0.0,8057.0,7861.0,4143.64448288738,runrate_8wk 0.59 | owner_velocity 0.41,4144.0,383.0,10.2,1.09,,11.0,replenishment,D,0.7,D · plan-based · ±70%,1085.0,6147.0,P-DIS-SS-BRU,Biom Refillable Plant-Based Wipes Dispenser - Brushed Stainless,D3-C2,4.0,READY_FOR_LAUNCH,Aug-27,,plan 0% / controller 100%
94928290,2027-09-01,3659.0,0.0,3742.6466297510647,0.0,4.0,3652.0,0.0,7861.0,7754.0,4009.9785318799595,runrate_8wk 0.59 | owner_velocity 0.41,4010.0,-351.0,10.1,0.91,,12.0,replenishment,D,0.7,D · plan-based · ±70%,1096.0,6208.0,P-DIS-SS-BRU,Biom Refillable Plant-Based Wipes Dispenser - Brushed Stainless,D3-C2,4.0,READY_FOR_LAUNCH,Sep-27,,plan 0% / controller 100%
94928290,2027-10-01,4607.0,0.0,4678.308287141605,0.0,5.0,4601.0,0.0,7754.0,7662.0,4143.64448288738,runrate_8wk 0.59 | owner_velocity 0.41,4144.0,463.0,10.0,1.11,,13.0,replenishment,E,1.0,E · indicative · ±100%,0.0,9202.0,P-DIS-SS-BRU,Biom Refillable Plant-Based Wipes Dispenser - Brushed Stainless,D3-C2,4.0,READY_FOR_LAUNCH,Oct-27,,plan 0% / controller 100%
94928290,2027-11-01,3703.0,0.0,3742.646629747501,0.0,4.0,3700.0,0.0,7662.0,7612.0,4009.9785318799595,runrate_8wk 0.59 | owner_velocity 0.41,4010.0,-306.0,9.9,0.92,,14.0,replenishment,E,1.0,E · indicative · ±100%,0.0,7400.0,P-DIS-SS-BRU,Biom Refillable Plant-Based Wipes Dispenser - Brushed Stainless,D3-C2,4.0,READY_FOR_LAUNCH,Nov-27,,plan 0% / controller 100%
94928290,2027-12-01,3514.0,0.0,3608.980678643847,0.0,4.0,4441.0,0.0,7612.0,7709.0,4143.64448288738,runrate_8wk 0.59 | owner_velocity 0.41,4144.0,-630.0,10.0,0.85,,15.0,replenishment,E,1.0,E · indicative · ±100%,0.0,8882.0,P-DIS-SS-BRU,Biom Refillable Plant-Based Wipes Dispenser - Brushed Stainless,D3-C2,4.0,READY_FOR_LAUNCH,Dec-27,,plan 0% / controller 100%
94928291,2026-09-01,7072.0,0.0,16857.446342785166,1.0,4.0,6264.0,0.0,30971.0,18613.0,18020.25350943274,runrate_8wk 0.59 | owner_velocity 0.41,18020.0,-10948.0,4.5,0.39,,0.0,replenishment,B,0.3,B · good · ±30%,4385.0,8143.0,K-60WIP-DSN-COM-3PK,"Biom Plastic Free Plant Based Disinfecting Wipes - Variety - 3pk/180ct: Ammonia-Free, Paraben-Free, Mint Scent",D3-C2,4.0,READY_FOR_LAUNCH,Sep-26,,plan 100% / controller 0%
94928291,2026-10-01,8424.0,0.0,17178.63857040691,1.0,4.0,10440.0,0.0,18613.0,8923.0,19019.206988664795,runrate_8wk 0.59 | owner_velocity 0.41,19019.0,-10595.0,2.2,0.44,,1.0,replenishment,B,0.3,B · good · ±30%,7308.0,13572.0,K-60WIP-DSN-COM-3PK,"Biom Plastic Free Plant Based Disinfecting Wipes - Variety - 3pk/180ct: Ammonia-Free, Paraben-Free, Mint Scent",D3-C2,4.0,READY_FOR_LAUNCH,Oct-26,,plan 100% / controller 0%
94928291,2026-11-01,31376.0,0.0,22016.273672000494,0.0,5.0,24931.0,0.0,8923.0,5623.0,18810.386387845174,runrate_8wk 0.59 | owner_velocity 0.41,18810.0,12566.0,1.4,1.67,STEP_UP,2.0,replenishment,C,0.5,C · directional · ±50%,12466.0,37396.0,K-60WIP-DSN-COM-3PK,"Biom Plastic Free Plant Based Disinfecting Wipes - Variety - 3pk/180ct: Ammonia-Free, Paraben-Free, Mint Scent",D3-C2,4.0,READY_FOR_LAUNCH,Nov-26,STEP_UP,plan 0% / controller 100%
94928291,2026-12-01,24863.0,0.0,17982.714403197228,0.0,4.0,25240.0,0.0,5623.0,13205.0,19876.501161763,runrate_8wk 0.59 | owner_velocity 0.41,19877.0,4986.0,3.2,1.25,,3.0,replenishment,C,0.5,C · directional · ±50%,12620.0,37860.0,K-60WIP-DSN-COM-3PK,"Biom Plastic Free Plant Based Disinfecting Wipes - Variety - 3pk/180ct: Ammonia-Free, Paraben-Free, Mint Scent",D3-C2,4.0,READY_FOR_LAUNCH,Dec-26,,plan 0% / controller 100%
94928291,2027-01-01,29470.0,0.0,23055.457876557084,0.0,5.0,29720.0,0.0,13205.0,20653.0,20337.558146638054,runrate_8wk 0.59 | owner_velocity 0.41,20338.0,9133.0,5.0,1.45,,4.0,replenishment,C,0.5,C · directional · ±50%,14860.0,44580.0,K-60WIP-DSN-COM-3PK,"Biom Plastic Free Plant Based Disinfecting Wipes - Variety - 3pk/180ct: Ammonia-Free, Paraben-Free, Mint Scent",D3-C2,4.0,READY_FOR_LAUNCH,Jan-27,,plan 0% / controller 100%
94928291,2027-02-01,22774.0,0.0,18905.051470768958,0.0,4.0,22891.0,0.0,20653.0,24958.0,18806.667859040048,runrate_8wk 0.59 | owner_velocity 0.41,18807.0,3967.0,6.1,1.21,,5.0,replenishment,C,0.5,C · directional · ±50%,11446.0,34336.0,K-60WIP-DSN-COM-3PK,"Biom Plastic Free Plant Based Disinfecting Wipes - Variety - 3pk/180ct: Ammonia-Free, Paraben-Free, Mint Scent",D3-C2,4.0,READY_FOR_LAUNCH,Feb-27,,plan 0% / controller 100%
94928291,2027-03-01,22804.0,0.0,19575.699758664137,0.0,4.0,22535.0,0.0,24958.0,28059.0,21329.983314060384,runrate_8wk 0.59 | owner_velocity 0.41,21330.0,1474.0,6.8,1.07,,6.0,replenishment,C,0.5,C · directional · ±50%,11268.0,33802.0,K-60WIP-DSN-COM-3PK,"Biom Plastic Free Plant Based Disinfecting Wipes - Variety - 3pk/180ct: Ammonia-Free, Paraben-Free, Mint Scent",D3-C2,4.0,READY_FOR_LAUNCH,Mar-27,,plan 0% / controller 100%
94928291,2027-04-01,26041.0,0.0,22065.77028207737,0.0,4.0,32011.0,0.0,28059.0,29689.0,23741.003118412445,runrate_8wk 0.59 | owner_velocity 0.41,23741.0,2300.0,7.2,1.1,,7.0,replenishment,D,0.7,D · plan-based · ±70%,9603.0,54419.0,K-60WIP-DSN-COM-3PK,"Biom Plastic Free Plant Based Disinfecting Wipes - Variety - 3pk/180ct: Ammonia-Free, Paraben-Free, Mint Scent",D3-C2,4.0,READY_FOR_LAUNCH,Apr-27,,plan 0% / controller 100%
94928291,2027-05-01,26464.0,0.0,24460.36164251561,0.0,5.0,21319.0,0.0,29689.0,35575.0,21664.891740691397,runrate_8wk 0.59 | owner_velocity 0.41,21665.0,4799.0,8.7,1.22,,8.0,replenishment,D,0.7,D · plan-based · ±70%,6396.0,36242.0,K-60WIP-DSN-COM-3PK,"Biom Plastic Free Plant Based Disinfecting Wipes - Variety - 3pk/180ct: Ammonia-Free, Paraben-Free, Mint Scent",D3-C2,4.0,READY_FOR_LAUNCH,May-27,,plan 0% / controller 100%
94928291,2027-06-01,20335.0,0.0,19568.289313170444,0.0,4.0,20423.0,0.0,35575.0,36724.0,20966.024263982305,runrate_8wk 0.59 | owner_velocity 0.41,20966.0,-631.0,8.9,0.97,,9.0,replenishment,D,0.7,D · plan-based · ±70%,6127.0,34719.0,K-60WIP-DSN-COM-3PK,"Biom Plastic Free Plant Based Disinfecting Wipes - Variety - 3pk/180ct: Ammonia-Free, Paraben-Free, Mint Scent",D3-C2,4.0,READY_FOR_LAUNCH,Jun-27,,plan 0% / controller 100%
94928291,2027-07-01,20101.0,0.0,19568.28931417288,0.0,4.0,25158.0,0.0,36724.0,37419.0,21664.891740691397,runrate_8wk 0.59 | owner_velocity 0.41,21665.0,-1564.0,9.1,0.93,,10.0,replenishment,D,0.7,D · plan-based · ±70%,7547.0,42769.0,K-60WIP-DSN-COM-3PK,"Biom Plastic Free Plant Based Disinfecting Wipes - Variety - 3pk/180ct: Ammonia-Free, Paraben-Free, Mint Scent",D3-C2,4.0,READY_FOR_LAUNCH,Jul-27,,plan 0% / controller 100%
94928291,2027-08-01,24918.0,0.0,24460.36164255571,0.0,5.0,19949.0,0.0,37419.0,38007.0,21664.891740691397,runrate_8wk 0.59 | owner_velocity 0.41,21665.0,3253.0,9.3,1.15,,11.0,replenishment,D,0.7,D · plan-based · ±70%,5985.0,33913.0,K-60WIP-DSN-COM-3PK,"Biom Plastic Free Plant Based Disinfecting Wipes - Variety - 3pk/180ct: Ammonia-Free, Paraben-Free, Mint Scent",D3-C2,4.0,READY_FOR_LAUNCH,Aug-27,,plan 0% / controller 100%
94928291,2027-09-01,19818.0,0.0,19568.289313130346,0.0,4.0,19840.0,0.0,38007.0,38329.0,20966.024263982305,runrate_8wk 0.59 | owner_velocity 0.41,20966.0,-1148.0,9.3,0.95,,12.0,replenishment,D,0.7,D · plan-based · ±70%,5952.0,33728.0,K-60WIP-DSN-COM-3PK,"Biom Plastic Free Plant Based Disinfecting Wipes - Variety - 3pk/180ct: Ammonia-Free, Paraben-Free, Mint Scent",D3-C2,4.0,READY_FOR_LAUNCH,Sep-27,,plan 0% / controller 100%
94928291,2027-10-01,24675.0,0.0,24460.361642475513,0.0,5.0,24694.0,0.0,38329.0,38605.0,21664.891740691397,runrate_8wk 0.59 | owner_velocity 0.41,21665.0,3011.0,9.4,1.14,,13.0,replenishment,E,1.0,E · indicative · ±100%,0.0,49388.0,K-60WIP-DSN-COM-3PK,"Biom Plastic Free Plant Based Disinfecting Wipes - Variety - 3pk/180ct: Ammonia-Free, Paraben-Free, Mint Scent",D3-C2,4.0,READY_FOR_LAUNCH,Oct-27,,plan 0% / controller 100%
94928291,2027-11-01,19686.0,0.0,19568.28931321054,0.0,4.0,19696.0,0.0,38605.0,38756.0,20966.024263982305,runrate_8wk 0.59 | owner_velocity 0.41,20966.0,-1280.0,9.4,0.94,,14.0,replenishment,E,1.0,E · indicative · ±100%,0.0,39392.0,K-60WIP-DSN-COM-3PK,"Biom Plastic Free Plant Based Disinfecting Wipes - Variety - 3pk/180ct: Ammonia-Free, Paraben-Free, Mint Scent",D3-C2,4.0,READY_FOR_LAUNCH,Nov-27,,plan 0% / controller 100%
94928291,2027-12-01,18604.0,0.0,18869.421838666705,0.0,4.0,23522.0,0.0,38756.0,39564.0,21664.891740691397,runrate_8wk 0.59 | owner_velocity 0.41,21665.0,-3061.0,9.6,0.86,,15.0,replenishment,E,1.0,E · indicative · ±100%,0.0,47044.0,K-60WIP-DSN-COM-3PK,"Biom Plastic Free Plant Based Disinfecting Wipes - Variety - 3pk/180ct: Ammonia-Free, Paraben-Free, Mint Scent",D3-C2,4.0,READY_FOR_LAUNCH,Dec-27,,plan 0% / controller 100%
94928292,2026-09-01,14832.0,0.0,18430.716000118402,1.0,4.0,6480.0,0.0,50769.0,35675.0,19719.47766801935,runrate_8wk 0.59 | owner_velocity 0.41,19719.0,-4887.0,8.6,0.75,,0.0,replenishment,B,0.3,B · good · ±30%,4536.0,8424.0,P-60WIP-DSN-CIT,"Biom Plastic Free Plant Based Disinfecting Wipes - Fresh Citrus - 60ct: Ammonia-Free, Aluminum-Free, Paraben-Free",D3-C2,12.0,READY_FOR_LAUNCH,Sep-26,,plan 100% / controller 0%
94928292,2026-10-01,40272.0,,,,,40272.0,,,,,,,,,,,,planned_forward,C,0.5,C · directional · ±50%,20136.0,60408.0,P-60WIP-DSN-CIT,"Biom Plastic Free Plant Based Disinfecting Wipes - Fresh Citrus - 60ct: Ammonia-Free, Aluminum-Free, Paraben-Free",D3-C2,12.0,READY_FOR_LAUNCH,Oct-26,PLANNED_FORWARD,planned_forward
94928292,2026-10-01,16785.0,,,,,16785.0,,,,,,,,,,,,planned_launch,D,0.7,D · plan-based · ±70%,5036.0,28534.0,P-60WIP-DSN-CIT,"Biom Plastic Free Plant Based Disinfecting Wipes - Fresh Citrus - 60ct: Ammonia-Free, Aluminum-Free, Paraben-Free",D3-C2,12.0,READY_FOR_LAUNCH,Oct-26,PLANNED_LAUNCH,planned_launch
94928292,2026-10-01,13764.0,40272.0,18646.300805399063,0.5,4.0,22668.0,40272.0,35675.0,40044.0,20644.118748834677,runrate_8wk 0.59 | owner_velocity 0.41,20644.0,-6880.0,9.6,0.67,,1.0,replenishment,C,0.5,C · directional · ±50%,11334.0,34002.0,P-60WIP-DSN-CIT,"Biom Plastic Free Plant Based Disinfecting Wipes - Fresh Citrus - 60ct: Ammonia-Free, Aluminum-Free, Paraben-Free",D3-C2,12.0,READY_FOR_LAUNCH,Oct-26,,plan 50% / controller 50%
94928292,2026-11-01,2524.0,0.0,14987.467846187177,0.0,5.0,2524.0,0.0,40044.0,71776.0,12846.401011017582,runrate_8wk 0.59 | owner_velocity 0.41,12846.0,-10323.0,17.2,0.2,,2.0,replenishment,C,0.5,C · directional · ±50%,1262.0,3786.0,P-60WIP-DSN-CIT,"Biom Plastic Free Plant Based Disinfecting Wipes - Fresh Citrus - 60ct: Ammonia-Free, Aluminum-Free, Paraben-Free",D3-C2,12.0,READY_FOR_LAUNCH,Nov-26,,plan 0% / controller 100%
94928292,2026-12-01,1878.0,0.0,12465.42617183898,0.0,4.0,593.0,0.0,71776.0,59321.0,13274.614378051501,runrate_8wk 0.59 | owner_velocity 0.41,13275.0,-11397.0,14.2,0.14,,3.0,replenishment,C,0.5,C · directional · ±50%,296.0,890.0,P-60WIP-DSN-CIT,"Biom Plastic Free Plant Based Disinfecting Wipes - Fresh Citrus - 60ct: Ammonia-Free, Aluminum-Free, Paraben-Free",D3-C2,12.0,READY_FOR_LAUNCH,Dec-26,,plan 0% / controller 100%
94928292,2027-01-01,18993.0,0.0,23402.96638572668,0.0,5.0,16007.0,0.0,59321.0,44635.0,20644.118748834677,runrate_8wk 0.59 | owner_velocity 0.41,20644.0,-1652.0,10.7,0.92,STEP_UP,4.0,replenishment,C,0.5,C · directional · ±50%,8004.0,24010.0,P-60WIP-DSN-CIT,"Biom Plastic Free Plant Based Disinfecting Wipes - Fresh Citrus - 60ct: Ammonia-Free, Aluminum-Free, Paraben-Free",D3-C2,12.0,READY_FOR_LAUNCH,Jan-27,STEP_UP,plan 0% / controller 100%
94928292,2027-02-01,17925.0,0.0,19189.900805222427,0.0,4.0,17541.0,0.0,44635.0,41958.0,19090.05590729569,runrate_8wk 0.59 | owner_velocity 0.41,19090.0,-1165.0,10.1,0.94,,5.0,replenishment,C,0.5,C · directional · ±50%,8770.0,26312.0,P-60WIP-DSN-CIT,"Biom Plastic Free Plant Based Disinfecting Wipes - Fresh Citrus - 60ct: Ammonia-Free, Aluminum-Free, Paraben-Free",D3-C2,12.0,READY_FOR_LAUNCH,Feb-27,,plan 0% / controller 100%
94928292,2027-03-01,19469.0,0.0,19870.510192756366,0.0,4.0,18872.0,0.0,41958.0,40355.0,21651.284346175045,runrate_8wk 0.59 | owner_velocity 0.41,21651.0,-2182.0,9.7,0.9,,6.0,replenishment,C,0.5,C · directional · ±50%,9436.0,28308.0,P-60WIP-DSN-CIT,"Biom Plastic Free Plant Based Disinfecting Wipes - Fresh Citrus - 60ct: Ammonia-Free, Aluminum-Free, Paraben-Free",D3-C2,12.0,READY_FOR_LAUNCH,Mar-27,,plan 0% / controller 100%
94928292,2027-04-01,23813.0,0.0,22404.07447771422,0.0,4.0,29066.0,0.0,40355.0,38621.0,24097.97010357138,runrate_8wk 0.59 | owner_velocity 0.41,24098.0,-285.0,9.3,0.99,,7.0,replenishment,D,0.7,D · plan-based · ±70%,8720.0,49412.0,P-60WIP-DSN-CIT,"Biom Plastic Free Plant Based Disinfecting Wipes - Fresh Citrus - 60ct: Ammonia-Free, Aluminum-Free, Paraben-Free",D3-C2,12.0,READY_FOR_LAUNCH,Apr-27,,plan 0% / controller 100%
94928292,2027-05-01,25107.0,0.0,25148.280957307896,0.0,5.0,20051.0,0.0,38621.0,41520.0,22192.9429194993,runrate_8wk 0.59 | owner_velocity 0.41,22193.0,2914.0,10.0,1.13,,8.0,replenishment,D,0.7,D · plan-based · ±70%,6015.0,34087.0,P-60WIP-DSN-CIT,"Biom Plastic Free Plant Based Disinfecting Wipes - Fresh Citrus - 60ct: Ammonia-Free, Aluminum-Free, Paraben-Free",D3-C2,12.0,READY_FOR_LAUNCH,May-27,,plan 0% / controller 100%
94928292,2027-06-01,20585.0,0.0,20601.729487495293,0.0,4.0,20433.0,0.0,41520.0,40993.0,22027.436533851454,runrate_8wk 0.59 | owner_velocity 0.41,22027.0,-1443.0,9.8,0.93,,9.0,replenishment,D,0.7,D · plan-based · ±70%,6130.0,34736.0,P-60WIP-DSN-CIT,"Biom Plastic Free Plant Based Disinfecting Wipes - Fresh Citrus - 60ct: Ammonia-Free, Aluminum-Free, Paraben-Free",D3-C2,12.0,READY_FOR_LAUNCH,Jun-27,,plan 0% / controller 100%
94928292,2027-07-01,21225.0,0.0,20958.302175555906,0.0,4.0,26433.0,0.0,40993.0,40802.0,23203.83455150832,runrate_8wk 0.59 | owner_velocity 0.41,23204.0,-1978.0,9.8,0.91,,10.0,replenishment,D,0.7,D · plan-based · ±70%,7930.0,44936.0,P-60WIP-DSN-CIT,"Biom Plastic Free Plant Based Disinfecting Wipes - Fresh Citrus - 60ct: Ammonia-Free, Aluminum-Free, Paraben-Free",D3-C2,12.0,READY_FOR_LAUNCH,Jul-27,,plan 0% / controller 100%
94928292,2027-08-01,26503.0,0.0,26197.87771967655,0.0,5.0,21211.0,0.0,40802.0,41147.0,23203.83455150832,runrate_8wk 0.59 | owner_velocity 0.41,23204.0,3299.0,9.9,1.14,,11.0,replenishment,D,0.7,D · plan-based · ±70%,6363.0,36059.0,P-60WIP-DSN-CIT,"Biom Plastic Free Plant Based Disinfecting Wipes - Fresh Citrus - 60ct: Ammonia-Free, Aluminum-Free, Paraben-Free",D3-C2,12.0,READY_FOR_LAUNCH,Aug-27,,plan 0% / controller 100%
94928292,2027-09-01,21129.0,0.0,20958.302177061774,0.0,4.0,21144.0,0.0,41147.0,41365.0,22455.323761261723,runrate_8wk 0.59 | owner_velocity 0.41,22455.0,-1326.0,9.9,0.94,,12.0,replenishment,D,0.7,D · plan-based · ±70%,6343.0,35945.0,P-60WIP-DSN-CIT,"Biom Plastic Free Plant Based Disinfecting Wipes - Fresh Citrus - 60ct: Ammonia-Free, Aluminum-Free, Paraben-Free",D3-C2,12.0,READY_FOR_LAUNCH,Sep-27,,plan 0% / controller 100%
94928292,2027-10-01,26345.0,0.0,26197.877719792392,0.0,5.0,26358.0,0.0,41365.0,41554.0,23203.83455150832,runrate_8wk 0.59 | owner_velocity 0.41,23204.0,3141.0,10.0,1.14,,13.0,replenishment,E,1.0,E · indicative · ±100%,0.0,52716.0,P-60WIP-DSN-CIT,"Biom Plastic Free Plant Based Disinfecting Wipes - Fresh Citrus - 60ct: Ammonia-Free, Aluminum-Free, Paraben-Free",D3-C2,12.0,READY_FOR_LAUNCH,Oct-27,,plan 0% / controller 100%
94928292,2027-11-01,21039.0,0.0,20958.302176945937,0.0,4.0,21046.0,0.0,41554.0,41657.0,22455.323761261723,runrate_8wk 0.59 | owner_velocity 0.41,22455.0,-1417.0,10.0,0.94,,14.0,replenishment,E,1.0,E · indicative · ±100%,0.0,42092.0,P-60WIP-DSN-CIT,"Biom Plastic Free Plant Based Disinfecting Wipes - Fresh Citrus - 60ct: Ammonia-Free, Aluminum-Free, Paraben-Free",D3-C2,12.0,READY_FOR_LAUNCH,Nov-27,,plan 0% / controller 100%
94928292,2027-12-01,19893.0,0.0,20209.791383571766,0.0,4.0,25150.0,0.0,41657.0,42479.0,23203.83455150832,runrate_8wk 0.59 | owner_velocity 0.41,23204.0,-3311.0,10.2,0.86,,15.0,replenishment,E,1.0,E · indicative · ±100%,0.0,50300.0,P-60WIP-DSN-CIT,"Biom Plastic Free Plant Based Disinfecting Wipes - Fresh Citrus - 60ct: Ammonia-Free, Aluminum-Free, Paraben-Free",D3-C2,12.0,READY_FOR_LAUNCH,Dec-27,,plan 0% / controller 100%
94928293,2026-09-01,7296.0,0.0,7710.675500440046,1.0,4.0,7544.0,0.0,13153.0,10778.0,8244.093655928558,runrate_8wk 0.59 | owner_velocity 0.41,8244.0,-948.0,5.4,0.88,,0.0,replenishment,B,0.3,B · good · ±30%,5281.0,9807.0,K-60WIP-AP-COM,Biom Plant Based Refillable All Purpose Wipes Variety - 3pk/180ct,D3-C2,4.0,READY_FOR_LAUNCH,Sep-26,,plan 100% / controller 0%
94928293,2026-10-01,7912.0,0.0,7845.576235773864,1.0,4.0,9852.0,0.0,10778.0,10581.0,8686.173689606778,runrate_8wk 0.59 | owner_velocity 0.41,8686.0,-774.0,5.3,0.91,,1.0,replenishment,B,0.3,B · good · ±30%,6896.0,12808.0,K-60WIP-AP-COM,Biom Plant Based Refillable All Purpose Wipes Variety - 3pk/180ct,D3-C2,4.0,READY_FOR_LAUNCH,Oct-26,,plan 100% / controller 0%
94928293,2026-11-01,11718.0,0.0,10035.019987568758,0.0,5.0,9354.0,0.0,10581.0,11214.0,8575.949464696045,runrate_8wk 0.59 | owner_velocity 0.41,8576.0,3142.0,5.6,1.37,,2.0,replenishment,C,0.5,C · directional · ±50%,4677.0,14031.0,K-60WIP-AP-COM,Biom Plant Based Refillable All Purpose Wipes Variety - 3pk/180ct,D3-C2,4.0,READY_FOR_LAUNCH,Nov-26,,plan 0% / controller 100%
94928293,2026-12-01,9360.0,0.0,8183.288085187597,0.0,4.0,9399.0,0.0,11214.0,12432.0,9046.23724181082,runrate_8wk 0.59 | owner_velocity 0.41,9046.0,313.0,6.2,1.03,,3.0,replenishment,C,0.5,C · directional · ±50%,4700.0,14098.0,K-60WIP-AP-COM,Biom Plant Based Refillable All Purpose Wipes Variety - 3pk/180ct,D3-C2,4.0,READY_FOR_LAUNCH,Dec-26,,plan 0% / controller 100%
94928293,2027-01-01,11666.0,0.0,10471.477354218021,0.0,5.0,11642.0,0.0,12432.0,13646.0,9239.88117686709,runrate_8wk 0.59 | owner_velocity 0.41,9240.0,2426.0,6.8,1.26,,4.0,replenishment,C,0.5,C · directional · ±50%,5821.0,17463.0,K-60WIP-AP-COM,Biom Plant Based Refillable All Purpose Wipes Variety - 3pk/180ct,D3-C2,4.0,READY_FOR_LAUNCH,Jan-27,,plan 0% / controller 100%
94928293,2027-02-01,9374.0,0.0,8570.669654155432,0.0,4.0,9351.0,0.0,13646.0,14398.0,8529.348536801968,runrate_8wk 0.59 | owner_velocity 0.41,8529.0,844.0,7.2,1.1,,5.0,replenishment,C,0.5,C · directional · ±50%,4676.0,14026.0,K-60WIP-AP-COM,Biom Plant Based Refillable All Purpose Wipes Variety - 3pk/180ct,D3-C2,4.0,READY_FOR_LAUNCH,Feb-27,,plan 0% / controller 100%
94928293,2027-03-01,9621.0,0.0,8852.341936643596,0.0,4.0,9456.0,0.0,14398.0,14945.0,9656.699748261744,runrate_8wk 0.59 | owner_velocity 0.41,9657.0,-36.0,7.5,1.0,,6.0,replenishment,C,0.5,C · directional · ±50%,4728.0,14184.0,K-60WIP-AP-COM,Biom Plant Based Refillable All Purpose Wipes Variety - 3pk/180ct,D3-C2,4.0,READY_FOR_LAUNCH,Mar-27,,plan 0% / controller 100%
94928293,2027-04-01,11151.0,0.0,9900.865282931862,0.0,4.0,13687.0,0.0,14945.0,15086.0,10646.808493357385,runrate_8wk 0.59 | owner_velocity 0.41,10647.0,505.0,7.6,1.05,,7.0,replenishment,D,0.7,D · plan-based · ±70%,4106.0,23268.0,K-60WIP-AP-COM,Biom Plant Based Refillable All Purpose Wipes Variety - 3pk/180ct,D3-C2,4.0,READY_FOR_LAUNCH,Apr-27,,plan 0% / controller 100%
94928293,2027-05-01,11750.0,0.0,11193.781138480956,0.0,5.0,9404.0,0.0,15086.0,17023.0,9880.866806216687,runrate_8wk 0.59 | owner_velocity 0.41,9881.0,1869.0,8.5,1.19,,8.0,replenishment,D,0.7,D · plan-based · ±70%,2821.0,15987.0,K-60WIP-AP-COM,Biom Plant Based Refillable All Purpose Wipes Variety - 3pk/180ct,D3-C2,4.0,READY_FOR_LAUNCH,May-27,,plan 0% / controller 100%
94928293,2027-06-01,9471.0,0.0,9161.168217384062,0.0,4.0,9427.0,0.0,17023.0,17203.0,9789.911827046904,runrate_8wk 0.59 | owner_velocity 0.41,9790.0,-319.0,8.6,0.97,,9.0,replenishment,D,0.7,D · plan-based · ±70%,2828.0,16026.0,K-60WIP-AP-COM,Biom Plant Based Refillable All Purpose Wipes Variety - 3pk/180ct,D3-C2,4.0,READY_FOR_LAUNCH,Jun-27,,plan 0% / controller 100%
94928293,2027-07-01,9731.0,0.0,9360.478040775317,0.0,4.0,12122.0,0.0,17203.0,17386.0,10363.386402286957,runrate_8wk 0.59 | owner_velocity 0.41,10363.0,-632.0,8.7,0.94,,10.0,replenishment,D,0.7,D · plan-based · ±70%,3637.0,20607.0,K-60WIP-AP-COM,Biom Plant Based Refillable All Purpose Wipes Variety - 3pk/180ct,D3-C2,4.0,READY_FOR_LAUNCH,Jul-27,,plan 0% / controller 100%
94928293,2027-08-01,12584.0,0.0,12028.741250980132,0.0,5.0,10033.0,0.0,17386.0,17674.0,10622.887797915206,runrate_8wk 0.59 | owner_velocity 0.41,10623.0,1961.0,8.9,1.18,,11.0,replenishment,D,0.7,D · plan-based · ±70%,3010.0,17056.0,K-60WIP-AP-COM,Biom Plant Based Refillable All Purpose Wipes Variety - 3pk/180ct,D3-C2,4.0,READY_FOR_LAUNCH,Aug-27,,plan 0% / controller 100%
94928293,2027-09-01,10351.0,0.0,9859.432254267678,0.0,4.0,10300.0,0.0,17674.0,17963.0,10543.900897986947,runrate_8wk 0.59 | owner_velocity 0.41,10544.0,-193.0,9.0,0.98,,12.0,replenishment,D,0.7,D · plan-based · ±70%,3090.0,17510.0,K-60WIP-AP-COM,Biom Plant Based Refillable All Purpose Wipes Variety - 3pk/180ct,D3-C2,4.0,READY_FOR_LAUNCH,Sep-27,,plan 0% / controller 100%
94928293,2027-10-01,13367.0,0.0,12682.37712483827,0.0,5.0,13238.0,0.0,17963.0,18371.0,11181.464544857692,runrate_8wk 0.59 | owner_velocity 0.41,11181.0,2185.0,9.2,1.2,,13.0,replenishment,E,1.0,E · indicative · ±100%,0.0,26476.0,K-60WIP-AP-COM,Biom Plant Based Refillable All Purpose Wipes Variety - 3pk/180ct,D3-C2,4.0,READY_FOR_LAUNCH,Oct-27,,plan 0% / controller 100%
94928293,2027-11-01,10996.0,0.0,10411.421223370493,0.0,4.0,10942.0,0.0,18371.0,18742.0,11111.486946631188,runrate_8wk 0.59 | owner_velocity 0.41,11111.0,-115.0,9.4,0.99,,14.0,replenishment,E,1.0,E · indicative · ±100%,0.0,21884.0,K-60WIP-AP-COM,Biom Plant Based Refillable All Purpose Wipes Variety - 3pk/180ct,D3-C2,4.0,READY_FOR_LAUNCH,Nov-27,,plan 0% / controller 100%
94928293,2027-12-01,10697.0,0.0,10275.063745942409,0.0,4.0,13483.0,0.0,18742.0,19547.0,11797.29541200795,runrate_8wk 0.59 | owner_velocity 0.41,11797.0,-1100.0,9.8,0.91,,15.0,replenishment,E,1.0,E · indicative · ±100%,0.0,26966.0,K-60WIP-AP-COM,Biom Plant Based Refillable All Purpose Wipes Variety - 3pk/180ct,D3-C2,4.0,READY_FOR_LAUNCH,Dec-27,,plan 0% / controller 100%
94979715,2026-09-01,2184.0,0.0,4416.960573458407,1.0,4.0,1944.0,0.0,8431.0,5886.0,4728.77866523308,runrate_8wk 0.59 | owner_velocity 0.41,4729.0,-2545.0,3.7,0.46,,0.0,replenishment,B,0.3,B · good · ±30%,1361.0,2527.0,P-30WIP-BOD-NAT-TRV,Biom Travel Pack Biodegradable Body Wipes - Naturally Fresh - 30ct,D253-C4,24.0,READY_FOR_LAUNCH,Sep-26,,plan 100% / controller 0%
94979715,2026-10-01,1992.0,0.0,4445.575733798964,1.0,4.0,2568.0,0.0,5886.0,3480.0,4921.887419563139,runrate_8wk 0.59 | owner_velocity 0.41,4922.0,-2930.0,2.2,0.4,,1.0,replenishment,B,0.3,B · good · ±30%,1798.0,3338.0,P-30WIP-BOD-NAT-TRV,Biom Travel Pack Biodegradable Body Wipes - Naturally Fresh - 30ct,D253-C4,24.0,READY_FOR_LAUNCH,Oct-26,,plan 100% / controller 0%
94979715,2026-11-01,7639.0,0.0,5605.343595821121,0.0,5.0,6075.0,0.0,3480.0,2372.0,4799.171959670847,runrate_8wk 0.59 | owner_velocity 0.41,4799.0,2840.0,1.5,1.59,STEP_UP,2.0,replenishment,C,0.5,C · directional · ±50%,3038.0,9112.0,P-30WIP-BOD-NAT-TRV,Biom Travel Pack Biodegradable Body Wipes - Naturally Fresh - 30ct,D253-C4,24.0,READY_FOR_LAUNCH,Nov-26,STEP_UP,plan 0% / controller 100%
94979715,2026-12-01,6023.0,0.0,4517.211212442346,0.0,4.0,6119.0,0.0,2372.0,4078.0,4998.264144131701,runrate_8wk 0.59 | owner_velocity 0.41,4998.0,1025.0,2.5,1.2,,3.0,replenishment,C,0.5,C · directional · ±50%,3060.0,9178.0,P-30WIP-BOD-NAT-TRV,Biom Travel Pack Biodegradable Body Wipes - Naturally Fresh - 30ct,D253-C4,24.0,READY_FOR_LAUNCH,Dec-26,,plan 0% / controller 100%
94979715,2027-01-01,7050.0,0.0,5697.924985521667,0.0,5.0,7140.0,0.0,4078.0,5738.0,5039.3399191442495,runrate_8wk 0.59 | owner_velocity 0.41,5039.0,2011.0,3.6,1.4,,4.0,replenishment,C,0.5,C · directional · ±50%,3570.0,10710.0,P-30WIP-BOD-NAT-TRV,Biom Travel Pack Biodegradable Body Wipes - Naturally Fresh - 30ct,D253-C4,24.0,READY_FOR_LAUNCH,Jan-27,,plan 0% / controller 100%
94979715,2027-02-01,5372.0,0.0,4599.382637595842,0.0,4.0,5420.0,0.0,5738.0,6672.0,4590.617597245574,runrate_8wk 0.59 | owner_velocity 0.41,4591.0,781.0,4.1,1.17,,5.0,replenishment,C,0.5,C · directional · ±50%,2710.0,8130.0,P-30WIP-BOD-NAT-TRV,Biom Travel Pack Biodegradable Body Wipes - Naturally Fresh - 30ct,D253-C4,24.0,READY_FOR_LAUNCH,Feb-27,,plan 0% / controller 100%
94979715,2027-03-01,5664.0,0.0,4933.022643377898,0.0,4.0,5256.0,0.0,6672.0,7068.0,5127.7555244744635,runrate_8wk 0.59 | owner_velocity 0.41,5128.0,536.0,4.4,1.1,,6.0,replenishment,C,0.5,C · directional · ±50%,2628.0,7884.0,P-30WIP-BOD-NAT-TRV,Biom Travel Pack Biodegradable Body Wipes - Naturally Fresh - 30ct,D253-C4,24.0,READY_FOR_LAUNCH,Mar-27,,plan 0% / controller 100%
94979715,2027-04-01,9593.0,0.0,7452.094254992061,0.0,4.0,11332.0,0.0,7068.0,6310.0,7977.359300920403,runrate_8wk 0.59 | owner_velocity 0.41,7977.0,1616.0,3.9,1.2,,7.0,replenishment,D,0.7,D · plan-based · ±70%,3400.0,19264.0,P-30WIP-BOD-NAT-TRV,Biom Travel Pack Biodegradable Body Wipes - Naturally Fresh - 30ct,D253-C4,24.0,READY_FOR_LAUNCH,Apr-27,,plan 0% / controller 100%
94979715,2027-05-01,12068.0,0.0,9570.915210139741,0.0,5.0,9680.0,0.0,6310.0,8885.0,8446.597409074646,runrate_8wk 0.59 | owner_velocity 0.41,8447.0,3621.0,5.5,1.43,,8.0,replenishment,D,0.7,D · plan-based · ±70%,2904.0,16456.0,P-30WIP-BOD-NAT-TRV,Biom Travel Pack Biodegradable Body Wipes - Naturally Fresh - 30ct,D253-C4,24.0,READY_FOR_LAUNCH,May-27,,plan 0% / controller 100%
94979715,2027-06-01,9381.0,0.0,7843.710223588412,0.0,4.0,9440.0,0.0,8885.0,10584.0,8380.732111372763,runrate_8wk 0.59 | owner_velocity 0.41,8381.0,1000.0,6.6,1.12,,9.0,replenishment,D,0.7,D · plan-based · ±70%,2832.0,16048.0,P-30WIP-BOD-NAT-TRV,Biom Travel Pack Biodegradable Body Wipes - Naturally Fresh - 30ct,D253-C4,24.0,READY_FOR_LAUNCH,Jun-27,,plan 0% / controller 100%
94979715,2027-07-01,9266.0,0.0,8024.490109481471,0.0,4.0,11596.0,0.0,10584.0,11910.0,8884.256906925915,runrate_8wk 0.59 | owner_velocity 0.41,8884.0,382.0,7.4,1.04,,10.0,replenishment,D,0.7,D · plan-based · ±70%,3479.0,19713.0,P-30WIP-BOD-NAT-TRV,Biom Travel Pack Biodegradable Body Wipes - Naturally Fresh - 30ct,D253-C4,24.0,READY_FOR_LAUNCH,Jul-27,,plan 0% / controller 100%
94979715,2027-08-01,11611.0,0.0,10328.248642788578,0.0,5.0,9283.0,0.0,11910.0,13173.0,9119.632319643119,runrate_8wk 0.59 | owner_velocity 0.41,9120.0,2492.0,8.2,1.27,,11.0,replenishment,D,0.7,D · plan-based · ±70%,2785.0,15781.0,P-30WIP-BOD-NAT-TRV,Biom Travel Pack Biodegradable Body Wipes - Naturally Fresh - 30ct,D253-C4,24.0,READY_FOR_LAUNCH,Aug-27,,plan 0% / controller 100%
94979715,2027-09-01,9349.0,0.0,8477.056287453512,0.0,4.0,9340.0,0.0,13173.0,13984.0,9064.622423590943,runrate_8wk 0.59 | owner_velocity 0.41,9065.0,285.0,8.7,1.03,,12.0,replenishment,D,0.7,D · plan-based · ±70%,2802.0,15878.0,P-30WIP-BOD-NAT-TRV,Biom Travel Pack Biodegradable Body Wipes - Naturally Fresh - 30ct,D253-C4,24.0,READY_FOR_LAUNCH,Sep-27,,plan 0% / controller 100%
94979715,2027-10-01,11909.0,0.0,10921.115652641387,0.0,5.0,11824.0,0.0,13984.0,14826.0,9626.277898624434,runrate_8wk 0.59 | owner_velocity 0.41,9626.0,2282.0,9.2,1.24,,13.0,replenishment,E,1.0,E · indicative · ±100%,0.0,23648.0,P-30WIP-BOD-NAT-TRV,Biom Travel Pack Biodegradable Body Wipes - Naturally Fresh - 30ct,D253-C4,24.0,READY_FOR_LAUNCH,Oct-27,,plan 0% / controller 100%
94979715,2027-11-01,9709.0,0.0,8977.726557076305,0.0,4.0,9677.0,0.0,14826.0,15420.0,9579.439705124909,runrate_8wk 0.59 | owner_velocity 0.41,9579.0,129.0,9.6,1.01,,14.0,replenishment,E,1.0,E · indicative · ±100%,0.0,19354.0,P-30WIP-BOD-NAT-TRV,Biom Travel Pack Biodegradable Body Wipes - Naturally Fresh - 30ct,D253-C4,24.0,READY_FOR_LAUNCH,Nov-27,,plan 0% / controller 100%
94979715,2027-12-01,9405.0,0.0,8870.679852590543,0.0,4.0,11860.0,0.0,15420.0,16318.0,10184.85464556692,runrate_8wk 0.59 | owner_velocity 0.41,10185.0,-779.0,10.1,0.92,,15.0,replenishment,E,1.0,E · indicative · ±100%,0.0,23720.0,P-30WIP-BOD-NAT-TRV,Biom Travel Pack Biodegradable Body Wipes - Naturally Fresh - 30ct,D253-C4,24.0,READY_FOR_LAUNCH,Dec-27,,plan 0% / controller 100%
94979716,2026-09-01,3048.0,0.0,3405.336563979547,0.5,4.0,3747.0,0.0,1273.0,346.0,3648.574889978086,runrate_8wk 0.59 | owner_velocity 0.41,3649.0,-600.0,0.2,0.84,,0.0,replenishment,C,0.5,C · directional · ±50%,1874.0,5620.0,P-20WIP-SAN-STL-TRV,Biom Travel Pack Biodegradable Hand Sanitizing Wipes - Santal Escape - 20ct,D253-C4,24.0,READY_FOR_LAUNCH,Sep-26,,plan 50% / controller 50%
94979716,2026-10-01,288.0,0.0,3405.336563979547,1.0,4.0,384.0,0.0,346.0,0.0,3770.1940529773556,runrate_8wk 0.59 | owner_velocity 0.41,3770.0,-3482.0,0.0,0.08,,1.0,replenishment,B,0.3,B · good · ±30%,269.0,499.0,P-20WIP-SAN-STL-TRV,Biom Travel Pack Biodegradable Hand Sanitizing Wipes - Santal Escape - 20ct,D253-C4,24.0,READY_FOR_LAUNCH,Oct-26,,plan 100% / controller 0%
94979716,2026-11-01,6358.0,0.0,4256.670704974434,0.0,5.0,5108.0,0.0,0.0,851.0,3648.574889978086,runrate_8wk 0.59 | owner_velocity 0.41,3649.0,2710.0,0.6,1.74,STEP_UP,2.0,replenishment,C,0.5,C · directional · ±50%,2554.0,7662.0,P-20WIP-SAN-STL-TRV,Biom Travel Pack Biodegradable Hand Sanitizing Wipes - Santal Escape - 20ct,D253-C4,24.0,READY_FOR_LAUNCH,Nov-26,STEP_UP,plan 0% / controller 100%
94979716,2026-12-01,4737.0,0.0,3405.336563979547,0.0,4.0,4842.0,0.0,851.0,2474.0,3770.1940529773556,runrate_8wk 0.59 | owner_velocity 0.41,3770.0,967.0,1.7,1.26,,3.0,replenishment,C,0.5,C · directional · ±50%,2421.0,7263.0,P-20WIP-SAN-STL-TRV,Biom Travel Pack Biodegradable Hand Sanitizing Wipes - Santal Escape - 20ct,D253-C4,24.0,READY_FOR_LAUNCH,Dec-26,,plan 0% / controller 100%
94979716,2027-01-01,5412.0,0.0,4256.670704974434,0.0,5.0,5512.0,0.0,2474.0,3954.0,3770.1940529773556,runrate_8wk 0.59 | owner_velocity 0.41,3770.0,1642.0,2.7,1.44,,4.0,replenishment,C,0.5,C · directional · ±50%,2756.0,8268.0,P-20WIP-SAN-STL-TRV,Biom Travel Pack Biodegradable Hand Sanitizing Wipes - Santal Escape - 20ct,D253-C4,24.0,READY_FOR_LAUNCH,Jan-27,,plan 0% / controller 100%
94979716,2027-02-01,4038.0,0.0,3405.336563979547,0.0,4.0,4093.0,0.0,3954.0,4767.0,3405.336563979547,runrate_8wk 0.59 | owner_velocity 0.41,3405.0,633.0,3.3,1.19,,5.0,replenishment,C,0.5,C · directional · ±50%,2046.0,6140.0,P-20WIP-SAN-STL-TRV,Biom Travel Pack Biodegradable Hand Sanitizing Wipes - Santal Escape - 20ct,D253-C4,24.0,READY_FOR_LAUNCH,Feb-27,,plan 0% / controller 100%
94979716,2027-03-01,3858.0,0.0,3405.336563979547,0.0,4.0,3897.0,0.0,4767.0,5349.0,3770.1940529773556,runrate_8wk 0.59 | owner_velocity 0.41,3770.0,88.0,3.7,1.02,,6.0,replenishment,C,0.5,C · directional · ±50%,1948.0,5846.0,P-20WIP-SAN-STL-TRV,Biom Travel Pack Biodegradable Hand Sanitizing Wipes - Santal Escape - 20ct,D253-C4,24.0,READY_FOR_LAUNCH,Mar-27,,plan 0% / controller 100%
94979716,2027-04-01,5061.0,0.0,4293.201913931857,0.0,4.0,6011.0,0.0,5349.0,4877.0,3648.574889978086,runrate_8wk 0.59 | owner_velocity 0.41,3649.0,1412.0,3.4,1.39,,7.0,replenishment,D,0.7,D · plan-based · ±70%,1803.0,10219.0,P-20WIP-SAN-STL-TRV,Biom Travel Pack Biodegradable Hand Sanitizing Wipes - Santal Escape - 20ct,D253-C4,24.0,READY_FOR_LAUNCH,Apr-27,,plan 0% / controller 100%
94979716,2027-05-01,52491.0,0.0,35331.95795350577,0.0,5.0,42094.0,0.0,4877.0,6762.0,31294.019901498967,runrate_8wk 0.59 | owner_velocity 0.41,31294.0,21197.0,4.7,1.68,,8.0,replenishment,D,0.7,D · plan-based · ±70%,12628.0,71560.0,P-20WIP-SAN-STL-TRV,Biom Travel Pack Biodegradable Hand Sanitizing Wipes - Santal Escape - 20ct,D253-C4,24.0,READY_FOR_LAUNCH,May-27,,plan 0% / controller 100%
94979716,2027-06-01,39396.0,0.0,28265.566363646656,0.0,4.0,40266.0,0.0,6762.0,20270.0,30284.5353897503,runrate_8wk 0.59 | owner_velocity 0.41,30285.0,9111.0,13.9,1.3,,9.0,replenishment,D,0.7,D · plan-based · ±70%,12080.0,68452.0,P-20WIP-SAN-STL-TRV,Biom Travel Pack Biodegradable Hand Sanitizing Wipes - Santal Escape - 20ct,D253-C4,24.0,READY_FOR_LAUNCH,Jun-27,,plan 0% / controller 100%
94979716,2027-07-01,36302.0,0.0,28265.566362644226,0.0,4.0,45829.0,0.0,20270.0,30556.0,31294.019901498967,runrate_8wk 0.59 | owner_velocity 0.41,31294.0,5008.0,21.0,1.16,,10.0,replenishment,D,0.7,D · plan-based · ±70%,13749.0,77909.0,P-20WIP-SAN-STL-TRV,Biom Travel Pack Biodegradable Hand Sanitizing Wipes - Santal Escape - 20ct,D253-C4,24.0,READY_FOR_LAUNCH,Jul-27,,plan 0% / controller 100%
94979716,2027-08-01,42246.0,0.0,35331.95795346567,0.0,5.0,34018.0,0.0,30556.0,39442.0,31294.019901498967,runrate_8wk 0.59 | owner_velocity 0.41,31294.0,10952.0,27.1,1.35,,11.0,replenishment,D,0.7,D · plan-based · ±70%,10205.0,57831.0,P-20WIP-SAN-STL-TRV,Biom Travel Pack Biodegradable Hand Sanitizing Wipes - Santal Escape - 20ct,D253-C4,24.0,READY_FOR_LAUNCH,Aug-27,,plan 0% / controller 100%
94979716,2027-09-01,32050.0,0.0,28265.566363686754,0.0,4.0,32381.0,0.0,39442.0,44308.0,30284.5353897503,runrate_8wk 0.59 | owner_velocity 0.41,30285.0,1765.0,30.5,1.06,,12.0,replenishment,D,0.7,D · plan-based · ±70%,9714.0,55048.0,P-20WIP-SAN-STL-TRV,Biom Travel Pack Biodegradable Hand Sanitizing Wipes - Santal Escape - 20ct,D253-C4,24.0,READY_FOR_LAUNCH,Sep-27,,plan 0% / controller 100%
94979716,2027-10-01,38585.0,0.0,35331.95795354587,0.0,5.0,38870.0,0.0,44308.0,48490.0,31294.019901498967,runrate_8wk 0.59 | owner_velocity 0.41,31294.0,7291.0,33.4,1.23,,13.0,replenishment,E,1.0,E · indicative · ±100%,0.0,77740.0,P-20WIP-SAN-STL-TRV,Biom Travel Pack Biodegradable Hand Sanitizing Wipes - Santal Escape - 20ct,D253-C4,24.0,READY_FOR_LAUNCH,Oct-27,,plan 0% / controller 100%
94979716,2027-11-01,30046.0,0.0,28265.56636360656,0.0,4.0,30202.0,0.0,48490.0,50780.0,30284.5353897503,runrate_8wk 0.59 | owner_velocity 0.41,30285.0,-238.0,34.9,0.99,,14.0,replenishment,E,1.0,E · indicative · ±100%,0.0,60404.0,P-20WIP-SAN-STL-TRV,Biom Travel Pack Biodegradable Hand Sanitizing Wipes - Santal Escape - 20ct,D253-C4,24.0,READY_FOR_LAUNCH,Nov-27,,plan 0% / controller 100%
94979716,2027-12-01,28025.0,0.0,27256.081849692648,0.0,4.0,35482.0,0.0,50780.0,53427.0,31294.019901498967,runrate_8wk 0.59 | owner_velocity 0.41,31294.0,-3269.0,36.8,0.9,,15.0,replenishment,E,1.0,E · indicative · ±100%,0.0,70964.0,P-20WIP-SAN-STL-TRV,Biom Travel Pack Biodegradable Hand Sanitizing Wipes - Santal Escape - 20ct,D253-C4,24.0,READY_FOR_LAUNCH,Dec-27,,plan 0% / controller 100%
94979717,2026-09-01,4104.0,0.0,5287.613110866999,1.0,4.0,4752.0,0.0,7113.0,6488.0,5663.1890282485,runrate_8wk 0.59 | owner_velocity 0.41,5663.0,-1559.0,5.2,0.72,,0.0,replenishment,B,0.3,B · good · ±30%,3326.0,6178.0,K-6DIS-WHI-1SAN-STL,Biom Mini Dispenser with Biodegradable Hand Sanitizing Wipes - Santal Escape - 40ct,D253-C4,6.0,READY_FOR_LAUNCH,Sep-26,,plan 100% / controller 0%
94979717,2026-10-01,3768.0,0.0,5304.029926159212,1.0,4.0,4818.0,0.0,6488.0,5251.0,5872.318846819127,runrate_8wk 0.59 | owner_velocity 0.41,5872.0,-2104.0,4.2,0.64,,1.0,replenishment,B,0.3,B · good · ±30%,3373.0,6263.0,K-6DIS-WHI-1SAN-STL,Biom Mini Dispenser with Biodegradable Hand Sanitizing Wipes - Santal Escape - 40ct,D253-C4,6.0,READY_FOR_LAUNCH,Oct-26,,plan 100% / controller 0%
94979717,2026-11-01,8499.0,0.0,6630.037407699016,0.0,5.0,6786.0,0.0,5251.0,4776.0,5682.889206599156,runrate_8wk 0.59 | owner_velocity 0.41,5683.0,2817.0,3.8,1.5,,2.0,replenishment,C,0.5,C · directional · ±50%,3393.0,10179.0,K-6DIS-WHI-1SAN-STL,Biom Mini Dispenser with Biodegradable Hand Sanitizing Wipes - Santal Escape - 40ct,D253-C4,6.0,READY_FOR_LAUNCH,Nov-26,,plan 0% / controller 100%
94979717,2026-12-01,6616.0,0.0,5304.029926159212,0.0,4.0,6712.0,0.0,4776.0,6315.0,5872.318846819127,runrate_8wk 0.59 | owner_velocity 0.41,5872.0,743.0,5.0,1.13,,3.0,replenishment,C,0.5,C · directional · ±50%,3356.0,10068.0,K-6DIS-WHI-1SAN-STL,Biom Mini Dispenser with Biodegradable Hand Sanitizing Wipes - Santal Escape - 40ct,D253-C4,6.0,READY_FOR_LAUNCH,Dec-26,,plan 0% / controller 100%
94979717,2027-01-01,7774.0,0.0,6630.037407699015,0.0,5.0,7873.0,0.0,6315.0,7778.0,5872.318846819127,runrate_8wk 0.59 | owner_velocity 0.41,5872.0,1902.0,6.2,1.32,,4.0,replenishment,C,0.5,C · directional · ±50%,3936.0,11810.0,K-6DIS-WHI-1SAN-STL,Biom Mini Dispenser with Biodegradable Hand Sanitizing Wipes - Santal Escape - 40ct,D253-C4,6.0,READY_FOR_LAUNCH,Jan-27,,plan 0% / controller 100%
94979717,2027-02-01,5931.0,0.0,5304.029926159211,0.0,4.0,5986.0,0.0,7778.0,8583.0,5304.029926159212,runrate_8wk 0.59 | owner_velocity 0.41,5304.0,627.0,6.9,1.12,,5.0,replenishment,C,0.5,C · directional · ±50%,2993.0,8979.0,K-6DIS-WHI-1SAN-STL,Biom Mini Dispenser with Biodegradable Hand Sanitizing Wipes - Santal Escape - 40ct,D253-C4,6.0,READY_FOR_LAUNCH,Feb-27,,plan 0% / controller 100%
94979717,2027-03-01,6257.0,0.0,5640.264534178921,0.0,4.0,5792.0,0.0,8583.0,8824.0,5872.318846819127,runrate_8wk 0.59 | owner_velocity 0.41,5872.0,384.0,7.1,1.07,,6.0,replenishment,C,0.5,C · directional · ±50%,2896.0,8688.0,K-6DIS-WHI-1SAN-STL,Biom Mini Dispenser with Biodegradable Hand Sanitizing Wipes - Santal Escape - 40ct,D253-C4,6.0,READY_FOR_LAUNCH,Mar-27,,plan 0% / controller 100%
94979717,2027-04-01,10679.0,0.0,8442.219601009829,0.0,4.0,12608.0,0.0,8824.0,7800.0,9045.235286796245,runrate_8wk 0.59 | owner_velocity 0.41,9045.0,1634.0,6.2,1.18,,7.0,replenishment,D,0.7,D · plan-based · ±70%,3782.0,21434.0,K-6DIS-WHI-1SAN-STL,Biom Mini Dispenser with Biodegradable Hand Sanitizing Wipes - Santal Escape - 40ct,D253-C4,6.0,READY_FOR_LAUNCH,Apr-27,,plan 0% / controller 100%
94979717,2027-05-01,13035.0,0.0,10552.774501262287,0.0,5.0,10500.0,0.0,7800.0,10634.0,9346.743129689454,runrate_8wk 0.59 | owner_velocity 0.41,9347.0,3688.0,8.5,1.39,,8.0,replenishment,D,0.7,D · plan-based · ±70%,3150.0,17850.0,K-6DIS-WHI-1SAN-STL,Biom Mini Dispenser with Biodegradable Hand Sanitizing Wipes - Santal Escape - 40ct,D253-C4,6.0,READY_FOR_LAUNCH,May-27,,plan 0% / controller 100%
94979717,2027-06-01,9828.0,0.0,8442.219601009829,0.0,4.0,9947.0,0.0,10634.0,12405.0,9045.235286796245,runrate_8wk 0.59 | owner_velocity 0.41,9045.0,782.0,9.9,1.09,,9.0,replenishment,D,0.7,D · plan-based · ±70%,2984.0,16910.0,K-6DIS-WHI-1SAN-STL,Biom Mini Dispenser with Biodegradable Hand Sanitizing Wipes - Santal Escape - 40ct,D253-C4,6.0,READY_FOR_LAUNCH,Jun-27,,plan 0% / controller 100%
94979717,2027-07-01,9434.0,0.0,8442.21960100983,0.0,4.0,11849.0,0.0,12405.0,13680.0,9346.743129689454,runrate_8wk 0.59 | owner_velocity 0.41,9347.0,87.0,10.9,1.01,,10.0,replenishment,D,0.7,D · plan-based · ±70%,3555.0,20143.0,K-6DIS-WHI-1SAN-STL,Biom Mini Dispenser with Biodegradable Hand Sanitizing Wipes - Santal Escape - 40ct,D253-C4,6.0,READY_FOR_LAUNCH,Jul-27,,plan 0% / controller 100%
94979717,2027-08-01,11406.0,0.0,10552.774501262287,0.0,5.0,9152.0,0.0,13680.0,14776.0,9346.743129689454,runrate_8wk 0.59 | owner_velocity 0.41,9347.0,2059.0,11.8,1.22,,11.0,replenishment,D,0.7,D · plan-based · ±70%,2746.0,15558.0,K-6DIS-WHI-1SAN-STL,Biom Mini Dispenser with Biodegradable Hand Sanitizing Wipes - Santal Escape - 40ct,D253-C4,6.0,READY_FOR_LAUNCH,Aug-27,,plan 0% / controller 100%
94979717,2027-09-01,8909.0,0.0,8442.219601009829,0.0,4.0,8950.0,0.0,14776.0,15377.0,9045.235286796245,runrate_8wk 0.59 | owner_velocity 0.41,9045.0,-136.0,12.3,0.98,,12.0,replenishment,D,0.7,D · plan-based · ±70%,2685.0,15215.0,K-6DIS-WHI-1SAN-STL,Biom Mini Dispenser with Biodegradable Hand Sanitizing Wipes - Santal Escape - 40ct,D253-C4,6.0,READY_FOR_LAUNCH,Sep-27,,plan 0% / controller 100%
94979717,2027-10-01,10954.0,0.0,10552.774501262287,0.0,5.0,10989.0,0.0,15377.0,15893.0,9346.743129689454,runrate_8wk 0.59 | owner_velocity 0.41,9347.0,1607.0,12.7,1.17,,13.0,replenishment,E,1.0,E · indicative · ±100%,0.0,21978.0,K-6DIS-WHI-1SAN-STL,Biom Mini Dispenser with Biodegradable Hand Sanitizing Wipes - Santal Escape - 40ct,D253-C4,6.0,READY_FOR_LAUNCH,Oct-27,,plan 0% / controller 100%
94979717,2027-11-01,8662.0,0.0,8442.219601009829,0.0,4.0,8681.0,0.0,15893.0,16175.0,9045.235286796245,runrate_8wk 0.59 | owner_velocity 0.41,9045.0,-383.0,12.9,0.96,,14.0,replenishment,E,1.0,E · indicative · ±100%,0.0,17362.0,K-6DIS-WHI-1SAN-STL,Biom Mini Dispenser with Biodegradable Hand Sanitizing Wipes - Santal Escape - 40ct,D253-C4,6.0,READY_FOR_LAUNCH,Nov-27,,plan 0% / controller 100%
94979717,2027-12-01,8147.0,0.0,8140.711758116622,0.0,4.0,10306.0,0.0,16175.0,16679.0,9346.743129689454,runrate_8wk 0.59 | owner_velocity 0.41,9347.0,-1200.0,13.3,0.87,,15.0,replenishment,E,1.0,E · indicative · ±100%,0.0,20612.0,K-6DIS-WHI-1SAN-STL,Biom Mini Dispenser with Biodegradable Hand Sanitizing Wipes - Santal Escape - 40ct,D253-C4,6.0,READY_FOR_LAUNCH,Dec-27,,plan 0% / controller 100%
94979718,2026-09-01,6360.0,0.0,6351.901016501852,1.0,4.0,6864.0,0.0,6014.0,7222.0,6792.7395670759215,runrate_8wk 0.59 | owner_velocity 0.41,6793.0,-433.0,4.1,0.94,,0.0,replenishment,B,0.3,B · good · ±30%,4805.0,8923.0,P-40WIP-6IN-SAN-STL,Biom Mini Biodegradable Refillable Hand Sanitizing Wipes - Santal Escape - 40ct,D253-C4,24.0,READY_FOR_LAUNCH,Sep-26,,plan 100% / controller 0%
94979718,2026-10-01,5880.0,0.0,6451.9906323156665,1.0,4.0,7488.0,0.0,7222.0,6722.0,7143.275342920917,runrate_8wk 0.59 | owner_velocity 0.41,7143.0,-1263.0,3.8,0.82,,1.0,replenishment,B,0.3,B · good · ±30%,5242.0,9734.0,P-40WIP-6IN-SAN-STL,Biom Mini Biodegradable Refillable Hand Sanitizing Wipes - Santal Escape - 40ct,D253-C4,24.0,READY_FOR_LAUNCH,Oct-26,,plan 100% / controller 0%
94979718,2026-11-01,10297.0,0.0,8234.18978615589,0.0,5.0,8221.0,0.0,6722.0,7117.0,7038.960022185076,runrate_8wk 0.59 | owner_velocity 0.41,7039.0,3258.0,4.1,1.46,,2.0,replenishment,C,0.5,C · directional · ±50%,4110.0,12332.0,P-40WIP-6IN-SAN-STL,Biom Mini Biodegradable Refillable Hand Sanitizing Wipes - Santal Escape - 40ct,D253-C4,24.0,READY_FOR_LAUNCH,Nov-26,,plan 0% / controller 100%
94979718,2026-12-01,8128.0,0.0,6702.5559775508145,0.0,4.0,8198.0,0.0,7117.0,8684.0,7410.424536619052,runrate_8wk 0.59 | owner_velocity 0.41,7410.0,717.0,5.0,1.1,,3.0,replenishment,C,0.5,C · directional · ±50%,4099.0,12297.0,P-40WIP-6IN-SAN-STL,Biom Mini Biodegradable Refillable Hand Sanitizing Wipes - Santal Escape - 40ct,D253-C4,24.0,READY_FOR_LAUNCH,Dec-26,,plan 0% / controller 100%
94979718,2027-01-01,9924.0,0.0,8558.019378613244,0.0,5.0,9948.0,0.0,8684.0,10199.0,7554.098675989961,runrate_8wk 0.59 | owner_velocity 0.41,7554.0,2370.0,5.8,1.31,,4.0,replenishment,C,0.5,C · directional · ±50%,4974.0,14922.0,P-40WIP-6IN-SAN-STL,Biom Mini Biodegradable Refillable Hand Sanitizing Wipes - Santal Escape - 40ct,D253-C4,24.0,READY_FOR_LAUNCH,Jan-27,,plan 0% / controller 100%
94979718,2027-02-01,7849.0,0.0,6989.973775952867,0.0,4.0,7855.0,0.0,10199.0,11095.0,6959.3155684540225,runrate_8wk 0.59 | owner_velocity 0.41,6959.0,889.0,6.3,1.13,,5.0,replenishment,C,0.5,C · directional · ±50%,3928.0,11782.0,P-40WIP-6IN-SAN-STL,Biom Mini Biodegradable Refillable Hand Sanitizing Wipes - Santal Escape - 40ct,D253-C4,24.0,READY_FOR_LAUNCH,Feb-27,,plan 0% / controller 100%
94979718,2027-03-01,8507.0,0.0,7565.577249356196,0.0,4.0,7852.0,0.0,11095.0,11376.0,7863.357260960984,runrate_8wk 0.59 | owner_velocity 0.41,7863.0,644.0,6.5,1.08,,6.0,replenishment,C,0.5,C · directional · ±50%,3926.0,11778.0,P-40WIP-6IN-SAN-STL,Biom Mini Biodegradable Refillable Hand Sanitizing Wipes - Santal Escape - 40ct,D253-C4,24.0,READY_FOR_LAUNCH,Mar-27,,plan 0% / controller 100%
94979718,2027-04-01,14610.0,0.0,11438.579318917484,0.0,4.0,17240.0,0.0,11376.0,10048.0,12241.601034199197,runrate_8wk 0.59 | owner_velocity 0.41,12242.0,2368.0,5.7,1.19,,7.0,replenishment,D,0.7,D · plan-based · ±70%,5172.0,29308.0,P-40WIP-6IN-SAN-STL,Biom Mini Biodegradable Refillable Hand Sanitizing Wipes - Santal Escape - 40ct,D253-C4,24.0,READY_FOR_LAUNCH,Apr-27,,plan 0% / controller 100%
94979718,2027-05-01,18615.0,0.0,14808.539942242853,0.0,5.0,14907.0,0.0,10048.0,13821.0,13055.290032284367,runrate_8wk 0.59 | owner_velocity 0.41,13055.0,5559.0,7.9,1.43,,8.0,replenishment,D,0.7,D · plan-based · ±70%,4472.0,25342.0,P-40WIP-6IN-SAN-STL,Biom Mini Biodegradable Refillable Hand Sanitizing Wipes - Santal Escape - 40ct,D253-C4,24.0,READY_FOR_LAUNCH,May-27,,plan 0% / controller 100%
94979718,2027-06-01,14633.0,0.0,12219.85317414014,0.0,4.0,14693.0,0.0,13821.0,16373.0,13046.329788580137,runrate_8wk 0.59 | owner_velocity 0.41,13046.0,1586.0,9.4,1.12,,9.0,replenishment,D,0.7,D · plan-based · ±70%,4408.0,24978.0,P-40WIP-6IN-SAN-STL,Biom Mini Biodegradable Refillable Hand Sanitizing Wipes - Santal Escape - 40ct,D253-C4,24.0,READY_FOR_LAUNCH,Jun-27,,plan 0% / controller 100%
94979718,2027-07-01,14590.0,0.0,12580.509047462461,0.0,4.0,18236.0,0.0,16373.0,18417.0,13928.420731119153,runrate_8wk 0.59 | owner_velocity 0.41,13928.0,661.0,10.5,1.05,,10.0,replenishment,D,0.7,D · plan-based · ±70%,5471.0,31001.0,P-40WIP-6IN-SAN-STL,Biom Mini Biodegradable Refillable Hand Sanitizing Wipes - Santal Escape - 40ct,D253-C4,24.0,READY_FOR_LAUNCH,Jul-27,,plan 0% / controller 100%
94979718,2027-08-01,18476.0,0.0,16319.420143293459,0.0,5.0,14756.0,0.0,18417.0,20418.0,14397.994681561664,runrate_8wk 0.59 | owner_velocity 0.41,14398.0,4078.0,11.7,1.28,,11.0,replenishment,D,0.7,D · plan-based · ±70%,4427.0,25085.0,P-40WIP-6IN-SAN-STL,Biom Mini Biodegradable Refillable Hand Sanitizing Wipes - Santal Escape - 40ct,D253-C4,24.0,READY_FOR_LAUNCH,Aug-27,,plan 0% / controller 100%
94979718,2027-09-01,14963.0,0.0,13456.749086299153,0.0,4.0,14965.0,0.0,20418.0,21780.0,14410.690962988454,runrate_8wk 0.59 | owner_velocity 0.41,14411.0,552.0,12.5,1.04,,12.0,replenishment,D,0.7,D · plan-based · ±70%,4490.0,25440.0,P-40WIP-6IN-SAN-STL,Biom Mini Biodegradable Refillable Hand Sanitizing Wipes - Santal Escape - 40ct,D253-C4,24.0,READY_FOR_LAUNCH,Sep-27,,plan 0% / controller 100%
94979718,2027-10-01,18373.0,0.0,16930.96273859113,0.0,5.0,18458.0,0.0,21780.0,23458.0,14995.995568158636,runrate_8wk 0.59 | owner_velocity 0.41,14996.0,3377.0,13.4,1.23,,13.0,replenishment,E,1.0,E · indicative · ±100%,0.0,36916.0,P-40WIP-6IN-SAN-STL,Biom Mini Biodegradable Refillable Hand Sanitizing Wipes - Santal Escape - 40ct,D253-C4,24.0,READY_FOR_LAUNCH,Oct-27,,plan 0% / controller 100%
94979718,2027-11-01,14350.0,0.0,13544.770191984931,0.0,4.0,14419.0,0.0,23458.0,24486.0,14512.253777374932,runrate_8wk 0.59 | owner_velocity 0.41,14512.0,-162.0,14.0,0.99,,14.0,replenishment,E,1.0,E · indicative · ±100%,0.0,28838.0,P-40WIP-6IN-SAN-STL,Biom Mini Biodegradable Refillable Hand Sanitizing Wipes - Santal Escape - 40ct,D253-C4,24.0,READY_FOR_LAUNCH,Nov-27,,plan 0% / controller 100%
94979718,2027-12-01,13396.0,0.0,13061.028398073651,0.0,4.0,16959.0,0.0,24486.0,25711.0,14995.995568158636,runrate_8wk 0.59 | owner_velocity 0.41,14996.0,-1600.0,14.7,0.89,,15.0,replenishment,E,1.0,E · indicative · ±100%,0.0,33918.0,P-40WIP-6IN-SAN-STL,Biom Mini Biodegradable Refillable Hand Sanitizing Wipes - Santal Escape - 40ct,D253-C4,24.0,READY_FOR_LAUNCH,Dec-27,,plan 0% / controller 100%
95285660,2026-09-01,0.0,,,,,26016.0,,,,,,,,,,,,booked_forward,A,0.15,A · high · ±15%,22114.0,29918.0,P-60WIP-FLU-FRA-2PK,Biom Flushable Personal Wipes Fragrance Free - 120ct,D253-C6,12.0,READY_FOR_ORDER,Sep-26,LAUNCH_FILL,booked_forward
95285660,2026-09-01,107.0,0.0,277.0714286129033,0.0,4.0,0.0,0.0,0.0,23243.0,0.0,owner_velocity 1.0,0.0,107.0,,,,0.0,replenishment,C,0.5,C · directional · ±50%,0.0,0.0,P-60WIP-FLU-FRA-2PK,Biom Flushable Personal Wipes Fragrance Free - 120ct,D253-C6,12.0,READY_FOR_ORDER,Sep-26,LAUNCH_FILL|NEW_TCIN_NO_HISTORY|OWNER_ONLY_POS,plan 0% / controller 100%
95285660,2026-10-01,84144.0,,,,,84144.0,,,,,,,,,,,,planned_forward,C,0.5,C · directional · ±50%,42072.0,126216.0,P-60WIP-FLU-FRA-2PK,Biom Flushable Personal Wipes Fragrance Free - 120ct,D253-C6,12.0,READY_FOR_ORDER,Oct-26,PLANNED_FORWARD|LAUNCH_FILL,planned_forward
95285660,2026-10-01,0.0,84144.0,2586.000000387097,0.0,4.0,107.0,84144.0,23243.0,59620.0,2863.071429,owner_velocity 1.0,2863.0,-2863.0,,0.0,,1.0,replenishment,C,0.5,C · directional · ±50%,54.0,160.0,P-60WIP-FLU-FRA-2PK,Biom Flushable Personal Wipes Fragrance Free - 120ct,D253-C6,12.0,READY_FOR_ORDER,Oct-26,LAUNCH_FILL|NEW_TCIN_NO_HISTORY|OWNER_ONLY_POS,plan 0% / controller 100%
95285660,2026-11-01,0.0,0.0,4848.750000451613,0.0,5.0,0.0,0.0,59620.0,102555.0,4156.071429,owner_velocity 1.0,4156.0,-4156.0,,0.0,,2.0,replenishment,C,0.5,C · directional · ±50%,0.0,0.0,P-60WIP-FLU-FRA-2PK,Biom Flushable Personal Wipes Fragrance Free - 120ct,D253-C6,12.0,READY_FOR_ORDER,Nov-26,LAUNCH_FILL|NEW_TCIN_NO_HISTORY|OWNER_ONLY_POS,plan 0% / controller 100%
95285660,2026-12-01,0.0,0.0,4340.785714129032,0.0,4.0,0.0,0.0,102555.0,98214.0,4294.607143,owner_velocity 1.0,4295.0,-4295.0,,0.0,,3.0,replenishment,D,0.7,D · plan-based · ±70%,0.0,0.0,P-60WIP-FLU-FRA-2PK,Biom Flushable Personal Wipes Fragrance Free - 120ct,D253-C6,12.0,READY_FOR_ORDER,Dec-26,LAUNCH_FILL|NEW_TCIN_NO_HISTORY|OWNER_ONLY_POS,plan 0% / controller 100%
95285660,2027-01-01,0.0,0.0,13040.828567419354,0.0,5.0,0.0,0.0,98214.0,85173.0,11452.28571,owner_velocity 1.0,11452.0,-11452.0,,0.0,,4.0,replenishment,D,0.7,D · plan-based · ±70%,0.0,0.0,P-60WIP-FLU-FRA-2PK,Biom Flushable Personal Wipes Fragrance Free - 120ct,D253-C6,12.0,READY_FOR_ORDER,Jan-27,LAUNCH_FILL|NEW_TCIN_NO_HISTORY|OWNER_ONLY_POS,plan 0% / controller 100%
95285660,2027-02-01,0.0,0.0,10977.57,0.0,4.0,0.0,0.0,85173.0,74196.0,10861.2,owner_velocity 1.0,10861.0,-10861.0,,0.0,,5.0,replenishment,D,0.7,D · plan-based · ±70%,0.0,0.0,P-60WIP-FLU-FRA-2PK,Biom Flushable Personal Wipes Fragrance Free - 120ct,D253-C6,12.0,READY_FOR_ORDER,Feb-27,LAUNCH_FILL|NEW_TCIN_NO_HISTORY|OWNER_ONLY_POS,plan 0% / controller 100%
95285660,2027-03-01,266.0,0.0,11465.35425,0.0,4.0,0.0,0.0,74196.0,62730.0,12626.145,owner_velocity 1.0,12626.0,-12361.0,,0.02,,6.0,replenishment,D,0.7,D · plan-based · ±70%,0.0,0.0,P-60WIP-FLU-FRA-2PK,Biom Flushable Personal Wipes Fragrance Free - 120ct,D253-C6,12.0,READY_FOR_ORDER,Mar-27,LAUNCH_FILL|NEW_TCIN_NO_HISTORY|OWNER_ONLY_POS,plan 0% / controller 100%
95285660,2027-04-01,3417.0,0.0,11995.855987419356,0.0,4.0,3683.0,0.0,62730.0,51570.0,12829.7925,owner_velocity 1.0,12830.0,-9413.0,,0.27,,7.0,replenishment,D,0.7,D · plan-based · ±70%,1105.0,6261.0,P-60WIP-FLU-FRA-2PK,Biom Flushable Personal Wipes Fragrance Free - 120ct,D253-C6,12.0,READY_FOR_ORDER,Apr-27,LAUNCH_FILL|NEW_TCIN_NO_HISTORY|OWNER_ONLY_POS,plan 0% / controller 100%
95285660,2027-05-01,8989.0,0.0,15828.756494247313,0.0,5.0,6815.0,0.0,51570.0,41721.0,13920.32486,owner_velocity 1.0,13920.0,-4931.0,,0.65,,8.0,replenishment,D,0.7,D · plan-based · ±70%,2045.0,11586.0,P-60WIP-FLU-FRA-2PK,Biom Flushable Personal Wipes Fragrance Free - 120ct,D253-C6,12.0,READY_FOR_ORDER,May-27,LAUNCH_FILL|NEW_TCIN_NO_HISTORY|OWNER_ONLY_POS,plan 0% / controller 100%
95285660,2027-06-01,10009.0,0.0,13272.58071252688,0.0,4.0,9482.0,0.0,41721.0,36648.0,14144.84623,owner_velocity 1.0,14145.0,-4136.0,,0.71,,9.0,replenishment,D,0.7,D · plan-based · ±70%,2845.0,16119.0,P-60WIP-FLU-FRA-2PK,Biom Flushable Personal Wipes Fragrance Free - 120ct,D253-C6,12.0,READY_FOR_ORDER,Jun-27,LAUNCH_FILL|NEW_TCIN_NO_HISTORY|OWNER_ONLY_POS,plan 0% / controller 100%
95285660,2027-07-01,11989.0,0.0,13861.94930580645,0.0,4.0,14691.0,0.0,36648.0,33360.0,15347.15816,owner_velocity 1.0,15347.0,-3359.0,,0.78,,10.0,replenishment,D,0.7,D · plan-based · ±70%,4407.0,24975.0,P-60WIP-FLU-FRA-2PK,Biom Flushable Personal Wipes Fragrance Free - 120ct,D253-C6,12.0,READY_FOR_ORDER,Jul-27,LAUNCH_FILL|NEW_TCIN_NO_HISTORY|OWNER_ONLY_POS,plan 0% / controller 100%
95285660,2027-08-01,17389.0,0.0,18297.773086,0.0,5.0,13729.0,0.0,33360.0,30931.0,16114.51607,owner_velocity 1.0,16115.0,1275.0,,1.08,STEP_UP,11.0,replenishment,D,0.7,D · plan-based · ±70%,4119.0,23339.0,P-60WIP-FLU-FRA-2PK,Biom Flushable Personal Wipes Fragrance Free - 120ct,D253-C6,12.0,READY_FOR_ORDER,Aug-27,LAUNCH_FILL|NEW_TCIN_NO_HISTORY|STEP_UP|OWNER_ONLY_POS,plan 0% / controller 100%
95285660,2027-09-01,15669.0,0.0,15520.880503354838,0.0,4.0,15121.0,0.0,30931.0,29809.0,16374.42762,owner_velocity 1.0,16374.0,-705.0,,0.96,,12.0,replenishment,D,0.7,D · plan-based · ±70%,4536.0,25706.0,P-60WIP-FLU-FRA-2PK,Biom Flushable Personal Wipes Fragrance Free - 120ct,D253-C6,12.0,READY_FOR_ORDER,Sep-27,LAUNCH_FILL|NEW_TCIN_NO_HISTORY|OWNER_ONLY_POS,plan 0% / controller 100%
95285660,2027-10-01,26276.0,0.0,23469.379724645165,0.0,5.0,24966.0,0.0,29809.0,28499.0,20610.50344,owner_velocity 1.0,20611.0,5665.0,,1.27,,13.0,replenishment,E,1.0,E · indicative · ±100%,0.0,49932.0,P-60WIP-FLU-FRA-2PK,Biom Flushable Personal Wipes Fragrance Free - 120ct,D253-C6,12.0,READY_FOR_ORDER,Oct-27,LAUNCH_FILL|NEW_TCIN_NO_HISTORY|OWNER_ONLY_POS,plan 0% / controller 100%
95285660,2027-11-01,22257.0,0.0,19686.355063741932,0.0,4.0,22101.0,0.0,28499.0,30350.0,20942.93092,owner_velocity 1.0,20943.0,1314.0,,1.06,,14.0,replenishment,E,1.0,E · indicative · ±100%,0.0,44202.0,P-60WIP-FLU-FRA-2PK,Biom Flushable Personal Wipes Fragrance Free - 120ct,D253-C6,12.0,READY_FOR_ORDER,Nov-27,LAUNCH_FILL|NEW_TCIN_NO_HISTORY|OWNER_ONLY_POS,plan 0% / controller 100%
95285660,2027-12-01,21944.0,0.0,19791.069712258064,0.0,4.0,27619.0,0.0,30350.0,33067.0,22723.08004,owner_velocity 1.0,22723.0,-779.0,,0.97,,15.0,replenishment,E,1.0,E · indicative · ±100%,0.0,55238.0,P-60WIP-FLU-FRA-2PK,Biom Flushable Personal Wipes Fragrance Free - 120ct,D253-C6,12.0,READY_FOR_ORDER,Dec-27,LAUNCH_FILL|NEW_TCIN_NO_HISTORY|OWNER_ONLY_POS,plan 0% / controller 100%
95285661,2026-09-01,0.0,0.0,0.0,0.0,4.0,0.0,0.0,0.0,112.0,0.0,owner_velocity 1.0,0.0,0.0,,,,0.0,replenishment,C,0.5,C · directional · ±50%,0.0,0.0,K-60WIP-FLU-FRA-3Pk,Biom Flushable Personal Wipes Unscented - 180ct,D253-C6,4.0,READY_FOR_ORDER,Sep-26,LAUNCH_FILL|NEW_TCIN_NO_HISTORY|OWNER_ONLY_POS,plan 0% / controller 100%
95285661,2026-10-01,0.0,0.0,0.0,0.0,4.0,0.0,0.0,112.0,112.0,0.0,owner_velocity 1.0,0.0,0.0,,,,1.0,replenishment,C,0.5,C · directional · ±50%,0.0,0.0,K-60WIP-FLU-FRA-3Pk,Biom Flushable Personal Wipes Unscented - 180ct,D253-C6,4.0,READY_FOR_ORDER,Oct-26,LAUNCH_FILL|NEW_TCIN_NO_HISTORY|OWNER_ONLY_POS,plan 0% / controller 100%
95285661,2026-11-01,0.0,0.0,0.0,0.0,5.0,0.0,0.0,112.0,112.0,0.0,owner_velocity 1.0,0.0,0.0,,,,2.0,replenishment,C,0.5,C · directional · ±50%,0.0,0.0,K-60WIP-FLU-FRA-3Pk,Biom Flushable Personal Wipes Unscented - 180ct,D253-C6,4.0,READY_FOR_ORDER,Nov-26,LAUNCH_FILL|NEW_TCIN_NO_HISTORY|OWNER_ONLY_POS,plan 0% / controller 100%
95285661,2026-12-01,0.0,0.0,0.0,0.0,4.0,0.0,0.0,112.0,112.0,0.0,owner_velocity 1.0,0.0,0.0,,,,3.0,replenishment,D,0.7,D · plan-based · ±70%,0.0,0.0,K-60WIP-FLU-FRA-3Pk,Biom Flushable Personal Wipes Unscented - 180ct,D253-C6,4.0,READY_FOR_ORDER,Dec-26,LAUNCH_FILL|NEW_TCIN_NO_HISTORY|OWNER_ONLY_POS,plan 0% / controller 100%
95285661,2027-01-01,0.0,0.0,0.0,0.0,5.0,0.0,0.0,112.0,112.0,0.0,owner_velocity 1.0,0.0,0.0,,,,4.0,replenishment,D,0.7,D · plan-based · ±70%,0.0,0.0,K-60WIP-FLU-FRA-3Pk,Biom Flushable Personal Wipes Unscented - 180ct,D253-C6,4.0,READY_FOR_ORDER,Jan-27,LAUNCH_FILL|NEW_TCIN_NO_HISTORY|OWNER_ONLY_POS,plan 0% / controller 100%
95285661,2027-02-01,0.0,0.0,0.0,0.0,4.0,0.0,0.0,112.0,112.0,0.0,owner_velocity 1.0,0.0,0.0,,,,5.0,replenishment,D,0.7,D · plan-based · ±70%,0.0,0.0,K-60WIP-FLU-FRA-3Pk,Biom Flushable Personal Wipes Unscented - 180ct,D253-C6,4.0,READY_FOR_ORDER,Feb-27,LAUNCH_FILL|NEW_TCIN_NO_HISTORY|OWNER_ONLY_POS,plan 0% / controller 100%
95285661,2027-03-01,957.0,0.0,642.8571429,0.0,4.0,0.0,0.0,112.0,0.0,0.0,owner_velocity 1.0,0.0,957.0,,,,6.0,replenishment,D,0.7,D · plan-based · ±70%,0.0,0.0,K-60WIP-FLU-FRA-3Pk,Biom Flushable Personal Wipes Unscented - 180ct,D253-C6,4.0,READY_FOR_ORDER,Mar-27,LAUNCH_FILL|NEW_TCIN_NO_HISTORY|OWNER_ONLY_POS,plan 0% / controller 100%
95285661,2027-04-01,9016.0,0.0,6010.714286099999,0.0,4.0,9973.0,0.0,0.0,739.0,6428.571429,owner_velocity 1.0,6429.0,2588.0,,1.4,,7.0,replenishment,D,0.7,D · plan-based · ±70%,2992.0,16954.0,K-60WIP-FLU-FRA-3Pk,Biom Flushable Personal Wipes Unscented - 180ct,D253-C6,4.0,READY_FOR_ORDER,Apr-27,LAUNCH_FILL|NEW_TCIN_NO_HISTORY|OWNER_ONLY_POS,plan 0% / controller 100%
95285661,2027-05-01,11238.0,0.0,7931.25,0.0,5.0,9011.0,0.0,739.0,4165.0,6975.0,owner_velocity 1.0,6975.0,4263.0,,1.61,,8.0,replenishment,D,0.7,D · plan-based · ±70%,2703.0,15319.0,K-60WIP-FLU-FRA-3Pk,Biom Flushable Personal Wipes Unscented - 180ct,D253-C6,4.0,READY_FOR_ORDER,May-27,LAUNCH_FILL|NEW_TCIN_NO_HISTORY|OWNER_ONLY_POS,plan 0% / controller 100%
95285661,2027-06-01,8723.0,0.0,6650.4375,0.0,4.0,8782.0,0.0,4165.0,6382.0,7087.5,owner_velocity 1.0,7088.0,1636.0,,1.23,,9.0,replenishment,D,0.7,D · plan-based · ±70%,2635.0,14929.0,K-60WIP-FLU-FRA-3Pk,Biom Flushable Personal Wipes Unscented - 180ct,D253-C6,4.0,READY_FOR_ORDER,Jun-27,LAUNCH_FILL|NEW_TCIN_NO_HISTORY|OWNER_ONLY_POS,plan 0% / controller 100%
95285661,2027-07-01,8660.0,0.0,6945.75,0.0,4.0,10829.0,0.0,6382.0,8145.0,7689.9375,owner_velocity 1.0,7690.0,971.0,,1.13,,10.0,replenishment,D,0.7,D · plan-based · ±70%,3249.0,18409.0,K-60WIP-FLU-FRA-3Pk,Biom Flushable Personal Wipes Unscented - 180ct,D253-C6,4.0,READY_FOR_ORDER,Jul-27,LAUNCH_FILL|NEW_TCIN_NO_HISTORY|OWNER_ONLY_POS,plan 0% / controller 100%
95285661,2027-08-01,10994.0,0.0,9168.390000066667,0.0,5.0,8777.0,0.0,8145.0,9861.0,8074.434375,owner_velocity 1.0,8074.0,2920.0,,1.36,,11.0,replenishment,D,0.7,D · plan-based · ±70%,2633.0,14921.0,K-60WIP-FLU-FRA-3Pk,Biom Flushable Personal Wipes Unscented - 180ct,D253-C6,4.0,READY_FOR_ORDER,Aug-27,LAUNCH_FILL|NEW_TCIN_NO_HISTORY|OWNER_ONLY_POS,plan 0% / controller 100%
95285661,2027-09-01,8962.0,0.0,7685.0382660301075,0.0,4.0,8934.0,0.0,9861.0,10996.0,8204.667188,owner_velocity 1.0,8205.0,757.0,,1.09,,12.0,replenishment,D,0.7,D · plan-based · ±70%,2680.0,15188.0,K-60WIP-FLU-FRA-3Pk,Biom Flushable Personal Wipes Unscented - 180ct,D253-C6,4.0,READY_FOR_ORDER,Sep-27,LAUNCH_FILL|NEW_TCIN_NO_HISTORY|OWNER_ONLY_POS,plan 0% / controller 100%
95285661,2027-10-01,11623.0,0.0,10136.866309703226,0.0,5.0,11473.0,0.0,10996.0,12207.0,8902.063898,owner_velocity 1.0,8902.0,2721.0,,1.31,,13.0,replenishment,E,1.0,E · indicative · ±100%,0.0,22946.0,K-60WIP-FLU-FRA-3Pk,Biom Flushable Personal Wipes Unscented - 180ct,D253-C6,4.0,READY_FOR_ORDER,Oct-27,LAUNCH_FILL|NEW_TCIN_NO_HISTORY|OWNER_ONLY_POS,plan 0% / controller 100%
95285661,2027-11-01,9627.0,0.0,8502.906839587096,0.0,4.0,9570.0,0.0,12207.0,13088.0,9045.645574,owner_velocity 1.0,9046.0,582.0,,1.06,,14.0,replenishment,E,1.0,E · indicative · ±100%,0.0,19140.0,K-60WIP-FLU-FRA-3Pk,Biom Flushable Personal Wipes Unscented - 180ct,D253-C6,4.0,READY_FOR_ORDER,Nov-27,LAUNCH_FILL|NEW_TCIN_NO_HISTORY|OWNER_ONLY_POS,plan 0% / controller 100%
95285661,2027-12-01,9482.0,0.0,8548.135067612904,0.0,4.0,11935.0,0.0,13088.0,14271.0,9814.525448,owner_velocity 1.0,9815.0,-333.0,,0.97,,15.0,replenishment,E,1.0,E · indicative · ±100%,0.0,23870.0,K-60WIP-FLU-FRA-3Pk,Biom Flushable Personal Wipes Unscented - 180ct,D253-C6,4.0,READY_FOR_ORDER,Dec-27,LAUNCH_FILL|NEW_TCIN_NO_HISTORY|OWNER_ONLY_POS,plan 0% / controller 100%
95285662,2026-09-01,0.0,,,,,15080.0,,,,,,,,,,,,booked_forward,A,0.15,A · high · ±15%,12818.0,17342.0,K-DIS-2FLU-WHI,Biom White Flushable One Handed Kit Personal Wipes Unscented - 120ct,D253-C6,4.0,READY_FOR_ORDER,Sep-26,LAUNCH_FILL,booked_forward
95285662,2026-09-01,0.0,0.0,55.41428571290322,0.0,4.0,0.0,0.0,0.0,13465.0,0.0,owner_velocity 1.0,0.0,0.0,,,,0.0,replenishment,C,0.5,C · directional · ±50%,0.0,0.0,K-DIS-2FLU-WHI,Biom White Flushable One Handed Kit Personal Wipes Unscented - 120ct,D253-C6,4.0,READY_FOR_ORDER,Sep-26,LAUNCH_FILL|NEW_TCIN_NO_HISTORY|OWNER_ONLY_POS,plan 0% / controller 100%
95285662,2026-10-01,17456.0,,,,,17456.0,,,,,,,,,,,,planned_forward,C,0.5,C · directional · ±50%,8728.0,26184.0,K-DIS-2FLU-WHI,Biom White Flushable One Handed Kit Personal Wipes Unscented - 120ct,D253-C6,4.0,READY_FOR_ORDER,Oct-26,PLANNED_FORWARD|LAUNCH_FILL,planned_forward
95285662,2026-10-01,0.0,17456.0,517.1999999870967,0.0,4.0,0.0,17456.0,13465.0,22423.0,572.6142857,owner_velocity 1.0,573.0,-573.0,,0.0,,1.0,replenishment,C,0.5,C · directional · ±50%,0.0,0.0,K-DIS-2FLU-WHI,Biom White Flushable One Handed Kit Personal Wipes Unscented - 120ct,D253-C6,4.0,READY_FOR_ORDER,Oct-26,LAUNCH_FILL|NEW_TCIN_NO_HISTORY|OWNER_ONLY_POS,plan 0% / controller 100%
95285662,2026-11-01,0.0,0.0,646.4999999548387,0.0,5.0,0.0,0.0,22423.0,31317.0,554.1428571,owner_velocity 1.0,554.0,-554.0,,0.0,,2.0,replenishment,C,0.5,C · directional · ±50%,0.0,0.0,K-DIS-2FLU-WHI,Biom White Flushable One Handed Kit Personal Wipes Unscented - 120ct,D253-C6,4.0,READY_FOR_ORDER,Nov-26,LAUNCH_FILL|NEW_TCIN_NO_HISTORY|OWNER_ONLY_POS,plan 0% / controller 100%
95285662,2026-12-01,0.0,0.0,572.6142856838709,0.0,4.0,0.0,0.0,31317.0,30744.0,572.6142857,owner_velocity 1.0,573.0,-573.0,,0.0,,3.0,replenishment,D,0.7,D · plan-based · ±70%,0.0,0.0,K-DIS-2FLU-WHI,Biom White Flushable One Handed Kit Personal Wipes Unscented - 120ct,D253-C6,4.0,READY_FOR_ORDER,Dec-26,LAUNCH_FILL|NEW_TCIN_NO_HISTORY|OWNER_ONLY_POS,plan 0% / controller 100%
95285662,2027-01-01,0.0,0.0,1616.249999732719,0.0,5.0,0.0,0.0,30744.0,29128.0,1431.535714,owner_velocity 1.0,1432.0,-1432.0,,0.0,,4.0,replenishment,D,0.7,D · plan-based · ±70%,0.0,0.0,K-DIS-2FLU-WHI,Biom White Flushable One Handed Kit Personal Wipes Unscented - 120ct,D253-C6,4.0,READY_FOR_ORDER,Jan-27,LAUNCH_FILL|NEW_TCIN_NO_HISTORY|OWNER_ONLY_POS,plan 0% / controller 100%
95285662,2027-02-01,0.0,0.0,1570.071428654378,0.0,4.0,0.0,0.0,29128.0,27558.0,1293.0,owner_velocity 1.0,1293.0,-1293.0,,0.0,,5.0,replenishment,D,0.7,D · plan-based · ±70%,0.0,0.0,K-DIS-2FLU-WHI,Biom White Flushable One Handed Kit Personal Wipes Unscented - 120ct,D253-C6,4.0,READY_FOR_ORDER,Feb-27,LAUNCH_FILL|NEW_TCIN_NO_HISTORY|OWNER_ONLY_POS,plan 0% / controller 100%
95285662,2027-03-01,0.0,0.0,2599.853571774194,0.0,4.0,0.0,0.0,27558.0,24958.0,2863.071429,owner_velocity 1.0,2863.0,-2863.0,,0.0,,6.0,replenishment,D,0.7,D · plan-based · ±70%,0.0,0.0,K-DIS-2FLU-WHI,Biom White Flushable One Handed Kit Personal Wipes Unscented - 120ct,D253-C6,4.0,READY_FOR_ORDER,Mar-27,LAUNCH_FILL|NEW_TCIN_NO_HISTORY|OWNER_ONLY_POS,plan 0% / controller 100%
95285662,2027-04-01,0.0,0.0,2720.1487500000003,0.0,4.0,0.0,0.0,24958.0,22238.0,2909.25,owner_velocity 1.0,2909.0,-2909.0,,0.0,,7.0,replenishment,D,0.7,D · plan-based · ±70%,0.0,0.0,K-DIS-2FLU-WHI,Biom White Flushable One Handed Kit Personal Wipes Unscented - 120ct,D253-C6,4.0,READY_FOR_ORDER,Apr-27,LAUNCH_FILL|NEW_TCIN_NO_HISTORY|OWNER_ONLY_POS,plan 0% / controller 100%
95285662,2027-05-01,0.0,0.0,3589.2871875,0.0,5.0,0.0,0.0,22238.0,18649.0,3156.53625,owner_velocity 1.0,3157.0,-3157.0,,0.0,,8.0,replenishment,D,0.7,D · plan-based · ±70%,0.0,0.0,K-DIS-2FLU-WHI,Biom White Flushable One Handed Kit Personal Wipes Unscented - 120ct,D253-C6,4.0,READY_FOR_ORDER,May-27,LAUNCH_FILL|NEW_TCIN_NO_HISTORY|OWNER_ONLY_POS,plan 0% / controller 100%
95285662,2027-06-01,176.0,0.0,3009.65549066129,0.0,4.0,54.0,0.0,18649.0,15639.0,3207.448125,owner_velocity 1.0,3207.0,-3032.0,,0.05,,9.0,replenishment,D,0.7,D · plan-based · ±70%,16.0,92.0,K-DIS-2FLU-WHI,Biom White Flushable One Handed Kit Personal Wipes Unscented - 120ct,D253-C6,4.0,READY_FOR_ORDER,Jun-27,LAUNCH_FILL|NEW_TCIN_NO_HISTORY|OWNER_ONLY_POS,plan 0% / controller 100%
95285662,2027-07-01,1085.0,0.0,3143.29916283871,0.0,4.0,1207.0,0.0,15639.0,12873.0,3480.081216,owner_velocity 1.0,3480.0,-2395.0,,0.31,,10.0,replenishment,D,0.7,D · plan-based · ±70%,362.0,2052.0,K-DIS-2FLU-WHI,Biom White Flushable One Handed Kit Personal Wipes Unscented - 120ct,D253-C6,4.0,READY_FOR_ORDER,Jul-27,LAUNCH_FILL|NEW_TCIN_NO_HISTORY|OWNER_ONLY_POS,plan 0% / controller 100%
95285662,2027-08-01,2529.0,0.0,4149.154894133333,0.0,5.0,1937.0,0.0,12873.0,10510.0,3654.085276,owner_velocity 1.0,3654.0,-1125.0,,0.69,,11.0,replenishment,D,0.7,D · plan-based · ±70%,581.0,3293.0,K-DIS-2FLU-WHI,Biom White Flushable One Handed Kit Personal Wipes Unscented - 120ct,D253-C6,4.0,READY_FOR_ORDER,Aug-27,LAUNCH_FILL|NEW_TCIN_NO_HISTORY|OWNER_ONLY_POS,plan 0% / controller 100%
95285662,2027-09-01,2779.0,0.0,3519.474037027957,0.0,4.0,2587.0,0.0,10510.0,9260.0,3713.022136,owner_velocity 1.0,3713.0,-934.0,,0.75,,12.0,replenishment,D,0.7,D · plan-based · ±70%,776.0,4398.0,K-DIS-2FLU-WHI,Biom White Flushable One Handed Kit Personal Wipes Unscented - 120ct,D253-C6,4.0,READY_FOR_ORDER,Sep-27,LAUNCH_FILL|NEW_TCIN_NO_HISTORY|OWNER_ONLY_POS,plan 0% / controller 100%
95285662,2027-10-01,5293.0,0.0,5321.85481303871,0.0,5.0,4937.0,0.0,9260.0,8107.0,4673.583547,owner_velocity 1.0,4674.0,619.0,,1.13,STEP_UP,13.0,replenishment,E,1.0,E · indicative · ±100%,0.0,9874.0,K-DIS-2FLU-WHI,Biom White Flushable One Handed Kit Personal Wipes Unscented - 120ct,D253-C6,4.0,READY_FOR_ORDER,Oct-27,LAUNCH_FILL|NEW_TCIN_NO_HISTORY|STEP_UP|OWNER_ONLY_POS,plan 0% / controller 100%
95285662,2027-11-01,4683.0,0.0,4464.02609047742,0.0,4.0,4615.0,0.0,8107.0,8059.0,4748.963926,owner_velocity 1.0,4749.0,-66.0,,0.99,,14.0,replenishment,E,1.0,E · indicative · ±100%,0.0,9230.0,K-DIS-2FLU-WHI,Biom White Flushable One Handed Kit Personal Wipes Unscented - 120ct,D253-C6,4.0,READY_FOR_ORDER,Nov-27,LAUNCH_FILL|NEW_TCIN_NO_HISTORY|OWNER_ONLY_POS,plan 0% / controller 100%
95285662,2027-12-01,4715.0,0.0,4487.770910322581,0.0,4.0,5922.0,0.0,8059.0,8340.0,5152.62586,owner_velocity 1.0,5153.0,-437.0,,0.92,,15.0,replenishment,E,1.0,E · indicative · ±100%,0.0,11844.0,K-DIS-2FLU-WHI,Biom White Flushable One Handed Kit Personal Wipes Unscented - 120ct,D253-C6,4.0,READY_FOR_ORDER,Dec-27,LAUNCH_FILL|NEW_TCIN_NO_HISTORY|OWNER_ONLY_POS,plan 0% / controller 100%
1010810949,2026-09-01,7302.0,0.0,2112.9691174592217,0.5,4.0,6942.0,0.0,8870.0,14299.0,2217.092295222392,runrate_8wk 0.59 | owner_velocity 0.41,2217.0,5085.0,1089.5,3.29,,0.0,replenishment,C,0.5,C · directional · ±50%,3471.0,10413.0,P-40WIP-LIT-FRA,Biom Baby Mini Little Messes Hand Wipes Refills Fragrance Free - 40ct,D7,24.0,READY_FOR_LAUNCH,Sep-26,,plan 50% / controller 50%
1010810949,2026-10-01,13896.0,0.0,2476.9939112230213,1.0,4.0,11016.0,0.0,14299.0,20847.0,2742.3861159969165,runrate_8wk 0.59 | owner_velocity 0.41,2742.0,11154.0,1588.3,5.07,,1.0,replenishment,B,0.3,B · good · ±30%,7711.0,14321.0,P-40WIP-LIT-FRA,Biom Baby Mini Little Messes Hand Wipes Refills Fragrance Free - 40ct,D7,24.0,READY_FOR_LAUNCH,Oct-26,,plan 100% / controller 0%
1010810949,2026-11-01,0.0,0.0,3096.2423889753145,0.0,5.0,4776.0,0.0,20847.0,29702.0,2653.9220476854894,runrate_8wk 0.59 | owner_velocity 0.41,2654.0,-2654.0,2263.0,0.0,,2.0,replenishment,C,0.5,C · directional · ±50%,2388.0,7164.0,P-40WIP-LIT-FRA,Biom Baby Mini Little Messes Hand Wipes Refills Fragrance Free - 40ct,D7,24.0,READY_FOR_LAUNCH,Nov-26,,plan 0% / controller 100%
1010810949,2026-12-01,0.0,0.0,2476.9939112230213,0.0,4.0,0.0,0.0,29702.0,27225.0,2742.3861159969165,runrate_8wk 0.59 | owner_velocity 0.41,2742.0,-2742.0,2074.3,0.0,,3.0,replenishment,C,0.5,C · directional · ±50%,0.0,0.0,P-40WIP-LIT-FRA,Biom Baby Mini Little Messes Hand Wipes Refills Fragrance Free - 40ct,D7,24.0,READY_FOR_LAUNCH,Dec-26,,plan 0% / controller 100%
1010810949,2027-01-01,0.0,0.0,3096.242388994408,0.0,5.0,0.0,0.0,27225.0,24129.0,2742.3861159969165,runrate_8wk 0.59 | owner_velocity 0.41,2742.0,-2742.0,1838.4,0.0,,4.0,replenishment,C,0.5,C · directional · ±50%,0.0,0.0,P-40WIP-LIT-FRA,Biom Baby Mini Little Messes Hand Wipes Refills Fragrance Free - 40ct,D7,24.0,READY_FOR_LAUNCH,Jan-27,,plan 0% / controller 100%
1010810949,2027-02-01,0.0,0.0,2476.993911097002,0.0,4.0,0.0,0.0,24129.0,21652.0,2476.9939110626333,runrate_8wk 0.59 | owner_velocity 0.41,2477.0,-2477.0,1649.7,0.0,,5.0,replenishment,C,0.5,C · directional · ±50%,0.0,0.0,P-40WIP-LIT-FRA,Biom Baby Mini Little Messes Hand Wipes Refills Fragrance Free - 40ct,D7,24.0,READY_FOR_LAUNCH,Feb-27,,plan 0% / controller 100%
1010810949,2027-03-01,0.0,0.0,2476.9939112176753,0.0,4.0,0.0,0.0,21652.0,19175.0,2742.3861159969165,runrate_8wk 0.59 | owner_velocity 0.41,2742.0,-2742.0,1461.0,0.0,,6.0,replenishment,C,0.5,C · directional · ±50%,0.0,0.0,P-40WIP-LIT-FRA,Biom Baby Mini Little Messes Hand Wipes Refills Fragrance Free - 40ct,D7,24.0,READY_FOR_LAUNCH,Mar-27,,plan 0% / controller 100%
1010810949,2027-04-01,0.0,0.0,2476.9939111749054,0.0,4.0,0.0,0.0,19175.0,16698.0,2653.9220476854894,runrate_8wk 0.59 | owner_velocity 0.41,2654.0,-2654.0,1272.2,0.0,,7.0,replenishment,D,0.7,D · plan-based · ±70%,0.0,0.0,P-40WIP-LIT-FRA,Biom Baby Mini Little Messes Hand Wipes Refills Fragrance Free - 40ct,D7,24.0,READY_FOR_LAUNCH,Apr-27,,plan 0% / controller 100%
1010810949,2027-05-01,41.0,0.0,3096.242389019866,0.0,5.0,1.0,0.0,16698.0,13602.0,2742.3861159969165,runrate_8wk 0.59 | owner_velocity 0.41,2742.0,-2701.0,1036.3,0.02,,8.0,replenishment,D,0.7,D · plan-based · ±70%,0.0,2.0,P-40WIP-LIT-FRA,Biom Baby Mini Little Messes Hand Wipes Refills Fragrance Free - 40ct,D7,24.0,READY_FOR_LAUNCH,May-27,,plan 0% / controller 100%
1010810949,2027-06-01,545.0,0.0,2476.9939111784697,0.0,4.0,392.0,0.0,13602.0,11245.0,2653.9220476854894,runrate_8wk 0.59 | owner_velocity 0.41,2654.0,-2109.0,856.8,0.21,,9.0,replenishment,D,0.7,D · plan-based · ±70%,118.0,666.0,P-40WIP-LIT-FRA,Biom Baby Mini Little Messes Hand Wipes Refills Fragrance Free - 40ct,D7,24.0,READY_FOR_LAUNCH,Jun-27,,plan 0% / controller 100%
1010810949,2027-07-01,1083.0,0.0,2476.9939112230213,0.0,4.0,962.0,0.0,11245.0,9460.0,2742.3861159969165,runrate_8wk 0.59 | owner_velocity 0.41,2742.0,-1659.0,720.8,0.39,,10.0,replenishment,D,0.7,D · plan-based · ±70%,289.0,1635.0,P-40WIP-LIT-FRA,Biom Baby Mini Little Messes Hand Wipes Refills Fragrance Free - 40ct,D7,24.0,READY_FOR_LAUNCH,Jul-27,,plan 0% / controller 100%
1010810949,2027-08-01,1897.0,0.0,3096.2423890216483,0.0,5.0,1792.0,0.0,9460.0,7918.0,2742.3861159969165,runrate_8wk 0.59 | owner_velocity 0.41,2742.0,-845.0,603.3,0.69,,11.0,replenishment,D,0.7,D · plan-based · ±70%,538.0,3046.0,P-40WIP-LIT-FRA,Biom Baby Mini Little Messes Hand Wipes Refills Fragrance Free - 40ct,D7,24.0,READY_FOR_LAUNCH,Aug-27,,plan 0% / controller 100%
1010810949,2027-09-01,1821.0,0.0,2476.9939111766876,0.0,4.0,1763.0,0.0,7918.0,7074.0,2653.9220476854894,runrate_8wk 0.59 | owner_velocity 0.41,2654.0,-833.0,539.0,0.69,,12.0,replenishment,D,0.7,D · plan-based · ±70%,529.0,2997.0,P-40WIP-LIT-FRA,Biom Baby Mini Little Messes Hand Wipes Refills Fragrance Free - 40ct,D7,24.0,READY_FOR_LAUNCH,Sep-27,,plan 0% / controller 100%
1010810949,2027-10-01,2532.0,0.0,3096.2423890180844,0.0,5.0,2483.0,0.0,7074.0,6349.0,2742.3861159969165,runrate_8wk 0.59 | owner_velocity 0.41,2742.0,-210.0,483.7,0.92,STEP_UP,13.0,replenishment,E,1.0,E · indicative · ±100%,0.0,4966.0,P-40WIP-LIT-FRA,Biom Baby Mini Little Messes Hand Wipes Refills Fragrance Free - 40ct,D7,24.0,READY_FOR_LAUNCH,Oct-27,STEP_UP,plan 0% / controller 100%
1010810949,2027-11-01,2168.0,0.0,2476.9939111802514,0.0,4.0,2141.0,0.0,6349.0,5952.0,2653.9220476854894,runrate_8wk 0.59 | owner_velocity 0.41,2654.0,-486.0,453.5,0.82,,14.0,replenishment,E,1.0,E · indicative · ±100%,0.0,4282.0,P-40WIP-LIT-FRA,Biom Baby Mini Little Messes Hand Wipes Refills Fragrance Free - 40ct,D7,24.0,READY_FOR_LAUNCH,Nov-27,,plan 0% / controller 100%
1010810949,2027-12-01,2123.0,0.0,2388.529842965056,0.0,4.0,2237.0,0.0,5952.0,5756.0,2742.3861159969165,runrate_8wk 0.59 | owner_velocity 0.41,2742.0,-619.0,438.6,0.77,,15.0,replenishment,E,1.0,E · indicative · ±100%,0.0,4474.0,P-40WIP-LIT-FRA,Biom Baby Mini Little Messes Hand Wipes Refills Fragrance Free - 40ct,D7,24.0,READY_FOR_LAUNCH,Dec-27,,plan 0% / controller 100%
1010810951,2026-09-01,1974.0,0.0,1721.6599082731668,1.0,4.0,2022.0,0.0,6849.0,8512.0,1797.8324282745662,runrate_8wk 0.59 | owner_velocity 0.41,1798.0,176.0,422.9,1.1,,0.0,replenishment,B,0.3,B · good · ±30%,1415.0,2629.0,K-6DIS-PER-1LIT,Biom Refillable Mini Dispenser Little Mess Hand Wipes Periwinkle - 40ct,D7,6.0,READY_FOR_LAUNCH,Sep-26,,plan 100% / controller 0%
1010810951,2026-10-01,2574.0,0.0,2085.6847017473765,1.0,4.0,2274.0,0.0,8512.0,8256.0,2309.1509197917385,runrate_8wk 0.59 | owner_velocity 0.41,2309.0,265.0,410.2,1.11,,1.0,replenishment,B,0.3,B · good · ±30%,1592.0,2956.0,K-6DIS-PER-1LIT,Biom Refillable Mini Dispenser Little Mess Hand Wipes Periwinkle - 40ct,D7,6.0,READY_FOR_LAUNCH,Oct-26,,plan 100% / controller 0%
1010810951,2026-11-01,1250.0,0.0,2607.1058770639297,0.0,5.0,1786.0,0.0,8256.0,8348.0,2234.6621803233265,runrate_8wk 0.59 | owner_velocity 0.41,2235.0,-984.0,414.8,0.56,,2.0,replenishment,C,0.5,C · directional · ±50%,893.0,2679.0,K-6DIS-PER-1LIT,Biom Refillable Mini Dispenser Little Mess Hand Wipes Periwinkle - 40ct,D7,6.0,READY_FOR_LAUNCH,Nov-26,,plan 0% / controller 100%
1010810951,2026-12-01,1147.0,0.0,2085.6847017473765,0.0,4.0,1079.0,0.0,8348.0,7240.0,2309.1509197917385,runrate_8wk 0.59 | owner_velocity 0.41,2309.0,-1162.0,359.7,0.5,,3.0,replenishment,C,0.5,C · directional · ±50%,540.0,1618.0,K-6DIS-PER-1LIT,Biom Refillable Mini Dispenser Little Mess Hand Wipes Periwinkle - 40ct,D7,6.0,READY_FOR_LAUNCH,Dec-26,,plan 0% / controller 100%
1010810951,2027-01-01,1789.0,0.0,2607.105877195677,0.0,5.0,1719.0,0.0,7240.0,6194.0,2309.1509197917385,runrate_8wk 0.59 | owner_velocity 0.41,2309.0,-520.0,307.8,0.77,,4.0,replenishment,C,0.5,C · directional · ±50%,860.0,2578.0,K-6DIS-PER-1LIT,Biom Refillable Mini Dispenser Little Mess Hand Wipes Periwinkle - 40ct,D7,6.0,READY_FOR_LAUNCH,Jan-27,,plan 0% / controller 100%
1010810951,2027-02-01,1638.0,0.0,2085.6847017893833,0.0,4.0,1599.0,0.0,6194.0,5619.0,2085.68470180084,runrate_8wk 0.59 | owner_velocity 0.41,2086.0,-448.0,279.2,0.79,,5.0,replenishment,C,0.5,C · directional · ±50%,800.0,2398.0,K-6DIS-PER-1LIT,Biom Refillable Mini Dispenser Little Mess Hand Wipes Periwinkle - 40ct,D7,6.0,READY_FOR_LAUNCH,Feb-27,,plan 0% / controller 100%
1010810951,2027-03-01,1765.0,0.0,2085.6847017353475,0.0,4.0,1737.0,0.0,5619.0,5207.0,2309.1509197917385,runrate_8wk 0.59 | owner_velocity 0.41,2309.0,-544.0,258.7,0.76,,6.0,replenishment,C,0.5,C · directional · ±50%,868.0,2606.0,K-6DIS-PER-1LIT,Biom Refillable Mini Dispenser Little Mess Hand Wipes Periwinkle - 40ct,D7,6.0,READY_FOR_LAUNCH,Mar-27,,plan 0% / controller 100%
1010810951,2027-04-01,1856.0,0.0,2085.684701639115,0.0,4.0,1836.0,0.0,5207.0,4912.0,2234.6621803233265,runrate_8wk 0.59 | owner_velocity 0.41,2235.0,-378.0,244.1,0.83,,7.0,replenishment,D,0.7,D · plan-based · ±70%,551.0,3121.0,K-6DIS-PER-1LIT,Biom Refillable Mini Dispenser Little Mess Hand Wipes Periwinkle - 40ct,D7,6.0,READY_FOR_LAUNCH,Apr-27,,plan 0% / controller 100%
1010810951,2027-05-01,2410.0,0.0,2607.105877164172,0.0,5.0,2393.0,0.0,4912.0,4658.0,2309.1509197917385,runrate_8wk 0.59 | owner_velocity 0.41,2309.0,101.0,231.5,1.04,STEP_UP,8.0,replenishment,D,0.7,D · plan-based · ±70%,718.0,4068.0,K-6DIS-PER-1LIT,Biom Refillable Mini Dispenser Little Mess Hand Wipes Periwinkle - 40ct,D7,6.0,READY_FOR_LAUNCH,May-27,STEP_UP,plan 0% / controller 100%
1010810951,2027-06-01,1978.0,0.0,2085.684701647134,0.0,4.0,1968.0,0.0,4658.0,4520.0,2234.6621803233265,runrate_8wk 0.59 | owner_velocity 0.41,2235.0,-257.0,224.6,0.89,,9.0,replenishment,D,0.7,D · plan-based · ±70%,590.0,3346.0,K-6DIS-PER-1LIT,Biom Refillable Mini Dispenser Little Mess Hand Wipes Periwinkle - 40ct,D7,6.0,READY_FOR_LAUNCH,Jun-27,,plan 0% / controller 100%
1010810951,2027-07-01,2009.0,0.0,2085.6847017473765,0.0,4.0,2002.0,0.0,4520.0,4421.0,2309.1509197917385,runrate_8wk 0.59 | owner_velocity 0.41,2309.0,-301.0,219.7,0.87,,10.0,replenishment,D,0.7,D · plan-based · ±70%,601.0,3403.0,K-6DIS-PER-1LIT,Biom Refillable Mini Dispenser Little Mess Hand Wipes Periwinkle - 40ct,D7,6.0,READY_FOR_LAUNCH,Jul-27,,plan 0% / controller 100%
1010810951,2027-08-01,2541.0,0.0,2607.105877168182,0.0,5.0,2535.0,0.0,4421.0,4335.0,2309.1509197917385,runrate_8wk 0.59 | owner_velocity 0.41,2309.0,232.0,215.4,1.1,,11.0,replenishment,D,0.7,D · plan-based · ±70%,761.0,4310.0,K-6DIS-PER-1LIT,Biom Refillable Mini Dispenser Little Mess Hand Wipes Periwinkle - 40ct,D7,6.0,READY_FOR_LAUNCH,Aug-27,,plan 0% / controller 100%
1010810951,2027-09-01,2049.0,0.0,2085.6847016431243,0.0,4.0,2046.0,0.0,4335.0,4289.0,2234.6621803233265,runrate_8wk 0.59 | owner_velocity 0.41,2235.0,-185.0,213.1,0.92,,12.0,replenishment,D,0.7,D · plan-based · ±70%,614.0,3478.0,K-6DIS-PER-1LIT,Biom Refillable Mini Dispenser Little Mess Hand Wipes Periwinkle - 40ct,D7,6.0,READY_FOR_LAUNCH,Sep-27,,plan 0% / controller 100%
1010810951,2027-10-01,2576.0,0.0,2607.1058771601624,0.0,5.0,2573.0,0.0,4289.0,4248.0,2309.1509197917385,runrate_8wk 0.59 | owner_velocity 0.41,2309.0,267.0,211.1,1.12,,13.0,replenishment,E,1.0,E · indicative · ±100%,0.0,5146.0,K-6DIS-PER-1LIT,Biom Refillable Mini Dispenser Little Mess Hand Wipes Periwinkle - 40ct,D7,6.0,READY_FOR_LAUNCH,Oct-27,,plan 0% / controller 100%
1010810951,2027-11-01,2069.0,0.0,2085.6847016511438,0.0,4.0,2067.0,0.0,4248.0,4227.0,2234.6621803233265,runrate_8wk 0.59 | owner_velocity 0.41,2235.0,-166.0,210.0,0.93,,14.0,replenishment,E,1.0,E · indicative · ±100%,0.0,4134.0,K-6DIS-PER-1LIT,Biom Refillable Mini Dispenser Little Mess Hand Wipes Periwinkle - 40ct,D7,6.0,READY_FOR_LAUNCH,Nov-27,,plan 0% / controller 100%
1010810951,2027-12-01,1962.0,0.0,2011.195962399256,0.0,4.0,2072.0,0.0,4227.0,4285.0,2309.1509197917385,runrate_8wk 0.59 | owner_velocity 0.41,2309.0,-347.0,212.9,0.85,,15.0,replenishment,E,1.0,E · indicative · ±100%,0.0,4144.0,K-6DIS-PER-1LIT,Biom Refillable Mini Dispenser Little Mess Hand Wipes Periwinkle - 40ct,D7,6.0,READY_FOR_LAUNCH,Dec-27,,plan 0% / controller 100%
1011278742,2026-09-01,0.0,,,,,71976.0,,,,,,,,,,,,booked_forward,A,0.15,A · high · ±15%,61180.0,82772.0,P-20WIP-SAN-BER-TRV,Biom Sanitizing Go-Pack Holiday Bergamot Bloom - Hand Wipes - 20ct,D253-C4,24.0,READY_FOR_ORDER,Sep-26,LAUNCH_FILL,booked_forward
1011278742,2026-09-01,0.0,0.0,0.0,0.0,4.0,0.0,0.0,0.0,0.0,0.0,owner_velocity 1.0,0.0,0.0,,,,0.0,replenishment,C,0.5,C · directional · ±50%,0.0,0.0,P-20WIP-SAN-BER-TRV,Biom Sanitizing Go-Pack Holiday Bergamot Bloom - Hand Wipes - 20ct,D253-C4,24.0,READY_FOR_ORDER,Sep-26,LAUNCH_FILL|NEW_TCIN_NO_HISTORY|OWNER_ONLY_POS,plan 0% / controller 100%
1011278742,2026-10-01,0.0,,,,,30696.0,,,,,,,,,,,,booked_forward,A,0.15,A · high · ±15%,26092.0,35300.0,P-20WIP-SAN-BER-TRV,Biom Sanitizing Go-Pack Holiday Bergamot Bloom - Hand Wipes - 20ct,D253-C4,24.0,READY_FOR_ORDER,Oct-26,LAUNCH_FILL,booked_forward
1011278742,2026-10-01,15288.0,,,,,15288.0,,,,,,,,,,,,planned_launch,D,0.7,D · plan-based · ±70%,4586.0,25990.0,P-20WIP-SAN-BER-TRV,Biom Sanitizing Go-Pack Holiday Bergamot Bloom - Hand Wipes - 20ct,D253-C4,24.0,READY_FOR_ORDER,Oct-26,PLANNED_LAUNCH|LAUNCH_FILL,planned_launch
1011278742,2026-10-01,0.0,0.0,0.0,0.0,4.0,0.0,0.0,0.0,71976.0,0.0,owner_velocity 1.0,0.0,0.0,,,,1.0,replenishment,C,0.5,C · directional · ±50%,0.0,0.0,P-20WIP-SAN-BER-TRV,Biom Sanitizing Go-Pack Holiday Bergamot Bloom - Hand Wipes - 20ct,D253-C4,24.0,READY_FOR_ORDER,Oct-26,LAUNCH_FILL|NEW_TCIN_NO_HISTORY|OWNER_ONLY_POS,plan 0% / controller 100%
1011278742,2026-11-01,56714.0,,,,,56714.0,,,,,,,,,,,,planned_launch,D,0.7,D · plan-based · ±70%,17014.0,96414.0,P-20WIP-SAN-BER-TRV,Biom Sanitizing Go-Pack Holiday Bergamot Bloom - Hand Wipes - 20ct,D253-C4,24.0,READY_FOR_ORDER,Nov-26,PLANNED_LAUNCH|LAUNCH_FILL,planned_launch
1011278742,2026-11-01,0.0,0.0,0.0,0.0,5.0,0.0,0.0,71976.0,102672.0,0.0,owner_velocity 1.0,0.0,0.0,,,,2.0,replenishment,C,0.5,C · directional · ±50%,0.0,0.0,P-20WIP-SAN-BER-TRV,Biom Sanitizing Go-Pack Holiday Bergamot Bloom - Hand Wipes - 20ct,D253-C4,24.0,READY_FOR_ORDER,Nov-26,LAUNCH_FILL|NEW_TCIN_NO_HISTORY|OWNER_ONLY_POS,plan 0% / controller 100%
1011278742,2026-12-01,0.0,0.0,0.0,0.0,4.0,0.0,0.0,102672.0,102672.0,0.0,owner_velocity 1.0,0.0,0.0,,,,3.0,replenishment,D,0.7,D · plan-based · ±70%,0.0,0.0,P-20WIP-SAN-BER-TRV,Biom Sanitizing Go-Pack Holiday Bergamot Bloom - Hand Wipes - 20ct,D253-C4,24.0,READY_FOR_ORDER,Dec-26,LAUNCH_FILL|NEW_TCIN_NO_HISTORY|OWNER_ONLY_POS,plan 0% / controller 100%
1011278742,2027-01-01,7200.0,,,,,7200.0,,,,,,,,,,,,planned_launch,D,0.7,D · plan-based · ±70%,2160.0,12240.0,P-20WIP-SAN-BER-TRV,Biom Sanitizing Go-Pack Holiday Bergamot Bloom - Hand Wipes - 20ct,D253-C4,24.0,READY_FOR_ORDER,Jan-27,PLANNED_LAUNCH|LAUNCH_FILL,planned_launch
1011278742,2027-01-01,0.0,0.0,0.0,0.0,5.0,0.0,0.0,102672.0,102672.0,0.0,owner_velocity 1.0,0.0,0.0,,,,4.0,replenishment,D,0.7,D · plan-based · ±70%,0.0,0.0,P-20WIP-SAN-BER-TRV,Biom Sanitizing Go-Pack Holiday Bergamot Bloom - Hand Wipes - 20ct,D253-C4,24.0,READY_FOR_ORDER,Jan-27,LAUNCH_FILL|NEW_TCIN_NO_HISTORY|OWNER_ONLY_POS,plan 0% / controller 100%
1011278742,2027-02-01,0.0,0.0,900.0,0.0,4.0,0.0,0.0,102672.0,101772.0,0.0,owner_velocity 1.0,0.0,0.0,,,,5.0,replenishment,D,0.7,D · plan-based · ±70%,0.0,0.0,P-20WIP-SAN-BER-TRV,Biom Sanitizing Go-Pack Holiday Bergamot Bloom - Hand Wipes - 20ct,D253-C4,24.0,READY_FOR_ORDER,Feb-27,LAUNCH_FILL|NEW_TCIN_NO_HISTORY|OWNER_ONLY_POS,plan 0% / controller 100%
1011278742,2027-03-01,0.0,0.0,4650.0,0.0,4.0,0.0,0.0,101772.0,97122.0,4650.0,owner_velocity 1.0,4650.0,-4650.0,,0.0,,6.0,replenishment,D,0.7,D · plan-based · ±70%,0.0,0.0,P-20WIP-SAN-BER-TRV,Biom Sanitizing Go-Pack Holiday Bergamot Bloom - Hand Wipes - 20ct,D253-C4,24.0,READY_FOR_ORDER,Mar-27,LAUNCH_FILL|NEW_TCIN_NO_HISTORY|OWNER_ONLY_POS,plan 0% / controller 100%
1011278742,2027-04-01,0.0,0.0,8400.0,0.0,4.0,0.0,0.0,97122.0,88722.0,9000.0,owner_velocity 1.0,9000.0,-9000.0,,0.0,,7.0,replenishment,D,0.7,D · plan-based · ±70%,0.0,0.0,P-20WIP-SAN-BER-TRV,Biom Sanitizing Go-Pack Holiday Bergamot Bloom - Hand Wipes - 20ct,D253-C4,24.0,READY_FOR_ORDER,Apr-27,LAUNCH_FILL|NEW_TCIN_NO_HISTORY|OWNER_ONLY_POS,plan 0% / controller 100%
1011278742,2027-05-01,0.0,0.0,10500.0,0.0,5.0,0.0,0.0,88722.0,78222.0,9300.0,owner_velocity 1.0,9300.0,-9300.0,,0.0,,8.0,replenishment,D,0.7,D · plan-based · ±70%,0.0,0.0,P-20WIP-SAN-BER-TRV,Biom Sanitizing Go-Pack Holiday Bergamot Bloom - Hand Wipes - 20ct,D253-C4,24.0,READY_FOR_ORDER,May-27,LAUNCH_FILL|NEW_TCIN_NO_HISTORY|OWNER_ONLY_POS,plan 0% / controller 100%
1011278742,2027-06-01,0.0,0.0,8400.0,0.0,4.0,0.0,0.0,78222.0,69822.0,9000.0,owner_velocity 1.0,9000.0,-9000.0,,0.0,,9.0,replenishment,D,0.7,D · plan-based · ±70%,0.0,0.0,P-20WIP-SAN-BER-TRV,Biom Sanitizing Go-Pack Holiday Bergamot Bloom - Hand Wipes - 20ct,D253-C4,24.0,READY_FOR_ORDER,Jun-27,LAUNCH_FILL|NEW_TCIN_NO_HISTORY|OWNER_ONLY_POS,plan 0% / controller 100%
1011278742,2027-07-01,0.0,0.0,8400.0,0.0,4.0,0.0,0.0,69822.0,61422.0,9300.0,owner_velocity 1.0,9300.0,-9300.0,,0.0,,10.0,replenishment,D,0.7,D · plan-based · ±70%,0.0,0.0,P-20WIP-SAN-BER-TRV,Biom Sanitizing Go-Pack Holiday Bergamot Bloom - Hand Wipes - 20ct,D253-C4,24.0,READY_FOR_ORDER,Jul-27,LAUNCH_FILL|NEW_TCIN_NO_HISTORY|OWNER_ONLY_POS,plan 0% / controller 100%
1011278742,2027-08-01,0.0,0.0,10500.0,0.0,5.0,0.0,0.0,61422.0,50922.0,9300.0,owner_velocity 1.0,9300.0,-9300.0,,0.0,,11.0,replenishment,D,0.7,D · plan-based · ±70%,0.0,0.0,P-20WIP-SAN-BER-TRV,Biom Sanitizing Go-Pack Holiday Bergamot Bloom - Hand Wipes - 20ct,D253-C4,24.0,READY_FOR_ORDER,Aug-27,LAUNCH_FILL|NEW_TCIN_NO_HISTORY|OWNER_ONLY_POS,plan 0% / controller 100%
1011278742,2027-09-01,690.0,0.0,8400.0,0.0,4.0,328.0,0.0,50922.0,42522.0,9000.0,owner_velocity 1.0,9000.0,-8310.0,,0.08,,12.0,replenishment,D,0.7,D · plan-based · ±70%,98.0,558.0,P-20WIP-SAN-BER-TRV,Biom Sanitizing Go-Pack Holiday Bergamot Bloom - Hand Wipes - 20ct,D253-C4,24.0,READY_FOR_ORDER,Sep-27,LAUNCH_FILL|NEW_TCIN_NO_HISTORY|OWNER_ONLY_POS,plan 0% / controller 100%
1011278742,2027-10-01,3631.0,0.0,10500.0,0.0,5.0,3048.0,0.0,42522.0,33821.0,9300.0,owner_velocity 1.0,9300.0,-5669.0,,0.39,,13.0,replenishment,E,1.0,E · indicative · ±100%,0.0,6096.0,P-20WIP-SAN-BER-TRV,Biom Sanitizing Go-Pack Holiday Bergamot Bloom - Hand Wipes - 20ct,D253-C4,24.0,READY_FOR_ORDER,Oct-27,LAUNCH_FILL|NEW_TCIN_NO_HISTORY|OWNER_ONLY_POS,plan 0% / controller 100%
1011278742,2027-11-01,4630.0,0.0,8400.0,0.0,4.0,4301.0,0.0,33821.0,28978.0,9000.0,owner_velocity 1.0,9000.0,-4370.0,,0.51,,14.0,replenishment,E,1.0,E · indicative · ±100%,0.0,8602.0,P-20WIP-SAN-BER-TRV,Biom Sanitizing Go-Pack Holiday Bergamot Bloom - Hand Wipes - 20ct,D253-C4,24.0,READY_FOR_ORDER,Nov-27,LAUNCH_FILL|NEW_TCIN_NO_HISTORY|OWNER_ONLY_POS,plan 0% / controller 100%
1011278742,2027-12-01,5253.0,0.0,8100.0,0.0,4.0,6525.0,0.0,28978.0,25811.0,9300.0,owner_velocity 1.0,9300.0,-4047.0,,0.56,,15.0,replenishment,E,1.0,E · indicative · ±100%,0.0,13050.0,P-20WIP-SAN-BER-TRV,Biom Sanitizing Go-Pack Holiday Bergamot Bloom - Hand Wipes - 20ct,D253-C4,24.0,READY_FOR_ORDER,Dec-27,LAUNCH_FILL|NEW_TCIN_NO_HISTORY|OWNER_ONLY_POS,plan 0% / controller 100%
1011824789,2026-09-01,29292.0,,,,,3024.0,,,,,,,,,,,,planned_forward,C,0.5,C · directional · ±50%,1512.0,4536.0,P-60WIP-DSN-PIN,Biom Pine Forest Disinfecting Wipes Refill All-Purpose Cleaners - 60ct,D3-C2,12.0,READY_FOR_ORDER,Sep-26,PLANNED_FORWARD|LAUNCH_FILL,planned_forward
1011824789,2026-09-01,0.0,29292.0,0.0,0.0,4.0,0.0,3024.0,0.0,0.0,0.0,owner_velocity 1.0,0.0,0.0,,,,0.0,replenishment,C,0.5,C · directional · ±50%,0.0,0.0,P-60WIP-DSN-PIN,Biom Pine Forest Disinfecting Wipes Refill All-Purpose Cleaners - 60ct,D3-C2,12.0,READY_FOR_ORDER,Sep-26,LAUNCH_FILL|NEW_TCIN_NO_HISTORY|OWNER_ONLY_POS,plan 0% / controller 100%
1011824789,2026-10-01,14676.0,,,,,40944.0,,,,,,,,,,,,planned_forward,C,0.5,C · directional · ±50%,20472.0,61416.0,P-60WIP-DSN-PIN,Biom Pine Forest Disinfecting Wipes Refill All-Purpose Cleaners - 60ct,D3-C2,12.0,READY_FOR_ORDER,Oct-26,PLANNED_FORWARD|LAUNCH_FILL,planned_forward
1011824789,2026-10-01,56.0,,,,,56.0,,,,,,,,,,,,planned_launch,D,0.7,D · plan-based · ±70%,17.0,95.0,P-60WIP-DSN-PIN,Biom Pine Forest Disinfecting Wipes Refill All-Purpose Cleaners - 60ct,D3-C2,12.0,READY_FOR_ORDER,Oct-26,PLANNED_LAUNCH|LAUNCH_FILL,planned_launch
1011824789,2026-10-01,0.0,14676.0,0.0,0.0,4.0,0.0,40944.0,0.0,39600.0,0.0,owner_velocity 1.0,0.0,0.0,,,,1.0,replenishment,C,0.5,C · directional · ±50%,0.0,0.0,P-60WIP-DSN-PIN,Biom Pine Forest Disinfecting Wipes Refill All-Purpose Cleaners - 60ct,D3-C2,12.0,READY_FOR_ORDER,Oct-26,LAUNCH_FILL|NEW_TCIN_NO_HISTORY|OWNER_ONLY_POS,plan 0% / controller 100%
1011824789,2026-11-01,0.0,0.0,0.0,0.0,5.0,0.0,0.0,39600.0,43968.0,0.0,owner_velocity 1.0,0.0,0.0,,,,2.0,replenishment,C,0.5,C · directional · ±50%,0.0,0.0,P-60WIP-DSN-PIN,Biom Pine Forest Disinfecting Wipes Refill All-Purpose Cleaners - 60ct,D3-C2,12.0,READY_FOR_ORDER,Nov-26,LAUNCH_FILL|NEW_TCIN_NO_HISTORY|OWNER_ONLY_POS,plan 0% / controller 100%
1011824789,2026-12-01,0.0,0.0,0.0,0.0,4.0,0.0,0.0,43968.0,43968.0,0.0,owner_velocity 1.0,0.0,0.0,,,,3.0,replenishment,D,0.7,D · plan-based · ±70%,0.0,0.0,P-60WIP-DSN-PIN,Biom Pine Forest Disinfecting Wipes Refill All-Purpose Cleaners - 60ct,D3-C2,12.0,READY_FOR_ORDER,Dec-26,LAUNCH_FILL|NEW_TCIN_NO_HISTORY|OWNER_ONLY_POS,plan 0% / controller 100%
1011824789,2027-01-01,0.0,0.0,0.0,0.0,5.0,0.0,0.0,43968.0,43968.0,0.0,owner_velocity 1.0,0.0,0.0,,,,4.0,replenishment,D,0.7,D · plan-based · ±70%,0.0,0.0,P-60WIP-DSN-PIN,Biom Pine Forest Disinfecting Wipes Refill All-Purpose Cleaners - 60ct,D3-C2,12.0,READY_FOR_ORDER,Jan-27,LAUNCH_FILL|NEW_TCIN_NO_HISTORY|OWNER_ONLY_POS,plan 0% / controller 100%
1011824789,2027-02-01,0.0,0.0,0.0,0.0,4.0,0.0,0.0,43968.0,43968.0,0.0,owner_velocity 1.0,0.0,0.0,,,,5.0,replenishment,D,0.7,D · plan-based · ±70%,0.0,0.0,P-60WIP-DSN-PIN,Biom Pine Forest Disinfecting Wipes Refill All-Purpose Cleaners - 60ct,D3-C2,12.0,READY_FOR_ORDER,Feb-27,LAUNCH_FILL|NEW_TCIN_NO_HISTORY|OWNER_ONLY_POS,plan 0% / controller 100%
1011824789,2027-03-01,0.0,0.0,1078.971429,0.0,4.0,0.0,0.0,43968.0,42889.0,0.0,owner_velocity 1.0,0.0,0.0,,,,6.0,replenishment,D,0.7,D · plan-based · ±70%,0.0,0.0,P-60WIP-DSN-PIN,Biom Pine Forest Disinfecting Wipes Refill All-Purpose Cleaners - 60ct,D3-C2,12.0,READY_FOR_ORDER,Mar-27,LAUNCH_FILL|NEW_TCIN_NO_HISTORY|OWNER_ONLY_POS,plan 0% / controller 100%
1011824789,2027-04-01,5327.0,0.0,10070.400003903225,0.0,4.0,5327.0,0.0,42889.0,33914.0,10789.71429,owner_velocity 1.0,10790.0,-5462.0,,0.49,,7.0,replenishment,D,0.7,D · plan-based · ±70%,1598.0,9056.0,P-60WIP-DSN-PIN,Biom Pine Forest Disinfecting Wipes Refill All-Purpose Cleaners - 60ct,D3-C2,12.0,READY_FOR_ORDER,Apr-27,LAUNCH_FILL|NEW_TCIN_NO_HISTORY|OWNER_ONLY_POS,plan 0% / controller 100%
1011824789,2027-05-01,8980.0,0.0,12588.000002096775,0.0,5.0,7062.0,0.0,33914.0,28951.0,11149.37143,owner_velocity 1.0,11149.0,-2169.0,,0.81,,8.0,replenishment,D,0.7,D · plan-based · ±70%,2119.0,12005.0,P-60WIP-DSN-PIN,Biom Pine Forest Disinfecting Wipes Refill All-Purpose Cleaners - 60ct,D3-C2,12.0,READY_FOR_ORDER,May-27,LAUNCH_FILL|NEW_TCIN_NO_HISTORY|OWNER_ONLY_POS,plan 0% / controller 100%
1011824789,2027-06-01,8121.0,0.0,10070.400003709678,0.0,4.0,7949.0,0.0,28951.0,26435.0,10789.71429,owner_velocity 1.0,10790.0,-2669.0,,0.75,,9.0,replenishment,D,0.7,D · plan-based · ±70%,2385.0,13513.0,P-60WIP-DSN-PIN,Biom Pine Forest Disinfecting Wipes Refill All-Purpose Cleaners - 60ct,D3-C2,12.0,READY_FOR_ORDER,Jun-27,LAUNCH_FILL|NEW_TCIN_NO_HISTORY|OWNER_ONLY_POS,plan 0% / controller 100%
1011824789,2027-07-01,8677.0,0.0,10070.400001290322,0.0,4.0,10767.0,0.0,26435.0,24642.0,11149.37143,owner_velocity 1.0,11149.0,-2473.0,,0.78,,10.0,replenishment,D,0.7,D · plan-based · ±70%,3230.0,18304.0,P-60WIP-DSN-PIN,Biom Pine Forest Disinfecting Wipes Refill All-Purpose Cleaners - 60ct,D3-C2,12.0,READY_FOR_ORDER,Jul-27,LAUNCH_FILL|NEW_TCIN_NO_HISTORY|OWNER_ONLY_POS,plan 0% / controller 100%
1011824789,2027-08-01,11390.0,0.0,12588.000001999999,0.0,5.0,9074.0,0.0,24642.0,23102.0,11149.37143,owner_velocity 1.0,11149.0,241.0,,1.02,STEP_UP,11.0,replenishment,D,0.7,D · plan-based · ±70%,2722.0,15426.0,P-60WIP-DSN-PIN,Biom Pine Forest Disinfecting Wipes Refill All-Purpose Cleaners - 60ct,D3-C2,12.0,READY_FOR_ORDER,Aug-27,LAUNCH_FILL|NEW_TCIN_NO_HISTORY|STEP_UP|OWNER_ONLY_POS,plan 0% / controller 100%
1011824789,2027-09-01,9415.0,0.0,10070.400003806451,0.0,4.0,9357.0,0.0,23102.0,22259.0,10789.71429,owner_velocity 1.0,10790.0,-1375.0,,0.87,,12.0,replenishment,D,0.7,D · plan-based · ±70%,2807.0,15907.0,P-60WIP-DSN-PIN,Biom Pine Forest Disinfecting Wipes Refill All-Purpose Cleaners - 60ct,D3-C2,12.0,READY_FOR_ORDER,Sep-27,LAUNCH_FILL|NEW_TCIN_NO_HISTORY|OWNER_ONLY_POS,plan 0% / controller 100%
1011824789,2027-10-01,12024.0,0.0,12588.000002193548,0.0,5.0,11975.0,0.0,22259.0,21534.0,11149.37143,owner_velocity 1.0,11149.0,875.0,,1.08,,13.0,replenishment,E,1.0,E · indicative · ±100%,0.0,23950.0,P-60WIP-DSN-PIN,Biom Pine Forest Disinfecting Wipes Refill All-Purpose Cleaners - 60ct,D3-C2,12.0,READY_FOR_ORDER,Oct-27,LAUNCH_FILL|NEW_TCIN_NO_HISTORY|OWNER_ONLY_POS,plan 0% / controller 100%
1011824789,2027-11-01,9762.0,0.0,10070.400003612904,0.0,4.0,9735.0,0.0,21534.0,21137.0,10789.71429,owner_velocity 1.0,10790.0,-1028.0,,0.9,,14.0,replenishment,E,1.0,E · indicative · ±100%,0.0,19470.0,P-60WIP-DSN-PIN,Biom Pine Forest Disinfecting Wipes Refill All-Purpose Cleaners - 60ct,D3-C2,12.0,READY_FOR_ORDER,Nov-27,LAUNCH_FILL|NEW_TCIN_NO_HISTORY|OWNER_ONLY_POS,plan 0% / controller 100%
1011824789,2027-12-01,9310.0,0.0,9710.742858387097,0.0,4.0,11760.0,0.0,21137.0,21213.0,11149.37143,owner_velocity 1.0,11149.0,-1839.0,,0.84,,15.0,replenishment,E,1.0,E · indicative · ±100%,0.0,23520.0,P-60WIP-DSN-PIN,Biom Pine Forest Disinfecting Wipes Refill All-Purpose Cleaners - 60ct,D3-C2,12.0,READY_FOR_ORDER,Dec-27,LAUNCH_FILL|NEW_TCIN_NO_HISTORY|OWNER_ONLY_POS,plan 0% / controller 100%
1012188490,2026-09-01,0.0,,,,,30600.0,,,,,,,,,,,,booked_forward,A,0.15,A · high · ±15%,26010.0,35190.0,P-30WIP-LIT-FRA,Biom Little Mess Baby Wipes Go-Pack Unscented - 30ct,D7,24.0,READY_FOR_ORDER,Sep-26,LAUNCH_FILL,booked_forward
1012188490,2026-09-01,3456.0,,,,,864.0,,,,,,,,,,,,planned_forward,C,0.5,C · directional · ±50%,432.0,1296.0,P-30WIP-LIT-FRA,Biom Little Mess Baby Wipes Go-Pack Unscented - 30ct,D7,24.0,READY_FOR_ORDER,Sep-26,PLANNED_FORWARD|LAUNCH_FILL,planned_forward
1012188490,2026-09-01,0.0,3456.0,0.0,0.0,4.0,0.0,864.0,0.0,27672.0,0.0,owner_velocity 1.0,0.0,0.0,,,,0.0,replenishment,C,0.5,C · directional · ±50%,0.0,0.0,P-30WIP-LIT-FRA,Biom Little Mess Baby Wipes Go-Pack Unscented - 30ct,D7,24.0,READY_FOR_ORDER,Sep-26,LAUNCH_FILL|NEW_TCIN_NO_HISTORY|OWNER_ONLY_POS,plan 0% / controller 100%
1012188490,2026-10-01,5112.0,,,,,4584.0,,,,,,,,,,,,planned_forward,C,0.5,C · directional · ±50%,2292.0,6876.0,P-30WIP-LIT-FRA,Biom Little Mess Baby Wipes Go-Pack Unscented - 30ct,D7,24.0,READY_FOR_ORDER,Oct-26,PLANNED_FORWARD|LAUNCH_FILL,planned_forward
1012188490,2026-10-01,20472.0,,,,,20472.0,,,,,,,,,,,,planned_launch,D,0.7,D · plan-based · ±70%,6142.0,34802.0,P-30WIP-LIT-FRA,Biom Little Mess Baby Wipes Go-Pack Unscented - 30ct,D7,24.0,READY_FOR_ORDER,Oct-26,PLANNED_LAUNCH|LAUNCH_FILL,planned_launch
1012188490,2026-10-01,0.0,5112.0,0.0,0.0,4.0,0.0,4584.0,27672.0,35544.0,0.0,owner_velocity 1.0,0.0,0.0,,,,1.0,replenishment,C,0.5,C · directional · ±50%,0.0,0.0,P-30WIP-LIT-FRA,Biom Little Mess Baby Wipes Go-Pack Unscented - 30ct,D7,24.0,READY_FOR_ORDER,Oct-26,LAUNCH_FILL|NEW_TCIN_NO_HISTORY|OWNER_ONLY_POS,plan 0% / controller 100%
1012188490,2026-11-01,0.0,,,,,3120.0,,,,,,,,,,,,planned_forward,C,0.5,C · directional · ±50%,1560.0,4680.0,P-30WIP-LIT-FRA,Biom Little Mess Baby Wipes Go-Pack Unscented - 30ct,D7,24.0,READY_FOR_ORDER,Nov-26,PLANNED_FORWARD|LAUNCH_FILL,planned_forward
1012188490,2026-11-01,7553.0,0.0,11931.428572548386,0.0,5.0,4167.0,3120.0,35544.0,29188.0,8948.571429,owner_velocity 1.0,8949.0,-1395.0,,0.84,,2.0,replenishment,C,0.5,C · directional · ±50%,2084.0,6250.0,P-30WIP-LIT-FRA,Biom Little Mess Baby Wipes Go-Pack Unscented - 30ct,D7,24.0,READY_FOR_ORDER,Nov-26,LAUNCH_FILL|NEW_TCIN_NO_HISTORY|OWNER_ONLY_POS,plan 0% / controller 100%
1012188490,2026-12-01,18765.0,0.0,16704.000003870966,0.0,4.0,17279.0,0.0,29188.0,22526.0,18493.71429,owner_velocity 1.0,18494.0,271.0,,1.01,,3.0,replenishment,D,0.7,D · plan-based · ±70%,5184.0,29374.0,P-30WIP-LIT-FRA,Biom Little Mess Baby Wipes Go-Pack Unscented - 30ct,D7,24.0,READY_FOR_ORDER,Dec-26,LAUNCH_FILL|NEW_TCIN_NO_HISTORY|OWNER_ONLY_POS,plan 0% / controller 100%
1012188490,2027-01-01,23916.0,0.0,20880.000004009213,0.0,5.0,24088.0,0.0,22526.0,25655.0,18493.71429,owner_velocity 1.0,18494.0,5423.0,,1.29,,4.0,replenishment,D,0.7,D · plan-based · ±70%,7226.0,40950.0,P-30WIP-LIT-FRA,Biom Little Mess Baby Wipes Go-Pack Unscented - 30ct,D7,24.0,READY_FOR_ORDER,Jan-27,LAUNCH_FILL|NEW_TCIN_NO_HISTORY|OWNER_ONLY_POS,plan 0% / controller 100%
1012188490,2027-02-01,13870.0,0.0,13124.57142857143,0.0,4.0,18571.0,0.0,25655.0,31423.0,16704.0,owner_velocity 1.0,16704.0,-2834.0,,0.83,,5.0,replenishment,D,0.7,D · plan-based · ±70%,5571.0,31571.0,P-30WIP-LIT-FRA,Biom Little Mess Baby Wipes Go-Pack Unscented - 30ct,D7,24.0,READY_FOR_ORDER,Feb-27,LAUNCH_FILL|NEW_TCIN_NO_HISTORY|OWNER_ONLY_POS,plan 0% / controller 100%
1012188490,2027-03-01,0.0,0.0,0.0,0.0,4.0,0.0,0.0,31423.0,40633.0,0.0,owner_velocity 1.0,0.0,0.0,,,,6.0,replenishment,D,0.7,D · plan-based · ±70%,0.0,0.0,P-30WIP-LIT-FRA,Biom Little Mess Baby Wipes Go-Pack Unscented - 30ct,D7,24.0,READY_FOR_ORDER,Mar-27,LAUNCH_FILL|NEW_TCIN_NO_HISTORY|OWNER_ONLY_POS,plan 0% / controller 100%
1012188490,2027-04-01,0.0,0.0,0.0,0.0,4.0,0.0,0.0,40633.0,40633.0,0.0,owner_velocity 1.0,0.0,0.0,,,,7.0,replenishment,D,0.7,D · plan-based · ±70%,0.0,0.0,P-30WIP-LIT-FRA,Biom Little Mess Baby Wipes Go-Pack Unscented - 30ct,D7,24.0,READY_FOR_ORDER,Apr-27,LAUNCH_FILL|NEW_TCIN_NO_HISTORY|OWNER_ONLY_POS,plan 0% / controller 100%
1012188490,2027-05-01,0.0,0.0,0.0,0.0,5.0,0.0,0.0,40633.0,40633.0,0.0,owner_velocity 1.0,0.0,0.0,,,,8.0,replenishment,D,0.7,D · plan-based · ±70%,0.0,0.0,P-30WIP-LIT-FRA,Biom Little Mess Baby Wipes Go-Pack Unscented - 30ct,D7,24.0,READY_FOR_ORDER,May-27,LAUNCH_FILL|NEW_TCIN_NO_HISTORY|OWNER_ONLY_POS,plan 0% / controller 100%
1012188490,2027-06-01,0.0,0.0,0.0,0.0,4.0,0.0,0.0,40633.0,40633.0,0.0,owner_velocity 1.0,0.0,0.0,,,,9.0,replenishment,D,0.7,D · plan-based · ±70%,0.0,0.0,P-30WIP-LIT-FRA,Biom Little Mess Baby Wipes Go-Pack Unscented - 30ct,D7,24.0,READY_FOR_ORDER,Jun-27,LAUNCH_FILL|NEW_TCIN_NO_HISTORY|OWNER_ONLY_POS,plan 0% / controller 100%
1012188490,2027-07-01,0.0,0.0,0.0,0.0,4.0,0.0,0.0,40633.0,40633.0,0.0,owner_velocity 1.0,0.0,0.0,,,,10.0,replenishment,D,0.7,D · plan-based · ±70%,0.0,0.0,P-30WIP-LIT-FRA,Biom Little Mess Baby Wipes Go-Pack Unscented - 30ct,D7,24.0,READY_FOR_ORDER,Jul-27,LAUNCH_FILL|NEW_TCIN_NO_HISTORY|OWNER_ONLY_POS,plan 0% / controller 100%
1012188490,2027-08-01,0.0,0.0,0.0,0.0,5.0,0.0,0.0,40633.0,40633.0,0.0,owner_velocity 1.0,0.0,0.0,,,,11.0,replenishment,D,0.7,D · plan-based · ±70%,0.0,0.0,P-30WIP-LIT-FRA,Biom Little Mess Baby Wipes Go-Pack Unscented - 30ct,D7,24.0,READY_FOR_ORDER,Aug-27,LAUNCH_FILL|NEW_TCIN_NO_HISTORY|OWNER_ONLY_POS,plan 0% / controller 100%
1012188490,2027-09-01,0.0,0.0,0.0,0.0,4.0,0.0,0.0,40633.0,40633.0,0.0,owner_velocity 1.0,0.0,0.0,,,,12.0,replenishment,D,0.7,D · plan-based · ±70%,0.0,0.0,P-30WIP-LIT-FRA,Biom Little Mess Baby Wipes Go-Pack Unscented - 30ct,D7,24.0,READY_FOR_ORDER,Sep-27,LAUNCH_FILL|NEW_TCIN_NO_HISTORY|OWNER_ONLY_POS,plan 0% / controller 100%
1012188490,2027-10-01,0.0,0.0,0.0,0.0,5.0,0.0,0.0,40633.0,40633.0,0.0,owner_velocity 1.0,0.0,0.0,,,,13.0,replenishment,E,1.0,E · indicative · ±100%,0.0,0.0,P-30WIP-LIT-FRA,Biom Little Mess Baby Wipes Go-Pack Unscented - 30ct,D7,24.0,READY_FOR_ORDER,Oct-27,LAUNCH_FILL|NEW_TCIN_NO_HISTORY|OWNER_ONLY_POS,plan 0% / controller 100%
1012188490,2027-11-01,0.0,0.0,0.0,0.0,4.0,0.0,0.0,40633.0,40633.0,0.0,owner_velocity 1.0,0.0,0.0,,,,14.0,replenishment,E,1.0,E · indicative · ±100%,0.0,0.0,P-30WIP-LIT-FRA,Biom Little Mess Baby Wipes Go-Pack Unscented - 30ct,D7,24.0,READY_FOR_ORDER,Nov-27,LAUNCH_FILL|NEW_TCIN_NO_HISTORY|OWNER_ONLY_POS,plan 0% / controller 100%
1012188490,2027-12-01,0.0,0.0,0.0,0.0,4.0,0.0,0.0,40633.0,40633.0,0.0,owner_velocity 1.0,0.0,0.0,,,,15.0,replenishment,E,1.0,E · indicative · ±100%,0.0,0.0,P-30WIP-LIT-FRA,Biom Little Mess Baby Wipes Go-Pack Unscented - 30ct,D7,24.0,READY_FOR_ORDER,Dec-27,LAUNCH_FILL|NEW_TCIN_NO_HISTORY|OWNER_ONLY_POS,plan 0% / controller 100%
1012188491,2026-09-01,0.0,,,,,27000.0,,,,,,,,,,,,booked_forward,A,0.15,A · high · ±15%,22950.0,31050.0,P-30WIP-BAB-FRA,Biom Baby Wipes Go-Pack Unscented - 30ct,D7,24.0,READY_FOR_ORDER,Sep-26,LAUNCH_FILL,booked_forward
1012188491,2026-09-01,5256.0,,,,,1608.0,,,,,,,,,,,,planned_forward,C,0.5,C · directional · ±50%,804.0,2412.0,P-30WIP-BAB-FRA,Biom Baby Wipes Go-Pack Unscented - 30ct,D7,24.0,READY_FOR_ORDER,Sep-26,PLANNED_FORWARD|LAUNCH_FILL,planned_forward
1012188491,2026-09-01,0.0,5256.0,0.0,0.0,4.0,0.0,1608.0,0.0,24480.0,0.0,owner_velocity 1.0,0.0,0.0,,,,0.0,replenishment,C,0.5,C · directional · ±50%,0.0,0.0,P-30WIP-BAB-FRA,Biom Baby Wipes Go-Pack Unscented - 30ct,D7,24.0,READY_FOR_ORDER,Sep-26,LAUNCH_FILL|NEW_TCIN_NO_HISTORY|OWNER_ONLY_POS,plan 0% / controller 100%
1012188491,2026-10-01,5952.0,,,,,6432.0,,,,,,,,,,,,planned_forward,C,0.5,C · directional · ±50%,3216.0,9648.0,P-30WIP-BAB-FRA,Biom Baby Wipes Go-Pack Unscented - 30ct,D7,24.0,READY_FOR_ORDER,Oct-26,PLANNED_FORWARD|LAUNCH_FILL,planned_forward
1012188491,2026-10-01,18624.0,,,,,18624.0,,,,,,,,,,,,planned_launch,D,0.7,D · plan-based · ±70%,5587.0,31661.0,P-30WIP-BAB-FRA,Biom Baby Wipes Go-Pack Unscented - 30ct,D7,24.0,READY_FOR_ORDER,Oct-26,PLANNED_LAUNCH|LAUNCH_FILL,planned_launch
1012188491,2026-10-01,0.0,5952.0,0.0,0.0,4.0,0.0,6432.0,24480.0,34344.0,0.0,owner_velocity 1.0,0.0,0.0,,,,1.0,replenishment,C,0.5,C · directional · ±50%,0.0,0.0,P-30WIP-BAB-FRA,Biom Baby Wipes Go-Pack Unscented - 30ct,D7,24.0,READY_FOR_ORDER,Oct-26,LAUNCH_FILL|NEW_TCIN_NO_HISTORY|OWNER_ONLY_POS,plan 0% / controller 100%
1012188491,2026-11-01,0.0,,,,,3168.0,,,,,,,,,,,,planned_forward,C,0.5,C · directional · ±50%,1584.0,4752.0,P-30WIP-BAB-FRA,Biom Baby Wipes Go-Pack Unscented - 30ct,D7,24.0,READY_FOR_ORDER,Nov-26,PLANNED_FORWARD|LAUNCH_FILL,planned_forward
1012188491,2026-11-01,7882.0,0.0,11931.428572548386,0.0,5.0,4440.0,3168.0,34344.0,28378.0,8948.571429,owner_velocity 1.0,8949.0,-1067.0,,0.88,,2.0,replenishment,C,0.5,C · directional · ±50%,2220.0,6660.0,P-30WIP-BAB-FRA,Biom Baby Wipes Go-Pack Unscented - 30ct,D7,24.0,READY_FOR_ORDER,Nov-26,LAUNCH_FILL|NEW_TCIN_NO_HISTORY|OWNER_ONLY_POS,plan 0% / controller 100%
1012188491,2026-12-01,18945.0,0.0,16704.000003870966,0.0,4.0,17474.0,0.0,28378.0,21944.0,18493.71429,owner_velocity 1.0,18494.0,451.0,,1.02,,3.0,replenishment,D,0.7,D · plan-based · ±70%,5242.0,29706.0,P-30WIP-BAB-FRA,Biom Baby Wipes Go-Pack Unscented - 30ct,D7,24.0,READY_FOR_ORDER,Dec-26,LAUNCH_FILL|NEW_TCIN_NO_HISTORY|OWNER_ONLY_POS,plan 0% / controller 100%
1012188491,2027-01-01,24071.0,0.0,20880.000004009213,0.0,5.0,24256.0,0.0,21944.0,25273.0,18493.71429,owner_velocity 1.0,18494.0,5577.0,,1.3,,4.0,replenishment,D,0.7,D · plan-based · ±70%,7277.0,41235.0,P-30WIP-BAB-FRA,Biom Baby Wipes Go-Pack Unscented - 30ct,D7,24.0,READY_FOR_ORDER,Jan-27,LAUNCH_FILL|NEW_TCIN_NO_HISTORY|OWNER_ONLY_POS,plan 0% / controller 100%
1012188491,2027-02-01,13936.0,0.0,13124.57142857143,0.0,4.0,18663.0,0.0,25273.0,31150.0,16704.0,owner_velocity 1.0,16704.0,-2768.0,,0.83,,5.0,replenishment,D,0.7,D · plan-based · ±70%,5599.0,31727.0,P-30WIP-BAB-FRA,Biom Baby Wipes Go-Pack Unscented - 30ct,D7,24.0,READY_FOR_ORDER,Feb-27,LAUNCH_FILL|NEW_TCIN_NO_HISTORY|OWNER_ONLY_POS,plan 0% / controller 100%
1012188491,2027-03-01,0.0,0.0,0.0,0.0,4.0,0.0,0.0,31150.0,40401.0,0.0,owner_velocity 1.0,0.0,0.0,,,,6.0,replenishment,D,0.7,D · plan-based · ±70%,0.0,0.0,P-30WIP-BAB-FRA,Biom Baby Wipes Go-Pack Unscented - 30ct,D7,24.0,READY_FOR_ORDER,Mar-27,LAUNCH_FILL|NEW_TCIN_NO_HISTORY|OWNER_ONLY_POS,plan 0% / controller 100%
1012188491,2027-04-01,0.0,0.0,0.0,0.0,4.0,0.0,0.0,40401.0,40401.0,0.0,owner_velocity 1.0,0.0,0.0,,,,7.0,replenishment,D,0.7,D · plan-based · ±70%,0.0,0.0,P-30WIP-BAB-FRA,Biom Baby Wipes Go-Pack Unscented - 30ct,D7,24.0,READY_FOR_ORDER,Apr-27,LAUNCH_FILL|NEW_TCIN_NO_HISTORY|OWNER_ONLY_POS,plan 0% / controller 100%
1012188491,2027-05-01,0.0,0.0,0.0,0.0,5.0,0.0,0.0,40401.0,40401.0,0.0,owner_velocity 1.0,0.0,0.0,,,,8.0,replenishment,D,0.7,D · plan-based · ±70%,0.0,0.0,P-30WIP-BAB-FRA,Biom Baby Wipes Go-Pack Unscented - 30ct,D7,24.0,READY_FOR_ORDER,May-27,LAUNCH_FILL|NEW_TCIN_NO_HISTORY|OWNER_ONLY_POS,plan 0% / controller 100%
1012188491,2027-06-01,0.0,0.0,0.0,0.0,4.0,0.0,0.0,40401.0,40401.0,0.0,owner_velocity 1.0,0.0,0.0,,,,9.0,replenishment,D,0.7,D · plan-based · ±70%,0.0,0.0,P-30WIP-BAB-FRA,Biom Baby Wipes Go-Pack Unscented - 30ct,D7,24.0,READY_FOR_ORDER,Jun-27,LAUNCH_FILL|NEW_TCIN_NO_HISTORY|OWNER_ONLY_POS,plan 0% / controller 100%
1012188491,2027-07-01,0.0,0.0,0.0,0.0,4.0,0.0,0.0,40401.0,40401.0,0.0,owner_velocity 1.0,0.0,0.0,,,,10.0,replenishment,D,0.7,D · plan-based · ±70%,0.0,0.0,P-30WIP-BAB-FRA,Biom Baby Wipes Go-Pack Unscented - 30ct,D7,24.0,READY_FOR_ORDER,Jul-27,LAUNCH_FILL|NEW_TCIN_NO_HISTORY|OWNER_ONLY_POS,plan 0% / controller 100%
1012188491,2027-08-01,0.0,0.0,0.0,0.0,5.0,0.0,0.0,40401.0,40401.0,0.0,owner_velocity 1.0,0.0,0.0,,,,11.0,replenishment,D,0.7,D · plan-based · ±70%,0.0,0.0,P-30WIP-BAB-FRA,Biom Baby Wipes Go-Pack Unscented - 30ct,D7,24.0,READY_FOR_ORDER,Aug-27,LAUNCH_FILL|NEW_TCIN_NO_HISTORY|OWNER_ONLY_POS,plan 0% / controller 100%
1012188491,2027-09-01,0.0,0.0,0.0,0.0,4.0,0.0,0.0,40401.0,40401.0,0.0,owner_velocity 1.0,0.0,0.0,,,,12.0,replenishment,D,0.7,D · plan-based · ±70%,0.0,0.0,P-30WIP-BAB-FRA,Biom Baby Wipes Go-Pack Unscented - 30ct,D7,24.0,READY_FOR_ORDER,Sep-27,LAUNCH_FILL|NEW_TCIN_NO_HISTORY|OWNER_ONLY_POS,plan 0% / controller 100%
1012188491,2027-10-01,0.0,0.0,0.0,0.0,5.0,0.0,0.0,40401.0,40401.0,0.0,owner_velocity 1.0,0.0,0.0,,,,13.0,replenishment,E,1.0,E · indicative · ±100%,0.0,0.0,P-30WIP-BAB-FRA,Biom Baby Wipes Go-Pack Unscented - 30ct,D7,24.0,READY_FOR_ORDER,Oct-27,LAUNCH_FILL|NEW_TCIN_NO_HISTORY|OWNER_ONLY_POS,plan 0% / controller 100%
1012188491,2027-11-01,0.0,0.0,0.0,0.0,4.0,0.0,0.0,40401.0,40401.0,0.0,owner_velocity 1.0,0.0,0.0,,,,14.0,replenishment,E,1.0,E · indicative · ±100%,0.0,0.0,P-30WIP-BAB-FRA,Biom Baby Wipes Go-Pack Unscented - 30ct,D7,24.0,READY_FOR_ORDER,Nov-27,LAUNCH_FILL|NEW_TCIN_NO_HISTORY|OWNER_ONLY_POS,plan 0% / controller 100%
1012188491,2027-12-01,0.0,0.0,0.0,0.0,4.0,0.0,0.0,40401.0,40401.0,0.0,owner_velocity 1.0,0.0,0.0,,,,15.0,replenishment,E,1.0,E · indicative · ±100%,0.0,0.0,P-30WIP-BAB-FRA,Biom Baby Wipes Go-Pack Unscented - 30ct,D7,24.0,READY_FOR_ORDER,Dec-27,LAUNCH_FILL|NEW_TCIN_NO_HISTORY|OWNER_ONLY_POS,plan 0% / controller 100%
1012914812,2026-09-01,0.0,0.0,0.0,0.0,4.0,0.0,0.0,0.0,0.0,0.0,owner_velocity 1.0,0.0,0.0,,,,0.0,replenishment,C,0.5,C · directional · ±50%,0.0,0.0,P-20WIP-AP-STL-TRV,Biom Santal Escape Cleaning Wipe Go-Pack All-Purpose Cleaners - 20ct,D3-C2,,READY_FOR_ORDER,Sep-26,LAUNCH_FILL|NEW_TCIN_NO_HISTORY|OWNER_ONLY_POS,plan 0% / controller 100%
1012914812,2026-10-01,0.0,0.0,0.0,0.0,4.0,0.0,0.0,0.0,0.0,0.0,owner_velocity 1.0,0.0,0.0,,,,1.0,replenishment,C,0.5,C · directional · ±50%,0.0,0.0,P-20WIP-AP-STL-TRV,Biom Santal Escape Cleaning Wipe Go-Pack All-Purpose Cleaners - 20ct,D3-C2,,READY_FOR_ORDER,Oct-26,LAUNCH_FILL|NEW_TCIN_NO_HISTORY|OWNER_ONLY_POS,plan 0% / controller 100%
1012914812,2026-11-01,0.0,0.0,0.0,0.0,5.0,0.0,0.0,0.0,0.0,0.0,owner_velocity 1.0,0.0,0.0,,,,2.0,replenishment,C,0.5,C · directional · ±50%,0.0,0.0,P-20WIP-AP-STL-TRV,Biom Santal Escape Cleaning Wipe Go-Pack All-Purpose Cleaners - 20ct,D3-C2,,READY_FOR_ORDER,Nov-26,LAUNCH_FILL|NEW_TCIN_NO_HISTORY|OWNER_ONLY_POS,plan 0% / controller 100%
1012914812,2026-12-01,0.0,0.0,0.0,0.0,4.0,0.0,0.0,0.0,0.0,0.0,owner_velocity 1.0,0.0,0.0,,,,3.0,replenishment,D,0.7,D · plan-based · ±70%,0.0,0.0,P-20WIP-AP-STL-TRV,Biom Santal Escape Cleaning Wipe Go-Pack All-Purpose Cleaners - 20ct,D3-C2,,READY_FOR_ORDER,Dec-26,LAUNCH_FILL|NEW_TCIN_NO_HISTORY|OWNER_ONLY_POS,plan 0% / controller 100%
1012914812,2027-01-01,7200.0,,,,,7200.0,,,,,,,,,,,,planned_launch,D,0.7,D · plan-based · ±70%,2160.0,12240.0,P-20WIP-AP-STL-TRV,Biom Santal Escape Cleaning Wipe Go-Pack All-Purpose Cleaners - 20ct,D3-C2,,READY_FOR_ORDER,Jan-27,PLANNED_LAUNCH|LAUNCH_FILL,planned_launch
1012914812,2027-01-01,0.0,0.0,0.0,0.0,5.0,0.0,0.0,0.0,0.0,0.0,owner_velocity 1.0,0.0,0.0,,,,4.0,replenishment,D,0.7,D · plan-based · ±70%,0.0,0.0,P-20WIP-AP-STL-TRV,Biom Santal Escape Cleaning Wipe Go-Pack All-Purpose Cleaners - 20ct,D3-C2,,READY_FOR_ORDER,Jan-27,LAUNCH_FILL|NEW_TCIN_NO_HISTORY|OWNER_ONLY_POS,plan 0% / controller 100%
1012914812,2027-02-01,964.0,0.0,642.8571427741934,0.0,4.0,0.0,0.0,0.0,0.0,0.0,owner_velocity 1.0,0.0,964.0,,,,5.0,replenishment,D,0.7,D · plan-based · ±70%,0.0,0.0,P-20WIP-AP-STL-TRV,Biom Santal Escape Cleaning Wipe Go-Pack All-Purpose Cleaners - 20ct,D3-C2,,READY_FOR_ORDER,Feb-27,LAUNCH_FILL|NEW_TCIN_NO_HISTORY|OWNER_ONLY_POS,plan 0% / controller 100%
1012914812,2027-03-01,4969.0,0.0,3321.4285711258062,0.0,4.0,4339.0,0.0,0.0,268.0,3321.428571,owner_velocity 1.0,3321.0,1647.0,,1.5,,6.0,replenishment,D,0.7,D · plan-based · ±70%,1302.0,7376.0,P-20WIP-AP-STL-TRV,Biom Santal Escape Cleaning Wipe Go-Pack All-Purpose Cleaners - 20ct,D3-C2,,READY_FOR_ORDER,Mar-27,LAUNCH_FILL|NEW_TCIN_NO_HISTORY|OWNER_ONLY_POS,plan 0% / controller 100%
1012914812,2027-04-01,8977.0,0.0,6000.000000390322,0.0,4.0,10571.0,0.0,268.0,827.0,6428.571429,owner_velocity 1.0,6429.0,2549.0,,1.4,,7.0,replenishment,D,0.7,D · plan-based · ±70%,3171.0,17971.0,P-20WIP-AP-STL-TRV,Biom Santal Escape Cleaning Wipe Go-Pack All-Purpose Cleaners - 20ct,D3-C2,,READY_FOR_ORDER,Apr-27,LAUNCH_FILL|NEW_TCIN_NO_HISTORY|OWNER_ONLY_POS,plan 0% / controller 100%
1012914812,2027-05-01,10527.0,0.0,7500.000000209678,0.0,5.0,8512.0,0.0,827.0,4421.0,6642.857143,owner_velocity 1.0,6643.0,3884.0,,1.58,,8.0,replenishment,D,0.7,D · plan-based · ±70%,2554.0,14470.0,P-20WIP-AP-STL-TRV,Biom Santal Escape Cleaning Wipe Go-Pack All-Purpose Cleaners - 20ct,D3-C2,,READY_FOR_ORDER,May-27,LAUNCH_FILL|NEW_TCIN_NO_HISTORY|OWNER_ONLY_POS,plan 0% / controller 100%
1012914812,2027-06-01,7680.0,0.0,6000.000000370967,0.0,4.0,7825.0,0.0,4421.0,6572.0,6428.571429,owner_velocity 1.0,6429.0,1251.0,,1.19,,9.0,replenishment,D,0.7,D · plan-based · ±70%,2348.0,13302.0,P-20WIP-AP-STL-TRV,Biom Santal Escape Cleaning Wipe Go-Pack All-Purpose Cleaners - 20ct,D3-C2,,READY_FOR_ORDER,Jun-27,LAUNCH_FILL|NEW_TCIN_NO_HISTORY|OWNER_ONLY_POS,plan 0% / controller 100%
1012914812,2027-07-01,7202.0,0.0,6000.000000129033,0.0,4.0,9071.0,0.0,6572.0,8117.0,6642.857143,owner_velocity 1.0,6643.0,559.0,,1.08,,10.0,replenishment,D,0.7,D · plan-based · ±70%,2721.0,15421.0,P-20WIP-AP-STL-TRV,Biom Santal Escape Cleaning Wipe Go-Pack All-Purpose Cleaners - 20ct,D3-C2,,READY_FOR_ORDER,Jul-27,LAUNCH_FILL|NEW_TCIN_NO_HISTORY|OWNER_ONLY_POS,plan 0% / controller 100%
1012914812,2027-08-01,8534.0,0.0,7500.000000200001,0.0,5.0,6860.0,0.0,8117.0,9446.0,6642.857143,owner_velocity 1.0,6643.0,1891.0,,1.28,,11.0,replenishment,D,0.7,D · plan-based · ±70%,2058.0,11662.0,P-20WIP-AP-STL-TRV,Biom Santal Escape Cleaning Wipe Go-Pack All-Purpose Cleaners - 20ct,D3-C2,,READY_FOR_ORDER,Aug-27,LAUNCH_FILL|NEW_TCIN_NO_HISTORY|OWNER_ONLY_POS,plan 0% / controller 100%
1012914812,2027-09-01,6566.0,0.0,6000.000000380644,0.0,4.0,6615.0,0.0,9446.0,10173.0,6428.571429,owner_velocity 1.0,6429.0,137.0,,1.02,,12.0,replenishment,D,0.7,D · plan-based · ±70%,1985.0,11246.0,P-20WIP-AP-STL-TRV,Biom Santal Escape Cleaning Wipe Go-Pack All-Purpose Cleaners - 20ct,D3-C2,,READY_FOR_ORDER,Sep-27,LAUNCH_FILL|NEW_TCIN_NO_HISTORY|OWNER_ONLY_POS,plan 0% / controller 100%
1012914812,2027-10-01,7986.0,0.0,7500.000000219356,0.0,5.0,8029.0,0.0,10173.0,10798.0,6642.857143,owner_velocity 1.0,6643.0,1343.0,,1.2,,13.0,replenishment,E,1.0,E · indicative · ±100%,0.0,16058.0,P-20WIP-AP-STL-TRV,Biom Santal Escape Cleaning Wipe Go-Pack All-Purpose Cleaners - 20ct,D3-C2,,READY_FOR_ORDER,Oct-27,LAUNCH_FILL|NEW_TCIN_NO_HISTORY|OWNER_ONLY_POS,plan 0% / controller 100%
1012914812,2027-11-01,6266.0,0.0,6000.0000003612895,0.0,4.0,6289.0,0.0,10798.0,11140.0,6428.571429,owner_velocity 1.0,6429.0,-162.0,,0.97,,14.0,replenishment,E,1.0,E · indicative · ±100%,0.0,12578.0,P-20WIP-AP-STL-TRV,Biom Santal Escape Cleaning Wipe Go-Pack All-Purpose Cleaners - 20ct,D3-C2,,READY_FOR_ORDER,Nov-27,LAUNCH_FILL|NEW_TCIN_NO_HISTORY|OWNER_ONLY_POS,plan 0% / controller 100%
1012914812,2027-12-01,5869.0,0.0,5785.714285838711,0.0,4.0,7427.0,0.0,11140.0,11599.0,6642.857143,owner_velocity 1.0,6643.0,-774.0,,0.88,,15.0,replenishment,E,1.0,E · indicative · ±100%,0.0,14854.0,P-20WIP-AP-STL-TRV,Biom Santal Escape Cleaning Wipe Go-Pack All-Purpose Cleaners - 20ct,D3-C2,,READY_FOR_ORDER,Dec-27,LAUNCH_FILL|NEW_TCIN_NO_HISTORY|OWNER_ONLY_POS,plan 0% / controller 100%
1012914813,2026-09-01,0.0,0.0,0.0,0.0,4.0,0.0,0.0,0.0,0.0,0.0,owner_velocity 1.0,0.0,0.0,,,,0.0,replenishment,C,0.5,C · directional · ±50%,0.0,0.0,P-20WIP-DSN-CIT-TRV,Biom Fresh Citrus Disinfecting Wipe Go-Pack All-Purpose Cleaners - 20ct,D3-C2,,READY_FOR_ORDER,Sep-26,LAUNCH_FILL|NEW_TCIN_NO_HISTORY|OWNER_ONLY_POS,plan 0% / controller 100%
1012914813,2026-10-01,0.0,0.0,0.0,0.0,4.0,0.0,0.0,0.0,0.0,0.0,owner_velocity 1.0,0.0,0.0,,,,1.0,replenishment,C,0.5,C · directional · ±50%,0.0,0.0,P-20WIP-DSN-CIT-TRV,Biom Fresh Citrus Disinfecting Wipe Go-Pack All-Purpose Cleaners - 20ct,D3-C2,,READY_FOR_ORDER,Oct-26,LAUNCH_FILL|NEW_TCIN_NO_HISTORY|OWNER_ONLY_POS,plan 0% / controller 100%
1012914813,2026-11-01,0.0,0.0,0.0,0.0,5.0,0.0,0.0,0.0,0.0,0.0,owner_velocity 1.0,0.0,0.0,,,,2.0,replenishment,C,0.5,C · directional · ±50%,0.0,0.0,P-20WIP-DSN-CIT-TRV,Biom Fresh Citrus Disinfecting Wipe Go-Pack All-Purpose Cleaners - 20ct,D3-C2,,READY_FOR_ORDER,Nov-26,LAUNCH_FILL|NEW_TCIN_NO_HISTORY|OWNER_ONLY_POS,plan 0% / controller 100%
1012914813,2026-12-01,0.0,0.0,0.0,0.0,4.0,0.0,0.0,0.0,0.0,0.0,owner_velocity 1.0,0.0,0.0,,,,3.0,replenishment,D,0.7,D · plan-based · ±70%,0.0,0.0,P-20WIP-DSN-CIT-TRV,Biom Fresh Citrus Disinfecting Wipe Go-Pack All-Purpose Cleaners - 20ct,D3-C2,,READY_FOR_ORDER,Dec-26,LAUNCH_FILL|NEW_TCIN_NO_HISTORY|OWNER_ONLY_POS,plan 0% / controller 100%
1012914813,2027-01-01,7200.0,,,,,7200.0,,,,,,,,,,,,planned_launch,D,0.7,D · plan-based · ±70%,2160.0,12240.0,P-20WIP-DSN-CIT-TRV,Biom Fresh Citrus Disinfecting Wipe Go-Pack All-Purpose Cleaners - 20ct,D3-C2,,READY_FOR_ORDER,Jan-27,PLANNED_LAUNCH|LAUNCH_FILL,planned_launch
1012914813,2027-01-01,0.0,0.0,0.0,0.0,5.0,0.0,0.0,0.0,0.0,0.0,owner_velocity 1.0,0.0,0.0,,,,4.0,replenishment,D,0.7,D · plan-based · ±70%,0.0,0.0,P-20WIP-DSN-CIT-TRV,Biom Fresh Citrus Disinfecting Wipe Go-Pack All-Purpose Cleaners - 20ct,D3-C2,,READY_FOR_ORDER,Jan-27,LAUNCH_FILL|NEW_TCIN_NO_HISTORY|OWNER_ONLY_POS,plan 0% / controller 100%
1012914813,2027-02-01,1157.0,0.0,771.4285714838709,0.0,4.0,0.0,0.0,0.0,0.0,0.0,owner_velocity 1.0,0.0,1157.0,,,,5.0,replenishment,D,0.7,D · plan-based · ±70%,0.0,0.0,P-20WIP-DSN-CIT-TRV,Biom Fresh Citrus Disinfecting Wipe Go-Pack All-Purpose Cleaners - 20ct,D3-C2,,READY_FOR_ORDER,Feb-27,LAUNCH_FILL|NEW_TCIN_NO_HISTORY|OWNER_ONLY_POS,plan 0% / controller 100%
1012914813,2027-03-01,5963.0,0.0,3985.714285916129,0.0,4.0,5207.0,0.0,0.0,321.0,3985.714286,owner_velocity 1.0,3986.0,1977.0,,1.5,,6.0,replenishment,D,0.7,D · plan-based · ±70%,1562.0,8852.0,P-20WIP-DSN-CIT-TRV,Biom Fresh Citrus Disinfecting Wipe Go-Pack All-Purpose Cleaners - 20ct,D3-C2,,READY_FOR_ORDER,Mar-27,LAUNCH_FILL|NEW_TCIN_NO_HISTORY|OWNER_ONLY_POS,plan 0% / controller 100%
1012914813,2027-04-01,10773.0,0.0,7199.999999729032,0.0,4.0,12685.0,0.0,321.0,992.0,7714.285714,owner_velocity 1.0,7714.0,3059.0,,1.4,,7.0,replenishment,D,0.7,D · plan-based · ±70%,3806.0,21564.0,P-20WIP-DSN-CIT-TRV,Biom Fresh Citrus Disinfecting Wipe Go-Pack All-Purpose Cleaners - 20ct,D3-C2,,READY_FOR_ORDER,Apr-27,LAUNCH_FILL|NEW_TCIN_NO_HISTORY|OWNER_ONLY_POS,plan 0% / controller 100%
1012914813,2027-05-01,12632.0,0.0,8999.999999537635,0.0,5.0,10215.0,0.0,992.0,5305.0,7971.428571,owner_velocity 1.0,7971.0,4661.0,,1.58,,8.0,replenishment,D,0.7,D · plan-based · ±70%,3065.0,17366.0,P-20WIP-DSN-CIT-TRV,Biom Fresh Citrus Disinfecting Wipe Go-Pack All-Purpose Cleaners - 20ct,D3-C2,,READY_FOR_ORDER,May-27,LAUNCH_FILL|NEW_TCIN_NO_HISTORY|OWNER_ONLY_POS,plan 0% / controller 100%
1012914813,2027-06-01,9215.0,0.0,7199.99999972043,0.0,4.0,9390.0,0.0,5305.0,7886.0,7714.285714,owner_velocity 1.0,7714.0,1501.0,,1.19,,9.0,replenishment,D,0.7,D · plan-based · ±70%,2817.0,15963.0,P-20WIP-DSN-CIT-TRV,Biom Fresh Citrus Disinfecting Wipe Go-Pack All-Purpose Cleaners - 20ct,D3-C2,,READY_FOR_ORDER,Jun-27,LAUNCH_FILL|NEW_TCIN_NO_HISTORY|OWNER_ONLY_POS,plan 0% / controller 100%
1012914813,2027-07-01,8643.0,0.0,7199.999999612904,0.0,4.0,10885.0,0.0,7886.0,9740.0,7971.428571,owner_velocity 1.0,7971.0,671.0,,1.08,,10.0,replenishment,D,0.7,D · plan-based · ±70%,3266.0,18504.0,P-20WIP-DSN-CIT-TRV,Biom Fresh Citrus Disinfecting Wipe Go-Pack All-Purpose Cleaners - 20ct,D3-C2,,READY_FOR_ORDER,Jul-27,LAUNCH_FILL|NEW_TCIN_NO_HISTORY|OWNER_ONLY_POS,plan 0% / controller 100%
1012914813,2027-08-01,10240.0,0.0,8999.999999533335,0.0,5.0,8232.0,0.0,9740.0,11335.0,7971.428571,owner_velocity 1.0,7971.0,2269.0,,1.28,,11.0,replenishment,D,0.7,D · plan-based · ±70%,2470.0,13994.0,P-20WIP-DSN-CIT-TRV,Biom Fresh Citrus Disinfecting Wipe Go-Pack All-Purpose Cleaners - 20ct,D3-C2,,READY_FOR_ORDER,Aug-27,LAUNCH_FILL|NEW_TCIN_NO_HISTORY|OWNER_ONLY_POS,plan 0% / controller 100%
1012914813,2027-09-01,7879.0,0.0,7199.999999724731,0.0,4.0,7938.0,0.0,11335.0,12207.0,7714.285714,owner_velocity 1.0,7714.0,165.0,,1.02,,12.0,replenishment,D,0.7,D · plan-based · ±70%,2381.0,13495.0,P-20WIP-DSN-CIT-TRV,Biom Fresh Citrus Disinfecting Wipe Go-Pack All-Purpose Cleaners - 20ct,D3-C2,,READY_FOR_ORDER,Sep-27,LAUNCH_FILL|NEW_TCIN_NO_HISTORY|OWNER_ONLY_POS,plan 0% / controller 100%
1012914813,2027-10-01,9584.0,0.0,8999.999999541937,0.0,5.0,9635.0,0.0,12207.0,12958.0,7971.428571,owner_velocity 1.0,7971.0,1612.0,,1.2,,13.0,replenishment,E,1.0,E · indicative · ±100%,0.0,19270.0,P-20WIP-DSN-CIT-TRV,Biom Fresh Citrus Disinfecting Wipe Go-Pack All-Purpose Cleaners - 20ct,D3-C2,,READY_FOR_ORDER,Oct-27,LAUNCH_FILL|NEW_TCIN_NO_HISTORY|OWNER_ONLY_POS,plan 0% / controller 100%
1012914813,2027-11-01,7519.0,0.0,7199.999999716129,0.0,4.0,7547.0,0.0,12958.0,13368.0,7714.285714,owner_velocity 1.0,7714.0,-195.0,,0.97,,14.0,replenishment,E,1.0,E · indicative · ±100%,0.0,15094.0,P-20WIP-DSN-CIT-TRV,Biom Fresh Citrus Disinfecting Wipe Go-Pack All-Purpose Cleaners - 20ct,D3-C2,,READY_FOR_ORDER,Nov-27,LAUNCH_FILL|NEW_TCIN_NO_HISTORY|OWNER_ONLY_POS,plan 0% / controller 100%
1012914813,2027-12-01,7043.0,0.0,6942.857142483871,0.0,4.0,8913.0,0.0,13368.0,13919.0,7971.428571,owner_velocity 1.0,7971.0,-929.0,,0.88,,15.0,replenishment,E,1.0,E · indicative · ±100%,0.0,17826.0,P-20WIP-DSN-CIT-TRV,Biom Fresh Citrus Disinfecting Wipe Go-Pack All-Purpose Cleaners - 20ct,D3-C2,,READY_FOR_ORDER,Dec-27,LAUNCH_FILL|NEW_TCIN_NO_HISTORY|OWNER_ONLY_POS,plan 0% / controller 100%
