po_week,tcin,expected_po_units,lead_days,plan_business_d,n_dc,stream,primary_signal,fallback_rung,flags,lag1_rep,mean4_rep,mean8_rep,weeks_ordered_8,grade,low,high,band_source,band_pct,confidence,sku,description,item_group,ship_offset_days,casepack,item_state,mapping_confidence,ship_week,expected_cases,po_week_label,fiscal_week
2026-08-30,89854821,2058.0,0,,29,created,order_feed,created,,2154.0,1749.0,1789.5,8,A,,,,0.15,A · high · ±15%,P-DIS-EUC,Biom Refillable Plant-Based Wipes Dispenser - Eucalyptus,D3-C2,5,6.0,READY_FOR_LAUNCH,exact,2026-08-30,343.0,2026-08-30,FY2026 W31
2026-08-30,89854822,0.0,,,,forecast,none,no_signal,NO_SIGNAL,0.0,0.0,0.0,0,C,0.0,0.0,,0.5,C · directional · ±50%,P-60WIP-AP-LAV,"Biom Lavender Ease All Purpose Cleaning Wipes Refill - 60ct: Safe for Sensitive Skin, Contains Naturally Derived Ingredients, Removes Grease",D3-C2,5,12.0,READY_FOR_LAUNCH,exact,2026-08-30,0.0,2026-08-30,FY2026 W31
2026-08-30,89854823,1296.0,0,,29,created,order_feed,created,,2340.0,1321.5,1105.5,8,A,,,,0.15,A · high · ±15%,P-DIS-WHI,"Biom Refillable Plant-Based Wipes Dispenser - White: BPA-Free, Multi-Surface Use, Silicone Components",D3-C2,5,6.0,READY_FOR_LAUNCH,exact,2026-08-30,216.0,2026-08-30,FY2026 W31
2026-08-30,89854824,0.0,,,,forecast,none,no_signal,NO_SIGNAL,0.0,0.0,0.0,0,C,0.0,0.0,,0.5,C · directional · ±50%,P-60WIP-AP-GRA,"Biom Grapefruit Zest All Purpose Cleaning Wipes Refill - 60ct: Safe for Sensitive Skin, Contains Naturally Derived Ingredients, Multi-Surface Cleaner",D3-C2,5,12.0,READY_FOR_LAUNCH,exact,2026-08-30,0.0,2026-08-30,FY2026 W31
2026-08-30,89854825,642.0,0,,29,created,order_feed,created,,1320.0,1722.0,1765.5,8,A,,,,0.15,A · high · ±15%,P-DIS-TAN,Biom Refillable Plant-Based Wipes Dispenser - Sand,D3-C2,5,6.0,READY_FOR_LAUNCH,exact,2026-08-30,107.0,2026-08-30,FY2026 W31
2026-08-30,89854826,1536.0,0,,29,created,order_feed,created,,1020.0,1401.0,2289.0,8,A,,,,0.15,A · high · ±15%,P-60WIP-AP-STL,Biom Plant Based Refillable All Purpose Wipes - Santal Escape - 60ct,D3-C2,5,12.0,READY_FOR_LAUNCH,exact,2026-08-30,128.0,2026-08-30,FY2026 W31
2026-08-30,93197977,324.0,0,,29,created,order_feed,created,,456.0,498.0,877.5,8,A,,,,0.15,A · high · ±15%,P-60WIP-AP-NER,Biom Plant Based Refillable All Purpose Wipes - Neroli Dream - 60ct,D3-C2,5,12.0,READY_FOR_LAUNCH,exact,2026-08-30,27.0,2026-08-30,FY2026 W31
2026-08-30,93197978,0.0,,,,forecast,none,no_signal,NO_SIGNAL,0.0,0.0,0.0,0,C,0.0,0.0,,0.5,C · directional · ±50%,,Biom Refillable Wipe Dispenser,D3-C2,5,,,unmapped,2026-08-30,,2026-08-30,FY2026 W31
2026-08-30,93197979,2724.0,0,,29,created,order_feed,created,,3096.0,2217.0,2322.0,8,A,,,,0.15,A · high · ±15%,P-60WIP-AP-FRA,Biom Plant Based Refillable All Purpose Wipes - Fragrance Free - 60ct,D3-C2,5,12.0,READY_FOR_LAUNCH,exact,2026-08-30,227.0,2026-08-30,FY2026 W31
2026-08-30,94643458,6.0,0,,7,created,order_feed,created,,24.0,27.0,24.0,8,A,,,,0.15,A · high · ±15%,P-DIS-DGR,"Biom Refillable Wipes Dispenser - Hunter Green: BPA-Free, Silicone Material",D3-C2,5,6.0,READY_FOR_LAUNCH,exact,2026-08-30,1.0,2026-08-30,FY2026 W31
2026-08-30,94643459,12.0,0,,10,created,order_feed,created,,36.0,60.0,58.5,8,A,,,,0.15,A · high · ±15%,P-DIS-BLK,"Biom Refillable Wipes Dispenser - Black: BPA-Free, Silicone, Cleaning Tools and Accessories",D3-C2,5,6.0,READY_FOR_LAUNCH,exact,2026-08-30,2.0,2026-08-30,FY2026 W31
2026-08-30,94643460,6.0,0,,10,created,order_feed,created,,36.0,55.5,53.25,8,A,,,,0.15,A · high · ±15%,P-DIS-LGR,"Biom Refillable Wipes Dispenser - Seafoam: BPA-Free, Silicone, 8 Inch Height",D3-C2,5,6.0,READY_FOR_LAUNCH,exact,2026-08-30,1.0,2026-08-30,FY2026 W31
2026-08-30,94723685,0.0,,,,forecast,none,no_signal,NO_SIGNAL,0.0,0.0,0.0,0,C,0.0,0.0,,0.5,C · directional · ±50%,P-60WIP-AP-FIR,"Biom Fraser Fir All-Purpose Cleaning Wipes Refill - 60ct: Removes Dirt, Grease, Multi-Surface Use",D3-C2,5,12.0,READY_FOR_LAUNCH,exact,2026-08-30,0.0,2026-08-30,FY2026 W31
2026-08-30,94723686,0.0,,,,forecast,none,no_signal,NO_SIGNAL,0.0,0.0,0.0,0,C,0.0,0.0,,0.5,C · directional · ±50%,P-60WIP-AP-PEP,Biom Peppermint All-Purpose Cleaning Wipes Refill - 60ct,D3-C2,5,12.0,READY_FOR_LAUNCH,exact,2026-08-30,0.0,2026-08-30,FY2026 W31
2026-08-30,94723687,0.0,,,,forecast,none,no_signal,NO_SIGNAL,0.0,0.0,0.0,0,C,0.0,0.0,,0.5,C · directional · ±50%,P-6DIS-WHI,"Biom Mini Refillable Wipe Dispenser - Bone: BPA-Free, Silicone, 6 Height",D3-C2,5,6.0,READY_FOR_LAUNCH,exact,2026-08-30,0.0,2026-08-30,FY2026 W31
2026-08-30,94723688,0.0,0,2026-08-31,10,forecast,none,no_signal,NO_SIGNAL,0.0,0.0,0.0,0,C,0.0,0.0,,0.5,C · directional · ±50%,P-DIS-TER,Biom Refillable Plant-Based Wipes Dispenser - Terracotta,D3-C2,5,6.0,READY_FOR_LAUNCH,exact,2026-08-30,0.0,2026-08-30,FY2026 W31
2026-08-30,94723689,0.0,,,,forecast,none,no_signal,NO_SIGNAL,0.0,0.0,0.0,0,C,0.0,0.0,,0.5,C · directional · ±50%,P-40WIP-6IN-AP-VAN,"Biom Tres Vanille All-Purpose Cleaning Mini Wipes - 40ct: Refill Pouch, Removes Dirt",D3-C2,5,12.0,READY_FOR_LAUNCH,exact,2026-08-30,0.0,2026-08-30,FY2026 W31
2026-08-30,94799734,20.0,0,,29,created,order_feed,created,,80.0,242.0,386.5,8,A,,,,0.15,A · high · ±15%,K-DIS-2BAB-WHI,"Biom 99% Water Hypoallergenic Baby Starter Kit - White - Fragrance Free - 120 wipes: Face, Hands, Nose, Whole Body, Diaper Area",D7,7,4.0,READY_FOR_LAUNCH,exact,2026-09-06,5.0,2026-08-30,FY2026 W31
2026-08-30,94799736,0.0,0,2026-08-31,29,forecast,none,plan_zero_history_positive,PLAN_ZERO_HISTORY_POSITIVE,0.0,0.0,200.0,4,C,0.0,0.0,,0.5,C · directional · ±50%,K-DIS-2BAB-LGR,"Biom 99% Water Hypoallergenic Baby Starter Kit - Seafoam Green - Fragrance Free - 120ct: Refillable, Alcohol-Free, Aloe & Vitamin E",D7,7,4.0,READY_FOR_LAUNCH,exact,2026-09-06,0.0,2026-08-30,FY2026 W31
2026-08-30,94799737,48.0,0,,29,created,order_feed,created,,396.0,1173.0,1992.0,8,A,,,,0.15,A · high · ±15%,P-60WIP-BAB-FRA,"Biom 99% Water Hypoallergenic Baby Wipes - Fragrance Free - 60ct: Alcohol-Free, Contains Aloe, Refill Pouch",D7,7,12.0,READY_FOR_LAUNCH,exact,2026-09-06,4.0,2026-08-30,FY2026 W31
2026-08-30,94799738,0.0,0,2026-08-31,29,forecast,none,plan_zero_history_positive,PLAN_ZERO_HISTORY_POSITIVE,0.0,0.0,31.0,4,C,0.0,0.0,,0.5,C · directional · ±50%,K-DIS-2BAB-PUR,"Biom 99% Water Hypoallergenic Baby Starter Kit - Lilac - Fragrance Free - 120ct: Refillable Container, Contains Aloe, Contains Vitamin E",D7,7,6.0,READY_FOR_LAUNCH,exact,2026-09-06,0.0,2026-08-30,FY2026 W31
2026-08-30,94799739,39.0,0,,29,created,order_feed,created,,153.0,650.25,998.625,8,A,,,,0.15,A · high · ±15%,K-60WIP-BAB-FRA-4PK,"Biom 99% Water Hypoallergenic Baby Wipes -Fragrance Free - 240ct: Face, Hands, Nose, Whole Body, Diaper Area",D7,7,3.0,READY_FOR_LAUNCH,exact,2026-09-06,13.0,2026-08-30,FY2026 W31
2026-08-30,94799740,21.0,0,,29,created,order_feed,created,,175.0,724.0,582.75,8,A,,,,0.15,A · high · ±15%,K-60WIP-BAB-FRA-12PK,"Biom 99% Water Hypoallergenic Baby Wipes - Fragrance Free - 720ct: Face & Body Application, Refill Pouch, With Aloe & Vitamin E",D7,7,1.0,READY_FOR_LAUNCH,exact,2026-09-06,21.0,2026-08-30,FY2026 W31
2026-08-30,94928289,0.0,0,2026-08-31,29,forecast,none,no_signal,NO_SIGNAL,0.0,0.0,0.0,0,C,0.0,0.0,,0.5,C · directional · ±50%,P-60WIP-DSN-ALP,Biom Plastic Free Plant Based Disinfecting Wipes - Alpine Mint - 60ct,D3-C2,5,12.0,READY_FOR_LAUNCH,exact,2026-08-30,0.0,2026-08-30,FY2026 W31
2026-08-30,94928290,912.0,0,,29,created,order_feed,created,,740.0,429.0,501.0,8,A,,,,0.15,A · high · ±15%,P-DIS-SS-BRU,Biom Refillable Plant-Based Wipes Dispenser - Brushed Stainless,D3-C2,5,4.0,READY_FOR_LAUNCH,exact,2026-08-30,228.0,2026-08-30,FY2026 W31
2026-08-30,94928291,1208.0,0,,29,created,order_feed,created,,912.0,518.0,669.0,8,A,,,,0.15,A · high · ±15%,K-60WIP-DSN-COM-3PK,"Biom Plastic Free Plant Based Disinfecting Wipes - Variety - 3pk/180ct: Ammonia-Free, Paraben-Free, Mint Scent",D3-C2,5,4.0,READY_FOR_LAUNCH,exact,2026-08-30,302.0,2026-08-30,FY2026 W31
2026-08-30,94928292,552.0,0,,29,created,order_feed,created,,528.0,366.0,877.5,8,A,,,,0.15,A · high · ±15%,P-60WIP-DSN-CIT,"Biom Plastic Free Plant Based Disinfecting Wipes - Fresh Citrus - 60ct: Ammonia-Free, Aluminum-Free, Paraben-Free",D3-C2,5,12.0,READY_FOR_LAUNCH,exact,2026-08-30,46.0,2026-08-30,FY2026 W31
2026-08-30,94928293,2188.0,0,,29,created,order_feed,created,,1096.0,690.0,1583.5,8,A,,,,0.15,A · high · ±15%,K-60WIP-AP-COM,Biom Plant Based Refillable All Purpose Wipes Variety - 3pk/180ct,D3-C2,5,4.0,READY_FOR_LAUNCH,exact,2026-08-30,547.0,2026-08-30,FY2026 W31
2026-08-30,94979715,336.0,0,,29,created,order_feed,created,,384.0,876.0,1344.0,8,A,,,,0.15,A · high · ±15%,P-30WIP-BOD-NAT-TRV,Biom Travel Pack Biodegradable Body Wipes - Naturally Fresh - 30ct,D253-C4,5,24.0,READY_FOR_LAUNCH,exact,2026-08-30,14.0,2026-08-30,FY2026 W31
2026-08-30,94979716,0.0,0,2026-08-31,29,forecast,none,plan_zero_history_positive,PLAN_ZERO_HISTORY_POSITIVE,0.0,0.0,369.0,2,C,0.0,0.0,,0.5,C · directional · ±50%,P-20WIP-SAN-STL-TRV,Biom Travel Pack Biodegradable Hand Sanitizing Wipes - Santal Escape - 20ct,D253-C4,5,24.0,READY_FOR_LAUNCH,exact,2026-08-30,0.0,2026-08-30,FY2026 W31
2026-08-30,94979717,1698.0,0,,29,created,order_feed,created,,942.0,883.5,865.5,8,A,,,,0.15,A · high · ±15%,K-6DIS-WHI-1SAN-STL,Biom Mini Dispenser with Biodegradable Hand Sanitizing Wipes - Santal Escape - 40ct,D253-C4,5,6.0,READY_FOR_LAUNCH,exact,2026-08-30,283.0,2026-08-30,FY2026 W31
2026-08-30,94979718,2112.0,0,,29,created,order_feed,created,,1800.0,1512.0,1728.0,8,A,,,,0.15,A · high · ±15%,P-40WIP-6IN-SAN-STL,Biom Mini Biodegradable Refillable Hand Sanitizing Wipes - Santal Escape - 40ct,D253-C4,5,24.0,READY_FOR_LAUNCH,exact,2026-08-30,88.0,2026-08-30,FY2026 W31
2026-08-30,95285660,0.0,0,2026-08-31,29,forecast,none,no_signal,NO_SIGNAL,0.0,0.0,0.0,0,C,0.0,0.0,,0.5,C · directional · ±50%,P-60WIP-FLU-FRA-2PK,Biom Flushable Personal Wipes Fragrance Free - 120ct,D253-C6,5,12.0,READY_FOR_ORDER,inferred,2026-08-30,0.0,2026-08-30,FY2026 W31
2026-08-30,95285661,0.0,0,2026-08-31,10,forecast,none,plan_zero_history_positive,PLAN_ZERO_HISTORY_POSITIVE,112.0,28.0,14.0,1,C,0.0,0.0,,0.5,C · directional · ±50%,K-60WIP-FLU-FRA-3Pk,Biom Flushable Personal Wipes Unscented - 180ct,D253-C6,5,4.0,READY_FOR_ORDER,exact,2026-08-30,0.0,2026-08-30,FY2026 W31
2026-08-30,95285662,0.0,0,2026-08-31,29,forecast,none,no_signal,NO_SIGNAL,0.0,0.0,0.0,0,C,0.0,0.0,,0.5,C · directional · ±50%,K-DIS-2FLU-WHI,Biom White Flushable One Handed Kit Personal Wipes Unscented - 120ct,D253-C6,5,4.0,READY_FOR_ORDER,inferred,2026-08-30,0.0,2026-08-30,FY2026 W31
2026-08-30,1010810949,1536.0,0,,29,created,order_feed,created,,1728.0,4572.0,2286.0,4,A,,,,0.15,A · high · ±15%,P-40WIP-LIT-FRA,Biom Baby Mini Little Messes Hand Wipes Refills Fragrance Free - 40ct,D7,7,24.0,READY_FOR_LAUNCH,exact,2026-09-06,64.0,2026-08-30,FY2026 W31
2026-08-30,1010810951,528.0,0,,29,created,order_feed,created,,330.0,930.0,465.0,3,A,,,,0.15,A · high · ±15%,K-6DIS-PER-1LIT,Biom Refillable Mini Dispenser Little Mess Hand Wipes Periwinkle - 40ct,D7,7,6.0,READY_FOR_LAUNCH,exact,2026-09-06,88.0,2026-08-30,FY2026 W31
2026-08-30,1011278742,0.0,0,2026-08-31,29,forecast,none,no_signal,NO_SIGNAL,0.0,0.0,0.0,0,C,0.0,0.0,,0.5,C · directional · ±50%,P-20WIP-SAN-BER-TRV,Biom Sanitizing Go-Pack Holiday Bergamot Bloom - Hand Wipes - 20ct,D253-C4,5,24.0,READY_FOR_ORDER,exact,2026-08-30,0.0,2026-08-30,FY2026 W31
2026-08-30,1011824789,0.0,0,2026-08-31,29,forecast,none,no_signal,NO_SIGNAL,0.0,0.0,0.0,0,C,0.0,0.0,,0.5,C · directional · ±50%,P-60WIP-DSN-PIN,Biom Pine Forest Disinfecting Wipes Refill All-Purpose Cleaners - 60ct,D3-C2,5,12.0,READY_FOR_ORDER,unmapped,2026-08-30,0.0,2026-08-30,FY2026 W31
2026-08-30,1012188490,0.0,0,2026-08-31,29,forecast,none,no_signal,NO_SIGNAL,0.0,0.0,0.0,0,C,0.0,0.0,,0.5,C · directional · ±50%,P-30WIP-LIT-FRA,Biom Little Mess Baby Wipes Go-Pack Unscented - 30ct,D7,7,24.0,READY_FOR_ORDER,exact,2026-09-06,0.0,2026-08-30,FY2026 W31
2026-08-30,1012188491,0.0,0,2026-08-31,29,forecast,none,no_signal,NO_SIGNAL,0.0,0.0,0.0,0,C,0.0,0.0,,0.5,C · directional · ±50%,P-30WIP-BAB-FRA,Biom Baby Wipes Go-Pack Unscented - 30ct,D7,7,24.0,READY_FOR_ORDER,exact,2026-09-06,0.0,2026-08-30,FY2026 W31
2026-08-30,1012914812,0.0,,,,forecast,none,no_signal,NO_SIGNAL,0.0,0.0,0.0,0,C,0.0,0.0,,0.5,C · directional · ±50%,P-20WIP-AP-STL-TRV,Biom Santal Escape Cleaning Wipe Go-Pack All-Purpose Cleaners - 20ct,D3-C2,5,,READY_FOR_ORDER,unmapped,2026-08-30,,2026-08-30,FY2026 W31
2026-08-30,1012914813,0.0,,,,forecast,none,no_signal,NO_SIGNAL,0.0,0.0,0.0,0,C,0.0,0.0,,0.5,C · directional · ±50%,P-20WIP-DSN-CIT-TRV,Biom Fresh Citrus Disinfecting Wipe Go-Pack All-Purpose Cleaners - 20ct,D3-C2,5,,READY_FOR_ORDER,unmapped,2026-08-30,,2026-08-30,FY2026 W31
2026-09-06,89854821,2712.0,4,2026-09-02,29,forecast,target_po_plan,plan,,2154.0,1749.0,1789.5,8,C,240.0,7714.0,empirical_lowo,0.5,C · directional · ±50%,P-DIS-EUC,Biom Refillable Plant-Based Wipes Dispenser - Eucalyptus,D3-C2,5,6.0,READY_FOR_LAUNCH,exact,2026-09-06,452.0,2026-09-06,FY2026 W32
2026-09-06,89854822,0.0,,,,forecast,none,no_signal,NO_SIGNAL,0.0,0.0,0.0,0,C,0.0,0.0,,0.5,C · directional · ±50%,P-60WIP-AP-LAV,"Biom Lavender Ease All Purpose Cleaning Wipes Refill - 60ct: Safe for Sensitive Skin, Contains Naturally Derived Ingredients, Removes Grease",D3-C2,5,12.0,READY_FOR_LAUNCH,exact,2026-09-06,0.0,2026-09-06,FY2026 W32
2026-09-06,89854823,2022.0,4,2026-09-02,29,forecast,target_po_plan,plan,,2340.0,1321.5,1105.5,8,C,178.0,5752.0,empirical_lowo,0.5,C · directional · ±50%,P-DIS-WHI,"Biom Refillable Plant-Based Wipes Dispenser - White: BPA-Free, Multi-Surface Use, Silicone Components",D3-C2,5,6.0,READY_FOR_LAUNCH,exact,2026-09-06,337.0,2026-09-06,FY2026 W32
2026-09-06,89854824,0.0,,,,forecast,none,no_signal,NO_SIGNAL,0.0,0.0,0.0,0,C,0.0,0.0,,0.5,C · directional · ±50%,P-60WIP-AP-GRA,"Biom Grapefruit Zest All Purpose Cleaning Wipes Refill - 60ct: Safe for Sensitive Skin, Contains Naturally Derived Ingredients, Multi-Surface Cleaner",D3-C2,5,12.0,READY_FOR_LAUNCH,exact,2026-09-06,0.0,2026-09-06,FY2026 W32
2026-09-06,89854825,3648.0,4,2026-09-02,29,forecast,target_po_plan,plan,,1320.0,1722.0,1765.5,8,C,323.0,10376.0,empirical_lowo,0.5,C · directional · ±50%,P-DIS-TAN,Biom Refillable Plant-Based Wipes Dispenser - Sand,D3-C2,5,6.0,READY_FOR_LAUNCH,exact,2026-09-06,608.0,2026-09-06,FY2026 W32
2026-09-06,89854826,3144.0,4,2026-09-02,29,forecast,target_po_plan,plan,,1020.0,1401.0,2289.0,8,C,278.0,8942.0,empirical_lowo,0.5,C · directional · ±50%,P-60WIP-AP-STL,Biom Plant Based Refillable All Purpose Wipes - Santal Escape - 60ct,D3-C2,5,12.0,READY_FOR_LAUNCH,exact,2026-09-06,262.0,2026-09-06,FY2026 W32
2026-09-06,93197977,1152.0,4,2026-09-02,29,forecast,target_po_plan,plan,,456.0,498.0,877.5,8,C,101.0,3278.0,empirical_lowo,0.5,C · directional · ±50%,P-60WIP-AP-NER,Biom Plant Based Refillable All Purpose Wipes - Neroli Dream - 60ct,D3-C2,5,12.0,READY_FOR_LAUNCH,exact,2026-09-06,96.0,2026-09-06,FY2026 W32
2026-09-06,93197978,0.0,,,,forecast,none,no_signal,NO_SIGNAL,0.0,0.0,0.0,0,C,0.0,0.0,,0.5,C · directional · ±50%,,Biom Refillable Wipe Dispenser,D3-C2,5,,,unmapped,2026-09-06,,2026-09-06,FY2026 W32
2026-09-06,93197979,2856.0,4,2026-09-02,29,forecast,target_po_plan,plan,,3096.0,2217.0,2322.0,8,C,252.0,8123.0,empirical_lowo,0.5,C · directional · ±50%,P-60WIP-AP-FRA,Biom Plant Based Refillable All Purpose Wipes - Fragrance Free - 60ct,D3-C2,5,12.0,READY_FOR_LAUNCH,exact,2026-09-06,238.0,2026-09-06,FY2026 W32
2026-09-06,94643458,6.0,4,2026-09-02,7,forecast,target_po_plan,plan,,24.0,27.0,24.0,8,C,0.0,19.0,empirical_lowo,0.5,C · directional · ±50%,P-DIS-DGR,"Biom Refillable Wipes Dispenser - Hunter Green: BPA-Free, Silicone Material",D3-C2,5,6.0,READY_FOR_LAUNCH,exact,2026-09-06,1.0,2026-09-06,FY2026 W32
2026-09-06,94643459,12.0,4,2026-09-02,10,forecast,target_po_plan,plan,,36.0,60.0,58.5,8,C,0.0,36.0,empirical_lowo,0.5,C · directional · ±50%,P-DIS-BLK,"Biom Refillable Wipes Dispenser - Black: BPA-Free, Silicone, Cleaning Tools and Accessories",D3-C2,5,6.0,READY_FOR_LAUNCH,exact,2026-09-06,2.0,2026-09-06,FY2026 W32
2026-09-06,94643460,24.0,4,2026-09-02,10,forecast,target_po_plan,plan,,36.0,55.5,53.25,8,C,1.0,70.0,empirical_lowo,0.5,C · directional · ±50%,P-DIS-LGR,"Biom Refillable Wipes Dispenser - Seafoam: BPA-Free, Silicone, 8 Inch Height",D3-C2,5,6.0,READY_FOR_LAUNCH,exact,2026-09-06,4.0,2026-09-06,FY2026 W32
2026-09-06,94723685,0.0,,,,forecast,none,no_signal,NO_SIGNAL,0.0,0.0,0.0,0,C,0.0,0.0,,0.5,C · directional · ±50%,P-60WIP-AP-FIR,"Biom Fraser Fir All-Purpose Cleaning Wipes Refill - 60ct: Removes Dirt, Grease, Multi-Surface Use",D3-C2,5,12.0,READY_FOR_LAUNCH,exact,2026-09-06,0.0,2026-09-06,FY2026 W32
2026-09-06,94723686,0.0,,,,forecast,none,no_signal,NO_SIGNAL,0.0,0.0,0.0,0,C,0.0,0.0,,0.5,C · directional · ±50%,P-60WIP-AP-PEP,Biom Peppermint All-Purpose Cleaning Wipes Refill - 60ct,D3-C2,5,12.0,READY_FOR_LAUNCH,exact,2026-09-06,0.0,2026-09-06,FY2026 W32
2026-09-06,94723687,0.0,,,,forecast,none,no_signal,NO_SIGNAL,0.0,0.0,0.0,0,C,0.0,0.0,,0.5,C · directional · ±50%,P-6DIS-WHI,"Biom Mini Refillable Wipe Dispenser - Bone: BPA-Free, Silicone, 6 Height",D3-C2,5,6.0,READY_FOR_LAUNCH,exact,2026-09-06,0.0,2026-09-06,FY2026 W32
2026-09-06,94723688,0.0,4,2026-09-02,10,forecast,none,no_signal,NO_SIGNAL,0.0,0.0,0.0,0,C,0.0,0.0,,0.5,C · directional · ±50%,P-DIS-TER,Biom Refillable Plant-Based Wipes Dispenser - Terracotta,D3-C2,5,6.0,READY_FOR_LAUNCH,exact,2026-09-06,0.0,2026-09-06,FY2026 W32
2026-09-06,94723689,0.0,,,,forecast,none,no_signal,NO_SIGNAL,0.0,0.0,0.0,0,C,0.0,0.0,,0.5,C · directional · ±50%,P-40WIP-6IN-AP-VAN,"Biom Tres Vanille All-Purpose Cleaning Mini Wipes - 40ct: Refill Pouch, Removes Dirt",D3-C2,5,12.0,READY_FOR_LAUNCH,exact,2026-09-06,0.0,2026-09-06,FY2026 W32
2026-09-06,94799734,56.0,5,2026-09-02,29,forecast,target_po_plan,plan,,80.0,242.0,386.5,8,C,4.0,161.0,empirical_lowo,0.5,C · directional · ±50%,K-DIS-2BAB-WHI,"Biom 99% Water Hypoallergenic Baby Starter Kit - White - Fragrance Free - 120 wipes: Face, Hands, Nose, Whole Body, Diaper Area",D7,7,4.0,READY_FOR_LAUNCH,exact,2026-09-13,14.0,2026-09-06,FY2026 W32
2026-09-06,94799736,0.0,4,2026-09-02,29,forecast,none,plan_zero_history_positive,PLAN_ZERO_HISTORY_POSITIVE,0.0,0.0,200.0,4,C,0.0,0.0,,0.5,C · directional · ±50%,K-DIS-2BAB-LGR,"Biom 99% Water Hypoallergenic Baby Starter Kit - Seafoam Green - Fragrance Free - 120ct: Refillable, Alcohol-Free, Aloe & Vitamin E",D7,7,4.0,READY_FOR_LAUNCH,exact,2026-09-13,0.0,2026-09-06,FY2026 W32
2026-09-06,94799737,96.0,5,2026-09-02,29,forecast,target_po_plan,plan,,396.0,1173.0,1992.0,8,C,8.0,275.0,empirical_lowo,0.5,C · directional · ±50%,P-60WIP-BAB-FRA,"Biom 99% Water Hypoallergenic Baby Wipes - Fragrance Free - 60ct: Alcohol-Free, Contains Aloe, Refill Pouch",D7,7,12.0,READY_FOR_LAUNCH,exact,2026-09-13,8.0,2026-09-06,FY2026 W32
2026-09-06,94799738,0.0,4,2026-09-02,29,forecast,none,plan_zero_history_positive,PLAN_ZERO_HISTORY_POSITIVE,0.0,0.0,31.0,4,C,0.0,0.0,,0.5,C · directional · ±50%,K-DIS-2BAB-PUR,"Biom 99% Water Hypoallergenic Baby Starter Kit - Lilac - Fragrance Free - 120ct: Refillable Container, Contains Aloe, Contains Vitamin E",D7,7,6.0,READY_FOR_LAUNCH,exact,2026-09-13,0.0,2026-09-06,FY2026 W32
2026-09-06,94799739,66.0,5,2026-09-02,29,forecast,target_po_plan,plan,,153.0,650.25,998.625,8,C,5.0,190.0,empirical_lowo,0.5,C · directional · ±50%,K-60WIP-BAB-FRA-4PK,"Biom 99% Water Hypoallergenic Baby Wipes -Fragrance Free - 240ct: Face, Hands, Nose, Whole Body, Diaper Area",D7,7,3.0,READY_FOR_LAUNCH,exact,2026-09-13,22.0,2026-09-06,FY2026 W32
2026-09-06,94799740,39.0,5,2026-09-02,29,forecast,target_po_plan,plan,,175.0,724.0,582.75,8,C,3.0,113.0,empirical_lowo,0.5,C · directional · ±50%,K-60WIP-BAB-FRA-12PK,"Biom 99% Water Hypoallergenic Baby Wipes - Fragrance Free - 720ct: Face & Body Application, Refill Pouch, With Aloe & Vitamin E",D7,7,1.0,READY_FOR_LAUNCH,exact,2026-09-13,39.0,2026-09-06,FY2026 W32
2026-09-06,94928289,24.0,4,2026-09-02,29,forecast,target_po_plan,plan,NO_PO_8WK,0.0,0.0,0.0,0,C,1.0,70.0,empirical_lowo,0.5,C · directional · ±50%,P-60WIP-DSN-ALP,Biom Plastic Free Plant Based Disinfecting Wipes - Alpine Mint - 60ct,D3-C2,5,12.0,READY_FOR_LAUNCH,exact,2026-09-06,2.0,2026-09-06,FY2026 W32
2026-09-06,94928290,416.0,4,2026-09-02,29,forecast,target_po_plan,plan,,740.0,429.0,501.0,8,C,36.0,1185.0,empirical_lowo,0.5,C · directional · ±50%,P-DIS-SS-BRU,Biom Refillable Plant-Based Wipes Dispenser - Brushed Stainless,D3-C2,5,4.0,READY_FOR_LAUNCH,exact,2026-09-06,104.0,2026-09-06,FY2026 W32
2026-09-06,94928291,1484.0,4,2026-09-02,29,forecast,target_po_plan,plan,,912.0,518.0,669.0,8,C,131.0,4222.0,empirical_lowo,0.5,C · directional · ±50%,K-60WIP-DSN-COM-3PK,"Biom Plastic Free Plant Based Disinfecting Wipes - Variety - 3pk/180ct: Ammonia-Free, Paraben-Free, Mint Scent",D3-C2,5,4.0,READY_FOR_LAUNCH,exact,2026-09-06,371.0,2026-09-06,FY2026 W32
2026-09-06,94928292,1656.0,4,2026-09-02,29,forecast,target_po_plan,plan,,528.0,366.0,877.5,8,C,146.0,4711.0,empirical_lowo,0.5,C · directional · ±50%,P-60WIP-DSN-CIT,"Biom Plastic Free Plant Based Disinfecting Wipes - Fresh Citrus - 60ct: Ammonia-Free, Aluminum-Free, Paraben-Free",D3-C2,5,12.0,READY_FOR_LAUNCH,exact,2026-09-06,138.0,2026-09-06,FY2026 W32
2026-09-06,94928293,1572.0,4,2026-09-02,29,forecast,target_po_plan,plan,,1096.0,690.0,1583.5,8,C,139.0,4472.0,empirical_lowo,0.5,C · directional · ±50%,K-60WIP-AP-COM,Biom Plant Based Refillable All Purpose Wipes Variety - 3pk/180ct,D3-C2,5,4.0,READY_FOR_LAUNCH,exact,2026-09-06,393.0,2026-09-06,FY2026 W32
2026-09-06,94979715,600.0,5,2026-09-02,29,forecast,target_po_plan,plan,,384.0,876.0,1344.0,8,C,52.0,1708.0,empirical_lowo,0.5,C · directional · ±50%,P-30WIP-BOD-NAT-TRV,Biom Travel Pack Biodegradable Body Wipes - Naturally Fresh - 30ct,D253-C4,5,24.0,READY_FOR_LAUNCH,exact,2026-09-06,25.0,2026-09-06,FY2026 W32
2026-09-06,94979716,0.0,4,2026-09-02,29,forecast,none,plan_zero_history_positive,PLAN_ZERO_HISTORY_POSITIVE,0.0,0.0,369.0,2,C,0.0,0.0,,0.5,C · directional · ±50%,P-20WIP-SAN-STL-TRV,Biom Travel Pack Biodegradable Hand Sanitizing Wipes - Santal Escape - 20ct,D253-C4,5,24.0,READY_FOR_LAUNCH,exact,2026-09-06,0.0,2026-09-06,FY2026 W32
2026-09-06,94979717,996.0,5,2026-09-02,29,forecast,target_po_plan,plan,,942.0,883.5,865.5,8,C,87.0,2834.0,empirical_lowo,0.5,C · directional · ±50%,K-6DIS-WHI-1SAN-STL,Biom Mini Dispenser with Biodegradable Hand Sanitizing Wipes - Santal Escape - 40ct,D253-C4,5,6.0,READY_FOR_LAUNCH,exact,2026-09-06,166.0,2026-09-06,FY2026 W32
2026-09-06,94979718,1752.0,5,2026-09-02,29,forecast,target_po_plan,plan,,1800.0,1512.0,1728.0,8,C,155.0,4984.0,empirical_lowo,0.5,C · directional · ±50%,P-40WIP-6IN-SAN-STL,Biom Mini Biodegradable Refillable Hand Sanitizing Wipes - Santal Escape - 40ct,D253-C4,5,24.0,READY_FOR_LAUNCH,exact,2026-09-06,73.0,2026-09-06,FY2026 W32
2026-09-06,95285660,0.0,4,2026-09-02,29,forecast,none,no_signal,NO_SIGNAL,0.0,0.0,0.0,0,C,0.0,0.0,,0.5,C · directional · ±50%,P-60WIP-FLU-FRA-2PK,Biom Flushable Personal Wipes Fragrance Free - 120ct,D253-C6,5,12.0,READY_FOR_ORDER,inferred,2026-09-06,0.0,2026-09-06,FY2026 W32
2026-09-06,95285661,0.0,4,2026-09-02,10,forecast,none,plan_zero_history_positive,PLAN_ZERO_HISTORY_POSITIVE,112.0,28.0,14.0,1,C,0.0,0.0,,0.5,C · directional · ±50%,K-60WIP-FLU-FRA-3Pk,Biom Flushable Personal Wipes Unscented - 180ct,D253-C6,5,4.0,READY_FOR_ORDER,exact,2026-09-06,0.0,2026-09-06,FY2026 W32
2026-09-06,95285662,0.0,4,2026-09-02,29,forecast,none,no_signal,NO_SIGNAL,0.0,0.0,0.0,0,C,0.0,0.0,,0.5,C · directional · ±50%,K-DIS-2FLU-WHI,Biom White Flushable One Handed Kit Personal Wipes Unscented - 120ct,D253-C6,5,4.0,READY_FOR_ORDER,inferred,2026-09-06,0.0,2026-09-06,FY2026 W32
2026-09-06,1010810949,0.0,4,2026-09-02,29,forecast,none,plan_zero_history_positive,PLAN_ZERO_HISTORY_POSITIVE,1728.0,4572.0,2286.0,4,C,0.0,0.0,,0.5,C · directional · ±50%,P-40WIP-LIT-FRA,Biom Baby Mini Little Messes Hand Wipes Refills Fragrance Free - 40ct,D7,7,24.0,READY_FOR_LAUNCH,exact,2026-09-13,0.0,2026-09-06,FY2026 W32
2026-09-06,1010810951,552.0,5,2026-09-02,29,forecast,target_po_plan,plan,,330.0,930.0,465.0,3,C,48.0,1572.0,empirical_lowo,0.5,C · directional · ±50%,K-6DIS-PER-1LIT,Biom Refillable Mini Dispenser Little Mess Hand Wipes Periwinkle - 40ct,D7,7,6.0,READY_FOR_LAUNCH,exact,2026-09-13,92.0,2026-09-06,FY2026 W32
2026-09-06,1011278742,0.0,4,2026-09-02,29,forecast,none,no_signal,NO_SIGNAL,0.0,0.0,0.0,0,C,0.0,0.0,,0.5,C · directional · ±50%,P-20WIP-SAN-BER-TRV,Biom Sanitizing Go-Pack Holiday Bergamot Bloom - Hand Wipes - 20ct,D253-C4,5,24.0,READY_FOR_ORDER,exact,2026-09-06,0.0,2026-09-06,FY2026 W32
2026-09-06,1011824789,0.0,4,2026-09-02,29,forecast,none,no_signal,NO_SIGNAL,0.0,0.0,0.0,0,C,0.0,0.0,,0.5,C · directional · ±50%,P-60WIP-DSN-PIN,Biom Pine Forest Disinfecting Wipes Refill All-Purpose Cleaners - 60ct,D3-C2,5,12.0,READY_FOR_ORDER,unmapped,2026-09-06,0.0,2026-09-06,FY2026 W32
2026-09-06,1012188490,0.0,4,2026-09-02,29,forecast,none,no_signal,NO_SIGNAL,0.0,0.0,0.0,0,C,0.0,0.0,,0.5,C · directional · ±50%,P-30WIP-LIT-FRA,Biom Little Mess Baby Wipes Go-Pack Unscented - 30ct,D7,7,24.0,READY_FOR_ORDER,exact,2026-09-13,0.0,2026-09-06,FY2026 W32
2026-09-06,1012188491,0.0,4,2026-09-02,29,forecast,none,no_signal,NO_SIGNAL,0.0,0.0,0.0,0,C,0.0,0.0,,0.5,C · directional · ±50%,P-30WIP-BAB-FRA,Biom Baby Wipes Go-Pack Unscented - 30ct,D7,7,24.0,READY_FOR_ORDER,exact,2026-09-13,0.0,2026-09-06,FY2026 W32
2026-09-06,1012914812,0.0,,,,forecast,none,no_signal,NO_SIGNAL,0.0,0.0,0.0,0,C,0.0,0.0,,0.5,C · directional · ±50%,P-20WIP-AP-STL-TRV,Biom Santal Escape Cleaning Wipe Go-Pack All-Purpose Cleaners - 20ct,D3-C2,5,,READY_FOR_ORDER,unmapped,2026-09-06,,2026-09-06,FY2026 W32
2026-09-06,1012914813,0.0,,,,forecast,none,no_signal,NO_SIGNAL,0.0,0.0,0.0,0,C,0.0,0.0,,0.5,C · directional · ±50%,P-20WIP-DSN-CIT-TRV,Biom Fresh Citrus Disinfecting Wipe Go-Pack All-Purpose Cleaners - 20ct,D3-C2,5,,READY_FOR_ORDER,unmapped,2026-09-06,,2026-09-06,FY2026 W32
2026-09-13,89854821,1902.0,11,2026-09-02,29,forecast,target_po_plan,plan,,2154.0,1749.0,1789.5,8,C,168.0,5411.0,empirical_lowo,0.5,C · directional · ±50%,P-DIS-EUC,Biom Refillable Plant-Based Wipes Dispenser - Eucalyptus,D3-C2,5,6.0,READY_FOR_LAUNCH,exact,2026-09-13,317.0,2026-09-13,FY2026 W33
2026-09-13,89854822,0.0,,,,forecast,none,no_signal,NO_SIGNAL,0.0,0.0,0.0,0,C,0.0,0.0,,0.5,C · directional · ±50%,P-60WIP-AP-LAV,"Biom Lavender Ease All Purpose Cleaning Wipes Refill - 60ct: Safe for Sensitive Skin, Contains Naturally Derived Ingredients, Removes Grease",D3-C2,5,12.0,READY_FOR_LAUNCH,exact,2026-09-13,0.0,2026-09-13,FY2026 W33
2026-09-13,89854823,1446.0,11,2026-09-02,29,forecast,target_po_plan,plan,,2340.0,1321.5,1105.5,8,C,127.0,4114.0,empirical_lowo,0.5,C · directional · ±50%,P-DIS-WHI,"Biom Refillable Plant-Based Wipes Dispenser - White: BPA-Free, Multi-Surface Use, Silicone Components",D3-C2,5,6.0,READY_FOR_LAUNCH,exact,2026-09-13,241.0,2026-09-13,FY2026 W33
2026-09-13,89854824,0.0,,,,forecast,none,no_signal,NO_SIGNAL,0.0,0.0,0.0,0,C,0.0,0.0,,0.5,C · directional · ±50%,P-60WIP-AP-GRA,"Biom Grapefruit Zest All Purpose Cleaning Wipes Refill - 60ct: Safe for Sensitive Skin, Contains Naturally Derived Ingredients, Multi-Surface Cleaner",D3-C2,5,12.0,READY_FOR_LAUNCH,exact,2026-09-13,0.0,2026-09-13,FY2026 W33
2026-09-13,89854825,1764.0,11,2026-09-02,29,forecast,target_po_plan,plan,,1320.0,1722.0,1765.5,8,C,156.0,5018.0,empirical_lowo,0.5,C · directional · ±50%,P-DIS-TAN,Biom Refillable Plant-Based Wipes Dispenser - Sand,D3-C2,5,6.0,READY_FOR_LAUNCH,exact,2026-09-13,294.0,2026-09-13,FY2026 W33
2026-09-13,89854826,3468.0,11,2026-09-02,29,forecast,target_po_plan,plan,,1020.0,1401.0,2289.0,8,C,307.0,9864.0,empirical_lowo,0.5,C · directional · ±50%,P-60WIP-AP-STL,Biom Plant Based Refillable All Purpose Wipes - Santal Escape - 60ct,D3-C2,5,12.0,READY_FOR_LAUNCH,exact,2026-09-13,289.0,2026-09-13,FY2026 W33
2026-09-13,93197977,1368.0,11,2026-09-02,29,forecast,target_po_plan,plan,,456.0,498.0,877.5,8,C,120.0,3892.0,empirical_lowo,0.5,C · directional · ±50%,P-60WIP-AP-NER,Biom Plant Based Refillable All Purpose Wipes - Neroli Dream - 60ct,D3-C2,5,12.0,READY_FOR_LAUNCH,exact,2026-09-13,114.0,2026-09-13,FY2026 W33
2026-09-13,93197978,0.0,,,,forecast,none,no_signal,NO_SIGNAL,0.0,0.0,0.0,0,C,0.0,0.0,,0.5,C · directional · ±50%,,Biom Refillable Wipe Dispenser,D3-C2,5,,,unmapped,2026-09-13,,2026-09-13,FY2026 W33
2026-09-13,93197979,2784.0,11,2026-09-02,29,forecast,target_po_plan,plan,,3096.0,2217.0,2322.0,8,C,246.0,7919.0,empirical_lowo,0.5,C · directional · ±50%,P-60WIP-AP-FRA,Biom Plant Based Refillable All Purpose Wipes - Fragrance Free - 60ct,D3-C2,5,12.0,READY_FOR_LAUNCH,exact,2026-09-13,232.0,2026-09-13,FY2026 W33
2026-09-13,94643458,12.0,11,2026-09-02,7,forecast,target_po_plan,plan,,24.0,27.0,24.0,8,C,0.0,36.0,empirical_lowo,0.5,C · directional · ±50%,P-DIS-DGR,"Biom Refillable Wipes Dispenser - Hunter Green: BPA-Free, Silicone Material",D3-C2,5,6.0,READY_FOR_LAUNCH,exact,2026-09-13,2.0,2026-09-13,FY2026 W33
2026-09-13,94643459,6.0,11,2026-09-02,10,forecast,target_po_plan,plan,,36.0,60.0,58.5,8,C,0.0,19.0,empirical_lowo,0.5,C · directional · ±50%,P-DIS-BLK,"Biom Refillable Wipes Dispenser - Black: BPA-Free, Silicone, Cleaning Tools and Accessories",D3-C2,5,6.0,READY_FOR_LAUNCH,exact,2026-09-13,1.0,2026-09-13,FY2026 W33
2026-09-13,94643460,18.0,11,2026-09-02,10,forecast,target_po_plan,plan,,36.0,55.5,53.25,8,C,1.0,53.0,empirical_lowo,0.5,C · directional · ±50%,P-DIS-LGR,"Biom Refillable Wipes Dispenser - Seafoam: BPA-Free, Silicone, 8 Inch Height",D3-C2,5,6.0,READY_FOR_LAUNCH,exact,2026-09-13,3.0,2026-09-13,FY2026 W33
2026-09-13,94723685,0.0,,,,forecast,none,no_signal,NO_SIGNAL,0.0,0.0,0.0,0,C,0.0,0.0,,0.5,C · directional · ±50%,P-60WIP-AP-FIR,"Biom Fraser Fir All-Purpose Cleaning Wipes Refill - 60ct: Removes Dirt, Grease, Multi-Surface Use",D3-C2,5,12.0,READY_FOR_LAUNCH,exact,2026-09-13,0.0,2026-09-13,FY2026 W33
2026-09-13,94723686,0.0,,,,forecast,none,no_signal,NO_SIGNAL,0.0,0.0,0.0,0,C,0.0,0.0,,0.5,C · directional · ±50%,P-60WIP-AP-PEP,Biom Peppermint All-Purpose Cleaning Wipes Refill - 60ct,D3-C2,5,12.0,READY_FOR_LAUNCH,exact,2026-09-13,0.0,2026-09-13,FY2026 W33
2026-09-13,94723687,0.0,,,,forecast,none,no_signal,NO_SIGNAL,0.0,0.0,0.0,0,C,0.0,0.0,,0.5,C · directional · ±50%,P-6DIS-WHI,"Biom Mini Refillable Wipe Dispenser - Bone: BPA-Free, Silicone, 6 Height",D3-C2,5,6.0,READY_FOR_LAUNCH,exact,2026-09-13,0.0,2026-09-13,FY2026 W33
2026-09-13,94723688,0.0,11,2026-09-02,10,forecast,none,no_signal,NO_SIGNAL,0.0,0.0,0.0,0,C,0.0,0.0,,0.5,C · directional · ±50%,P-DIS-TER,Biom Refillable Plant-Based Wipes Dispenser - Terracotta,D3-C2,5,6.0,READY_FOR_LAUNCH,exact,2026-09-13,0.0,2026-09-13,FY2026 W33
2026-09-13,94723689,0.0,,,,forecast,none,no_signal,NO_SIGNAL,0.0,0.0,0.0,0,C,0.0,0.0,,0.5,C · directional · ±50%,P-40WIP-6IN-AP-VAN,"Biom Tres Vanille All-Purpose Cleaning Mini Wipes - 40ct: Refill Pouch, Removes Dirt",D3-C2,5,12.0,READY_FOR_LAUNCH,exact,2026-09-13,0.0,2026-09-13,FY2026 W33
2026-09-13,94799734,132.0,12,2026-09-02,29,forecast,target_po_plan,plan,,80.0,242.0,386.5,8,C,11.0,377.0,empirical_lowo,0.5,C · directional · ±50%,K-DIS-2BAB-WHI,"Biom 99% Water Hypoallergenic Baby Starter Kit - White - Fragrance Free - 120 wipes: Face, Hands, Nose, Whole Body, Diaper Area",D7,7,4.0,READY_FOR_LAUNCH,exact,2026-09-20,33.0,2026-09-13,FY2026 W33
2026-09-13,94799736,0.0,11,2026-09-02,29,forecast,none,plan_zero_history_positive,PLAN_ZERO_HISTORY_POSITIVE,0.0,0.0,200.0,4,C,0.0,0.0,,0.5,C · directional · ±50%,K-DIS-2BAB-LGR,"Biom 99% Water Hypoallergenic Baby Starter Kit - Seafoam Green - Fragrance Free - 120ct: Refillable, Alcohol-Free, Aloe & Vitamin E",D7,7,4.0,READY_FOR_LAUNCH,exact,2026-09-20,0.0,2026-09-13,FY2026 W33
2026-09-13,94799737,336.0,12,2026-09-02,29,forecast,target_po_plan,plan,,396.0,1173.0,1992.0,8,C,29.0,957.0,empirical_lowo,0.5,C · directional · ±50%,P-60WIP-BAB-FRA,"Biom 99% Water Hypoallergenic Baby Wipes - Fragrance Free - 60ct: Alcohol-Free, Contains Aloe, Refill Pouch",D7,7,12.0,READY_FOR_LAUNCH,exact,2026-09-20,28.0,2026-09-13,FY2026 W33
2026-09-13,94799738,0.0,11,2026-09-02,29,forecast,none,plan_zero_history_positive,PLAN_ZERO_HISTORY_POSITIVE,0.0,0.0,31.0,4,C,0.0,0.0,,0.5,C · directional · ±50%,K-DIS-2BAB-PUR,"Biom 99% Water Hypoallergenic Baby Starter Kit - Lilac - Fragrance Free - 120ct: Refillable Container, Contains Aloe, Contains Vitamin E",D7,7,6.0,READY_FOR_LAUNCH,exact,2026-09-20,0.0,2026-09-13,FY2026 W33
2026-09-13,94799739,90.0,12,2026-09-02,29,forecast,target_po_plan,plan,,153.0,650.25,998.625,8,C,7.0,258.0,empirical_lowo,0.5,C · directional · ±50%,K-60WIP-BAB-FRA-4PK,"Biom 99% Water Hypoallergenic Baby Wipes -Fragrance Free - 240ct: Face, Hands, Nose, Whole Body, Diaper Area",D7,7,3.0,READY_FOR_LAUNCH,exact,2026-09-20,30.0,2026-09-13,FY2026 W33
2026-09-13,94799740,139.0,12,2026-09-02,29,forecast,target_po_plan,plan,,175.0,724.0,582.75,8,C,11.0,397.0,empirical_lowo,0.5,C · directional · ±50%,K-60WIP-BAB-FRA-12PK,"Biom 99% Water Hypoallergenic Baby Wipes - Fragrance Free - 720ct: Face & Body Application, Refill Pouch, With Aloe & Vitamin E",D7,7,1.0,READY_FOR_LAUNCH,exact,2026-09-20,139.0,2026-09-13,FY2026 W33
2026-09-13,94928289,12.0,11,2026-09-02,29,forecast,target_po_plan,plan,NO_PO_8WK,0.0,0.0,0.0,0,C,0.0,36.0,empirical_lowo,0.5,C · directional · ±50%,P-60WIP-DSN-ALP,Biom Plastic Free Plant Based Disinfecting Wipes - Alpine Mint - 60ct,D3-C2,5,12.0,READY_FOR_LAUNCH,exact,2026-09-13,1.0,2026-09-13,FY2026 W33
2026-09-13,94928290,576.0,11,2026-09-02,29,forecast,target_po_plan,plan,,740.0,429.0,501.0,8,C,50.0,1640.0,empirical_lowo,0.5,C · directional · ±50%,P-DIS-SS-BRU,Biom Refillable Plant-Based Wipes Dispenser - Brushed Stainless,D3-C2,5,4.0,READY_FOR_LAUNCH,exact,2026-09-13,144.0,2026-09-13,FY2026 W33
2026-09-13,94928291,1740.0,11,2026-09-02,29,forecast,target_po_plan,plan,,912.0,518.0,669.0,8,C,153.0,4950.0,empirical_lowo,0.5,C · directional · ±50%,K-60WIP-DSN-COM-3PK,"Biom Plastic Free Plant Based Disinfecting Wipes - Variety - 3pk/180ct: Ammonia-Free, Paraben-Free, Mint Scent",D3-C2,5,4.0,READY_FOR_LAUNCH,exact,2026-09-13,435.0,2026-09-13,FY2026 W33
2026-09-13,94928292,1872.0,11,2026-09-02,29,forecast,target_po_plan,plan,,528.0,366.0,877.5,8,C,165.0,5325.0,empirical_lowo,0.5,C · directional · ±50%,P-60WIP-DSN-CIT,"Biom Plastic Free Plant Based Disinfecting Wipes - Fresh Citrus - 60ct: Ammonia-Free, Aluminum-Free, Paraben-Free",D3-C2,5,12.0,READY_FOR_LAUNCH,exact,2026-09-13,156.0,2026-09-13,FY2026 W33
2026-09-13,94928293,1852.0,11,2026-09-02,29,forecast,target_po_plan,plan,,1096.0,690.0,1583.5,8,C,163.0,5268.0,empirical_lowo,0.5,C · directional · ±50%,K-60WIP-AP-COM,Biom Plant Based Refillable All Purpose Wipes Variety - 3pk/180ct,D3-C2,5,4.0,READY_FOR_LAUNCH,exact,2026-09-13,463.0,2026-09-13,FY2026 W33
2026-09-13,94979715,528.0,12,2026-09-02,29,forecast,target_po_plan,plan,,384.0,876.0,1344.0,8,C,46.0,1503.0,empirical_lowo,0.5,C · directional · ±50%,P-30WIP-BOD-NAT-TRV,Biom Travel Pack Biodegradable Body Wipes - Naturally Fresh - 30ct,D253-C4,5,24.0,READY_FOR_LAUNCH,exact,2026-09-13,22.0,2026-09-13,FY2026 W33
2026-09-13,94979716,0.0,11,2026-09-02,29,forecast,none,plan_zero_history_positive,PLAN_ZERO_HISTORY_POSITIVE,0.0,0.0,369.0,2,C,0.0,0.0,,0.5,C · directional · ±50%,P-20WIP-SAN-STL-TRV,Biom Travel Pack Biodegradable Hand Sanitizing Wipes - Santal Escape - 20ct,D253-C4,5,24.0,READY_FOR_LAUNCH,exact,2026-09-13,0.0,2026-09-13,FY2026 W33
2026-09-13,94979717,1014.0,12,2026-09-02,29,forecast,target_po_plan,plan,,942.0,883.5,865.5,8,C,89.0,2885.0,empirical_lowo,0.5,C · directional · ±50%,K-6DIS-WHI-1SAN-STL,Biom Mini Dispenser with Biodegradable Hand Sanitizing Wipes - Santal Escape - 40ct,D253-C4,5,6.0,READY_FOR_LAUNCH,exact,2026-09-13,169.0,2026-09-13,FY2026 W33
2026-09-13,94979718,1464.0,12,2026-09-02,29,forecast,target_po_plan,plan,,1800.0,1512.0,1728.0,8,C,129.0,4165.0,empirical_lowo,0.5,C · directional · ±50%,P-40WIP-6IN-SAN-STL,Biom Mini Biodegradable Refillable Hand Sanitizing Wipes - Santal Escape - 40ct,D253-C4,5,24.0,READY_FOR_LAUNCH,exact,2026-09-13,61.0,2026-09-13,FY2026 W33
2026-09-13,95285660,0.0,11,2026-09-02,29,forecast,none,no_signal,NO_SIGNAL,0.0,0.0,0.0,0,C,0.0,0.0,,0.5,C · directional · ±50%,P-60WIP-FLU-FRA-2PK,Biom Flushable Personal Wipes Fragrance Free - 120ct,D253-C6,5,12.0,READY_FOR_ORDER,inferred,2026-09-13,0.0,2026-09-13,FY2026 W33
2026-09-13,95285661,0.0,11,2026-09-02,10,forecast,none,plan_zero_history_positive,PLAN_ZERO_HISTORY_POSITIVE,112.0,28.0,14.0,1,C,0.0,0.0,,0.5,C · directional · ±50%,K-60WIP-FLU-FRA-3Pk,Biom Flushable Personal Wipes Unscented - 180ct,D253-C6,5,4.0,READY_FOR_ORDER,exact,2026-09-13,0.0,2026-09-13,FY2026 W33
2026-09-13,95285662,0.0,11,2026-09-02,29,forecast,none,no_signal,NO_SIGNAL,0.0,0.0,0.0,0,C,0.0,0.0,,0.5,C · directional · ±50%,K-DIS-2FLU-WHI,Biom White Flushable One Handed Kit Personal Wipes Unscented - 120ct,D253-C6,5,4.0,READY_FOR_ORDER,inferred,2026-09-13,0.0,2026-09-13,FY2026 W33
2026-09-13,1010810949,0.0,11,2026-09-02,29,forecast,none,plan_zero_history_positive,PLAN_ZERO_HISTORY_POSITIVE,1728.0,4572.0,2286.0,4,C,0.0,0.0,,0.5,C · directional · ±50%,P-40WIP-LIT-FRA,Biom Baby Mini Little Messes Hand Wipes Refills Fragrance Free - 40ct,D7,7,24.0,READY_FOR_LAUNCH,exact,2026-09-20,0.0,2026-09-13,FY2026 W33
2026-09-13,1010810951,462.0,12,2026-09-02,29,forecast,target_po_plan,plan,,330.0,930.0,465.0,3,C,40.0,1316.0,empirical_lowo,0.5,C · directional · ±50%,K-6DIS-PER-1LIT,Biom Refillable Mini Dispenser Little Mess Hand Wipes Periwinkle - 40ct,D7,7,6.0,READY_FOR_LAUNCH,exact,2026-09-20,77.0,2026-09-13,FY2026 W33
2026-09-13,1011278742,0.0,11,2026-09-02,29,forecast,none,no_signal,NO_SIGNAL,0.0,0.0,0.0,0,C,0.0,0.0,,0.5,C · directional · ±50%,P-20WIP-SAN-BER-TRV,Biom Sanitizing Go-Pack Holiday Bergamot Bloom - Hand Wipes - 20ct,D253-C4,5,24.0,READY_FOR_ORDER,exact,2026-09-13,0.0,2026-09-13,FY2026 W33
2026-09-13,1011824789,0.0,11,2026-09-02,29,forecast,none,no_signal,NO_SIGNAL,0.0,0.0,0.0,0,C,0.0,0.0,,0.5,C · directional · ±50%,P-60WIP-DSN-PIN,Biom Pine Forest Disinfecting Wipes Refill All-Purpose Cleaners - 60ct,D3-C2,5,12.0,READY_FOR_ORDER,unmapped,2026-09-13,0.0,2026-09-13,FY2026 W33
2026-09-13,1012188490,0.0,11,2026-09-02,29,forecast,none,no_signal,NO_SIGNAL,0.0,0.0,0.0,0,C,0.0,0.0,,0.5,C · directional · ±50%,P-30WIP-LIT-FRA,Biom Little Mess Baby Wipes Go-Pack Unscented - 30ct,D7,7,24.0,READY_FOR_ORDER,exact,2026-09-20,0.0,2026-09-13,FY2026 W33
2026-09-13,1012188491,0.0,11,2026-09-02,29,forecast,none,no_signal,NO_SIGNAL,0.0,0.0,0.0,0,C,0.0,0.0,,0.5,C · directional · ±50%,P-30WIP-BAB-FRA,Biom Baby Wipes Go-Pack Unscented - 30ct,D7,7,24.0,READY_FOR_ORDER,exact,2026-09-20,0.0,2026-09-13,FY2026 W33
2026-09-13,1012914812,0.0,,,,forecast,none,no_signal,NO_SIGNAL,0.0,0.0,0.0,0,C,0.0,0.0,,0.5,C · directional · ±50%,P-20WIP-AP-STL-TRV,Biom Santal Escape Cleaning Wipe Go-Pack All-Purpose Cleaners - 20ct,D3-C2,5,,READY_FOR_ORDER,unmapped,2026-09-13,,2026-09-13,FY2026 W33
2026-09-13,1012914813,0.0,,,,forecast,none,no_signal,NO_SIGNAL,0.0,0.0,0.0,0,C,0.0,0.0,,0.5,C · directional · ±50%,P-20WIP-DSN-CIT-TRV,Biom Fresh Citrus Disinfecting Wipe Go-Pack All-Purpose Cleaners - 20ct,D3-C2,5,,READY_FOR_ORDER,unmapped,2026-09-13,,2026-09-13,FY2026 W33
2026-09-20,89854821,1092.0,18,2026-09-02,29,forecast,target_po_plan,plan,,2154.0,1749.0,1789.5,8,C,96.0,3107.0,empirical_lowo,0.5,C · directional · ±50%,P-DIS-EUC,Biom Refillable Plant-Based Wipes Dispenser - Eucalyptus,D3-C2,5,6.0,READY_FOR_LAUNCH,exact,2026-09-20,182.0,2026-09-20,FY2026 W34
2026-09-20,89854822,0.0,,,,forecast,none,no_signal,NO_SIGNAL,0.0,0.0,0.0,0,C,0.0,0.0,,0.5,C · directional · ±50%,P-60WIP-AP-LAV,"Biom Lavender Ease All Purpose Cleaning Wipes Refill - 60ct: Safe for Sensitive Skin, Contains Naturally Derived Ingredients, Removes Grease",D3-C2,5,12.0,READY_FOR_LAUNCH,exact,2026-09-20,0.0,2026-09-20,FY2026 W34
2026-09-20,89854823,948.0,18,2026-09-02,29,forecast,target_po_plan,plan,,2340.0,1321.5,1105.5,8,C,83.0,2698.0,empirical_lowo,0.5,C · directional · ±50%,P-DIS-WHI,"Biom Refillable Plant-Based Wipes Dispenser - White: BPA-Free, Multi-Surface Use, Silicone Components",D3-C2,5,6.0,READY_FOR_LAUNCH,exact,2026-09-20,158.0,2026-09-20,FY2026 W34
2026-09-20,89854824,0.0,,,,forecast,none,no_signal,NO_SIGNAL,0.0,0.0,0.0,0,C,0.0,0.0,,0.5,C · directional · ±50%,P-60WIP-AP-GRA,"Biom Grapefruit Zest All Purpose Cleaning Wipes Refill - 60ct: Safe for Sensitive Skin, Contains Naturally Derived Ingredients, Multi-Surface Cleaner",D3-C2,5,12.0,READY_FOR_LAUNCH,exact,2026-09-20,0.0,2026-09-20,FY2026 W34
2026-09-20,89854825,1122.0,18,2026-09-02,29,forecast,target_po_plan,plan,,1320.0,1722.0,1765.5,8,C,99.0,3192.0,empirical_lowo,0.5,C · directional · ±50%,P-DIS-TAN,Biom Refillable Plant-Based Wipes Dispenser - Sand,D3-C2,5,6.0,READY_FOR_LAUNCH,exact,2026-09-20,187.0,2026-09-20,FY2026 W34
2026-09-20,89854826,3600.0,18,2026-09-02,29,forecast,target_po_plan,plan,,1020.0,1401.0,2289.0,8,C,318.0,10239.0,empirical_lowo,0.5,C · directional · ±50%,P-60WIP-AP-STL,Biom Plant Based Refillable All Purpose Wipes - Santal Escape - 60ct,D3-C2,5,12.0,READY_FOR_LAUNCH,exact,2026-09-20,300.0,2026-09-20,FY2026 W34
2026-09-20,93197977,1380.0,18,2026-09-02,29,forecast,target_po_plan,plan,,456.0,498.0,877.5,8,C,122.0,3926.0,empirical_lowo,0.5,C · directional · ±50%,P-60WIP-AP-NER,Biom Plant Based Refillable All Purpose Wipes - Neroli Dream - 60ct,D3-C2,5,12.0,READY_FOR_LAUNCH,exact,2026-09-20,115.0,2026-09-20,FY2026 W34
2026-09-20,93197978,0.0,,,,forecast,none,no_signal,NO_SIGNAL,0.0,0.0,0.0,0,C,0.0,0.0,,0.5,C · directional · ±50%,,Biom Refillable Wipe Dispenser,D3-C2,5,,,unmapped,2026-09-20,,2026-09-20,FY2026 W34
2026-09-20,93197979,2964.0,18,2026-09-02,29,forecast,target_po_plan,plan,,3096.0,2217.0,2322.0,8,C,262.0,8431.0,empirical_lowo,0.5,C · directional · ±50%,P-60WIP-AP-FRA,Biom Plant Based Refillable All Purpose Wipes - Fragrance Free - 60ct,D3-C2,5,12.0,READY_FOR_LAUNCH,exact,2026-09-20,247.0,2026-09-20,FY2026 W34
2026-09-20,94643458,30.0,18,2026-09-02,7,forecast,target_po_plan,plan,,24.0,27.0,24.0,8,C,2.0,87.0,empirical_lowo,0.5,C · directional · ±50%,P-DIS-DGR,"Biom Refillable Wipes Dispenser - Hunter Green: BPA-Free, Silicone Material",D3-C2,5,6.0,READY_FOR_LAUNCH,exact,2026-09-20,5.0,2026-09-20,FY2026 W34
2026-09-20,94643459,30.0,18,2026-09-02,10,forecast,target_po_plan,plan,,36.0,60.0,58.5,8,C,2.0,87.0,empirical_lowo,0.5,C · directional · ±50%,P-DIS-BLK,"Biom Refillable Wipes Dispenser - Black: BPA-Free, Silicone, Cleaning Tools and Accessories",D3-C2,5,6.0,READY_FOR_LAUNCH,exact,2026-09-20,5.0,2026-09-20,FY2026 W34
2026-09-20,94643460,36.0,18,2026-09-02,10,forecast,target_po_plan,plan,,36.0,55.5,53.25,8,C,2.0,104.0,empirical_lowo,0.5,C · directional · ±50%,P-DIS-LGR,"Biom Refillable Wipes Dispenser - Seafoam: BPA-Free, Silicone, 8 Inch Height",D3-C2,5,6.0,READY_FOR_LAUNCH,exact,2026-09-20,6.0,2026-09-20,FY2026 W34
2026-09-20,94723685,0.0,,,,forecast,none,no_signal,NO_SIGNAL,0.0,0.0,0.0,0,C,0.0,0.0,,0.5,C · directional · ±50%,P-60WIP-AP-FIR,"Biom Fraser Fir All-Purpose Cleaning Wipes Refill - 60ct: Removes Dirt, Grease, Multi-Surface Use",D3-C2,5,12.0,READY_FOR_LAUNCH,exact,2026-09-20,0.0,2026-09-20,FY2026 W34
2026-09-20,94723686,0.0,,,,forecast,none,no_signal,NO_SIGNAL,0.0,0.0,0.0,0,C,0.0,0.0,,0.5,C · directional · ±50%,P-60WIP-AP-PEP,Biom Peppermint All-Purpose Cleaning Wipes Refill - 60ct,D3-C2,5,12.0,READY_FOR_LAUNCH,exact,2026-09-20,0.0,2026-09-20,FY2026 W34
2026-09-20,94723687,0.0,,,,forecast,none,no_signal,NO_SIGNAL,0.0,0.0,0.0,0,C,0.0,0.0,,0.5,C · directional · ±50%,P-6DIS-WHI,"Biom Mini Refillable Wipe Dispenser - Bone: BPA-Free, Silicone, 6 Height",D3-C2,5,6.0,READY_FOR_LAUNCH,exact,2026-09-20,0.0,2026-09-20,FY2026 W34
2026-09-20,94723688,0.0,18,2026-09-02,10,forecast,none,no_signal,NO_SIGNAL,0.0,0.0,0.0,0,C,0.0,0.0,,0.5,C · directional · ±50%,P-DIS-TER,Biom Refillable Plant-Based Wipes Dispenser - Terracotta,D3-C2,5,6.0,READY_FOR_LAUNCH,exact,2026-09-20,0.0,2026-09-20,FY2026 W34
2026-09-20,94723689,0.0,,,,forecast,none,no_signal,NO_SIGNAL,0.0,0.0,0.0,0,C,0.0,0.0,,0.5,C · directional · ±50%,P-40WIP-6IN-AP-VAN,"Biom Tres Vanille All-Purpose Cleaning Mini Wipes - 40ct: Refill Pouch, Removes Dirt",D3-C2,5,12.0,READY_FOR_LAUNCH,exact,2026-09-20,0.0,2026-09-20,FY2026 W34
2026-09-20,94799734,244.0,19,2026-09-02,29,forecast,target_po_plan,plan,,80.0,242.0,386.5,8,C,21.0,696.0,empirical_lowo,0.5,C · directional · ±50%,K-DIS-2BAB-WHI,"Biom 99% Water Hypoallergenic Baby Starter Kit - White - Fragrance Free - 120 wipes: Face, Hands, Nose, Whole Body, Diaper Area",D7,7,4.0,READY_FOR_LAUNCH,exact,2026-09-27,61.0,2026-09-20,FY2026 W34
2026-09-20,94799736,0.0,18,2026-09-02,29,forecast,none,plan_zero_history_positive,PLAN_ZERO_HISTORY_POSITIVE,0.0,0.0,200.0,4,C,0.0,0.0,,0.5,C · directional · ±50%,K-DIS-2BAB-LGR,"Biom 99% Water Hypoallergenic Baby Starter Kit - Seafoam Green - Fragrance Free - 120ct: Refillable, Alcohol-Free, Aloe & Vitamin E",D7,7,4.0,READY_FOR_LAUNCH,exact,2026-09-27,0.0,2026-09-20,FY2026 W34
2026-09-20,94799737,636.0,19,2026-09-02,29,forecast,target_po_plan,plan,,396.0,1173.0,1992.0,8,C,56.0,1810.0,empirical_lowo,0.5,C · directional · ±50%,P-60WIP-BAB-FRA,"Biom 99% Water Hypoallergenic Baby Wipes - Fragrance Free - 60ct: Alcohol-Free, Contains Aloe, Refill Pouch",D7,7,12.0,READY_FOR_LAUNCH,exact,2026-09-27,53.0,2026-09-20,FY2026 W34
2026-09-20,94799738,0.0,18,2026-09-02,29,forecast,none,plan_zero_history_positive,PLAN_ZERO_HISTORY_POSITIVE,0.0,0.0,31.0,4,C,0.0,0.0,,0.5,C · directional · ±50%,K-DIS-2BAB-PUR,"Biom 99% Water Hypoallergenic Baby Starter Kit - Lilac - Fragrance Free - 120ct: Refillable Container, Contains Aloe, Contains Vitamin E",D7,7,6.0,READY_FOR_LAUNCH,exact,2026-09-27,0.0,2026-09-20,FY2026 W34
2026-09-20,94799739,198.0,19,2026-09-02,29,forecast,target_po_plan,plan,,153.0,650.25,998.625,8,C,17.0,565.0,empirical_lowo,0.5,C · directional · ±50%,K-60WIP-BAB-FRA-4PK,"Biom 99% Water Hypoallergenic Baby Wipes -Fragrance Free - 240ct: Face, Hands, Nose, Whole Body, Diaper Area",D7,7,3.0,READY_FOR_LAUNCH,exact,2026-09-27,66.0,2026-09-20,FY2026 W34
2026-09-20,94799740,201.0,19,2026-09-02,29,forecast,target_po_plan,plan,,175.0,724.0,582.75,8,C,17.0,573.0,empirical_lowo,0.5,C · directional · ±50%,K-60WIP-BAB-FRA-12PK,"Biom 99% Water Hypoallergenic Baby Wipes - Fragrance Free - 720ct: Face & Body Application, Refill Pouch, With Aloe & Vitamin E",D7,7,1.0,READY_FOR_LAUNCH,exact,2026-09-27,201.0,2026-09-20,FY2026 W34
2026-09-20,94928289,72.0,18,2026-09-02,29,forecast,target_po_plan,plan,NO_PO_8WK,0.0,0.0,0.0,0,C,5.0,207.0,empirical_lowo,0.5,C · directional · ±50%,P-60WIP-DSN-ALP,Biom Plastic Free Plant Based Disinfecting Wipes - Alpine Mint - 60ct,D3-C2,5,12.0,READY_FOR_LAUNCH,exact,2026-09-20,6.0,2026-09-20,FY2026 W34
2026-09-20,94928290,768.0,18,2026-09-02,29,forecast,target_po_plan,plan,,740.0,429.0,501.0,8,C,67.0,2186.0,empirical_lowo,0.5,C · directional · ±50%,P-DIS-SS-BRU,Biom Refillable Plant-Based Wipes Dispenser - Brushed Stainless,D3-C2,5,4.0,READY_FOR_LAUNCH,exact,2026-09-20,192.0,2026-09-20,FY2026 W34
2026-09-20,94928291,1832.0,18,2026-09-02,29,forecast,target_po_plan,plan,,912.0,518.0,669.0,8,C,162.0,5211.0,empirical_lowo,0.5,C · directional · ±50%,K-60WIP-DSN-COM-3PK,"Biom Plastic Free Plant Based Disinfecting Wipes - Variety - 3pk/180ct: Ammonia-Free, Paraben-Free, Mint Scent",D3-C2,5,4.0,READY_FOR_LAUNCH,exact,2026-09-20,458.0,2026-09-20,FY2026 W34
2026-09-20,94928292,2400.0,18,2026-09-02,29,forecast,target_po_plan,plan,,528.0,366.0,877.5,8,C,212.0,6827.0,empirical_lowo,0.5,C · directional · ±50%,P-60WIP-DSN-CIT,"Biom Plastic Free Plant Based Disinfecting Wipes - Fresh Citrus - 60ct: Ammonia-Free, Aluminum-Free, Paraben-Free",D3-C2,5,12.0,READY_FOR_LAUNCH,exact,2026-09-20,200.0,2026-09-20,FY2026 W34
2026-09-20,94928293,1932.0,18,2026-09-02,29,forecast,target_po_plan,plan,,1096.0,690.0,1583.5,8,C,170.0,5496.0,empirical_lowo,0.5,C · directional · ±50%,K-60WIP-AP-COM,Biom Plant Based Refillable All Purpose Wipes Variety - 3pk/180ct,D3-C2,5,4.0,READY_FOR_LAUNCH,exact,2026-09-20,483.0,2026-09-20,FY2026 W34
2026-09-20,94979715,480.0,19,2026-09-02,29,forecast,target_po_plan,plan,,384.0,876.0,1344.0,8,C,42.0,1367.0,empirical_lowo,0.5,C · directional · ±50%,P-30WIP-BOD-NAT-TRV,Biom Travel Pack Biodegradable Body Wipes - Naturally Fresh - 30ct,D253-C4,5,24.0,READY_FOR_LAUNCH,exact,2026-09-20,20.0,2026-09-20,FY2026 W34
2026-09-20,94979716,504.0,19,2026-09-02,29,forecast,target_po_plan,plan,,0.0,0.0,369.0,2,C,44.0,1435.0,empirical_lowo,0.5,C · directional · ±50%,P-20WIP-SAN-STL-TRV,Biom Travel Pack Biodegradable Hand Sanitizing Wipes - Santal Escape - 20ct,D253-C4,5,24.0,READY_FOR_LAUNCH,exact,2026-09-20,21.0,2026-09-20,FY2026 W34
2026-09-20,94979717,1044.0,19,2026-09-02,29,forecast,target_po_plan,plan,,942.0,883.5,865.5,8,C,92.0,2971.0,empirical_lowo,0.5,C · directional · ±50%,K-6DIS-WHI-1SAN-STL,Biom Mini Dispenser with Biodegradable Hand Sanitizing Wipes - Santal Escape - 40ct,D253-C4,5,6.0,READY_FOR_LAUNCH,exact,2026-09-20,174.0,2026-09-20,FY2026 W34
2026-09-20,94979718,1536.0,19,2026-09-02,29,forecast,target_po_plan,plan,,1800.0,1512.0,1728.0,8,C,135.0,4370.0,empirical_lowo,0.5,C · directional · ±50%,P-40WIP-6IN-SAN-STL,Biom Mini Biodegradable Refillable Hand Sanitizing Wipes - Santal Escape - 40ct,D253-C4,5,24.0,READY_FOR_LAUNCH,exact,2026-09-20,64.0,2026-09-20,FY2026 W34
2026-09-20,95285660,0.0,18,2026-09-02,29,forecast,none,no_signal,NO_SIGNAL,0.0,0.0,0.0,0,C,0.0,0.0,,0.5,C · directional · ±50%,P-60WIP-FLU-FRA-2PK,Biom Flushable Personal Wipes Fragrance Free - 120ct,D253-C6,5,12.0,READY_FOR_ORDER,inferred,2026-09-20,0.0,2026-09-20,FY2026 W34
2026-09-20,95285661,0.0,18,2026-09-02,10,forecast,none,plan_zero_history_positive,PLAN_ZERO_HISTORY_POSITIVE,112.0,28.0,14.0,1,C,0.0,0.0,,0.5,C · directional · ±50%,K-60WIP-FLU-FRA-3Pk,Biom Flushable Personal Wipes Unscented - 180ct,D253-C6,5,4.0,READY_FOR_ORDER,exact,2026-09-20,0.0,2026-09-20,FY2026 W34
2026-09-20,95285662,0.0,18,2026-09-02,29,forecast,none,no_signal,NO_SIGNAL,0.0,0.0,0.0,0,C,0.0,0.0,,0.5,C · directional · ±50%,K-DIS-2FLU-WHI,Biom White Flushable One Handed Kit Personal Wipes Unscented - 120ct,D253-C6,5,4.0,READY_FOR_ORDER,inferred,2026-09-20,0.0,2026-09-20,FY2026 W34
2026-09-20,1010810949,5184.0,19,2026-09-02,29,forecast,target_po_plan,plan,,1728.0,4572.0,2286.0,4,C,459.0,14743.0,empirical_lowo,0.5,C · directional · ±50%,P-40WIP-LIT-FRA,Biom Baby Mini Little Messes Hand Wipes Refills Fragrance Free - 40ct,D7,7,24.0,READY_FOR_LAUNCH,exact,2026-09-27,216.0,2026-09-20,FY2026 W34
2026-09-20,1010810951,480.0,19,2026-09-02,29,forecast,target_po_plan,plan,,330.0,930.0,465.0,3,C,42.0,1367.0,empirical_lowo,0.5,C · directional · ±50%,K-6DIS-PER-1LIT,Biom Refillable Mini Dispenser Little Mess Hand Wipes Periwinkle - 40ct,D7,7,6.0,READY_FOR_LAUNCH,exact,2026-09-27,80.0,2026-09-20,FY2026 W34
2026-09-20,1011278742,0.0,18,2026-09-02,29,forecast,none,no_signal,NO_SIGNAL,0.0,0.0,0.0,0,C,0.0,0.0,,0.5,C · directional · ±50%,P-20WIP-SAN-BER-TRV,Biom Sanitizing Go-Pack Holiday Bergamot Bloom - Hand Wipes - 20ct,D253-C4,5,24.0,READY_FOR_ORDER,exact,2026-09-20,0.0,2026-09-20,FY2026 W34
2026-09-20,1011824789,3024.0,18,2026-09-02,29,planned_forward,target_po_plan,plan,NEW_TCIN_NO_HISTORY|LAUNCH_FILL,0.0,0.0,0.0,0,C,267.0,8601.0,empirical_lowo,0.5,C · directional · ±50%,P-60WIP-DSN-PIN,Biom Pine Forest Disinfecting Wipes Refill All-Purpose Cleaners - 60ct,D3-C2,5,12.0,READY_FOR_ORDER,unmapped,2026-09-20,252.0,2026-09-20,FY2026 W34
2026-09-20,1012188490,864.0,19,2026-09-02,29,planned_forward,target_po_plan,plan,NEW_TCIN_NO_HISTORY|LAUNCH_FILL,0.0,0.0,0.0,0,C,76.0,2459.0,empirical_lowo,0.5,C · directional · ±50%,P-30WIP-LIT-FRA,Biom Little Mess Baby Wipes Go-Pack Unscented - 30ct,D7,7,24.0,READY_FOR_ORDER,exact,2026-09-27,36.0,2026-09-20,FY2026 W34
2026-09-20,1012188491,1608.0,19,2026-09-02,29,planned_forward,target_po_plan,plan,NEW_TCIN_NO_HISTORY|LAUNCH_FILL,0.0,0.0,0.0,0,C,142.0,4574.0,empirical_lowo,0.5,C · directional · ±50%,P-30WIP-BAB-FRA,Biom Baby Wipes Go-Pack Unscented - 30ct,D7,7,24.0,READY_FOR_ORDER,exact,2026-09-27,67.0,2026-09-20,FY2026 W34
2026-09-20,1012914812,0.0,,,,forecast,none,no_signal,NO_SIGNAL,0.0,0.0,0.0,0,C,0.0,0.0,,0.5,C · directional · ±50%,P-20WIP-AP-STL-TRV,Biom Santal Escape Cleaning Wipe Go-Pack All-Purpose Cleaners - 20ct,D3-C2,5,,READY_FOR_ORDER,unmapped,2026-09-20,,2026-09-20,FY2026 W34
2026-09-20,1012914813,0.0,,,,forecast,none,no_signal,NO_SIGNAL,0.0,0.0,0.0,0,C,0.0,0.0,,0.5,C · directional · ±50%,P-20WIP-DSN-CIT-TRV,Biom Fresh Citrus Disinfecting Wipe Go-Pack All-Purpose Cleaners - 20ct,D3-C2,5,,READY_FOR_ORDER,unmapped,2026-09-20,,2026-09-20,FY2026 W34
2026-09-27,89854821,3000.0,25,2026-09-02,29,forecast,target_po_plan,plan,,2154.0,1749.0,1789.5,8,C,265.0,8533.0,empirical_lowo,0.5,C · directional · ±50%,P-DIS-EUC,Biom Refillable Plant-Based Wipes Dispenser - Eucalyptus,D3-C2,5,6.0,READY_FOR_LAUNCH,exact,2026-09-27,500.0,2026-09-27,FY2026 W35
2026-09-27,89854822,0.0,,,,forecast,none,no_signal,NO_SIGNAL,0.0,0.0,0.0,0,C,0.0,0.0,,0.5,C · directional · ±50%,P-60WIP-AP-LAV,"Biom Lavender Ease All Purpose Cleaning Wipes Refill - 60ct: Safe for Sensitive Skin, Contains Naturally Derived Ingredients, Removes Grease",D3-C2,5,12.0,READY_FOR_LAUNCH,exact,2026-09-27,0.0,2026-09-27,FY2026 W35
2026-09-27,89854823,2706.0,25,2026-09-02,29,forecast,target_po_plan,plan,,2340.0,1321.5,1105.5,8,C,239.0,7697.0,empirical_lowo,0.5,C · directional · ±50%,P-DIS-WHI,"Biom Refillable Plant-Based Wipes Dispenser - White: BPA-Free, Multi-Surface Use, Silicone Components",D3-C2,5,6.0,READY_FOR_LAUNCH,exact,2026-09-27,451.0,2026-09-27,FY2026 W35
2026-09-27,89854824,0.0,,,,forecast,none,no_signal,NO_SIGNAL,0.0,0.0,0.0,0,C,0.0,0.0,,0.5,C · directional · ±50%,P-60WIP-AP-GRA,"Biom Grapefruit Zest All Purpose Cleaning Wipes Refill - 60ct: Safe for Sensitive Skin, Contains Naturally Derived Ingredients, Multi-Surface Cleaner",D3-C2,5,12.0,READY_FOR_LAUNCH,exact,2026-09-27,0.0,2026-09-27,FY2026 W35
2026-09-27,89854825,1188.0,25,2026-09-02,29,forecast,target_po_plan,plan,,1320.0,1722.0,1765.5,8,C,104.0,3380.0,empirical_lowo,0.5,C · directional · ±50%,P-DIS-TAN,Biom Refillable Plant-Based Wipes Dispenser - Sand,D3-C2,5,6.0,READY_FOR_LAUNCH,exact,2026-09-27,198.0,2026-09-27,FY2026 W35
2026-09-27,89854826,3984.0,25,2026-09-02,29,forecast,target_po_plan,plan,,1020.0,1401.0,2289.0,8,C,353.0,11331.0,empirical_lowo,0.5,C · directional · ±50%,P-60WIP-AP-STL,Biom Plant Based Refillable All Purpose Wipes - Santal Escape - 60ct,D3-C2,5,12.0,READY_FOR_LAUNCH,exact,2026-09-27,332.0,2026-09-27,FY2026 W35
2026-09-27,93197977,1308.0,25,2026-09-02,29,forecast,target_po_plan,plan,,456.0,498.0,877.5,8,C,115.0,3721.0,empirical_lowo,0.5,C · directional · ±50%,P-60WIP-AP-NER,Biom Plant Based Refillable All Purpose Wipes - Neroli Dream - 60ct,D3-C2,5,12.0,READY_FOR_LAUNCH,exact,2026-09-27,109.0,2026-09-27,FY2026 W35
2026-09-27,93197978,0.0,,,,forecast,none,no_signal,NO_SIGNAL,0.0,0.0,0.0,0,C,0.0,0.0,,0.5,C · directional · ±50%,,Biom Refillable Wipe Dispenser,D3-C2,5,,,unmapped,2026-09-27,,2026-09-27,FY2026 W35
2026-09-27,93197979,3000.0,25,2026-09-02,29,forecast,target_po_plan,plan,,3096.0,2217.0,2322.0,8,C,265.0,8533.0,empirical_lowo,0.5,C · directional · ±50%,P-60WIP-AP-FRA,Biom Plant Based Refillable All Purpose Wipes - Fragrance Free - 60ct,D3-C2,5,12.0,READY_FOR_LAUNCH,exact,2026-09-27,250.0,2026-09-27,FY2026 W35
2026-09-27,94643458,12.0,25,2026-09-02,7,forecast,target_po_plan,plan,,24.0,27.0,24.0,8,C,0.0,36.0,empirical_lowo,0.5,C · directional · ±50%,P-DIS-DGR,"Biom Refillable Wipes Dispenser - Hunter Green: BPA-Free, Silicone Material",D3-C2,5,6.0,READY_FOR_LAUNCH,exact,2026-09-27,2.0,2026-09-27,FY2026 W35
2026-09-27,94643459,36.0,25,2026-09-02,10,forecast,target_po_plan,plan,,36.0,60.0,58.5,8,C,2.0,104.0,empirical_lowo,0.5,C · directional · ±50%,P-DIS-BLK,"Biom Refillable Wipes Dispenser - Black: BPA-Free, Silicone, Cleaning Tools and Accessories",D3-C2,5,6.0,READY_FOR_LAUNCH,exact,2026-09-27,6.0,2026-09-27,FY2026 W35
2026-09-27,94643460,24.0,25,2026-09-02,10,forecast,target_po_plan,plan,,36.0,55.5,53.25,8,C,1.0,70.0,empirical_lowo,0.5,C · directional · ±50%,P-DIS-LGR,"Biom Refillable Wipes Dispenser - Seafoam: BPA-Free, Silicone, 8 Inch Height",D3-C2,5,6.0,READY_FOR_LAUNCH,exact,2026-09-27,4.0,2026-09-27,FY2026 W35
2026-09-27,94723685,0.0,,,,forecast,none,no_signal,NO_SIGNAL,0.0,0.0,0.0,0,C,0.0,0.0,,0.5,C · directional · ±50%,P-60WIP-AP-FIR,"Biom Fraser Fir All-Purpose Cleaning Wipes Refill - 60ct: Removes Dirt, Grease, Multi-Surface Use",D3-C2,5,12.0,READY_FOR_LAUNCH,exact,2026-09-27,0.0,2026-09-27,FY2026 W35
2026-09-27,94723686,0.0,,,,forecast,none,no_signal,NO_SIGNAL,0.0,0.0,0.0,0,C,0.0,0.0,,0.5,C · directional · ±50%,P-60WIP-AP-PEP,Biom Peppermint All-Purpose Cleaning Wipes Refill - 60ct,D3-C2,5,12.0,READY_FOR_LAUNCH,exact,2026-09-27,0.0,2026-09-27,FY2026 W35
2026-09-27,94723687,0.0,,,,forecast,none,no_signal,NO_SIGNAL,0.0,0.0,0.0,0,C,0.0,0.0,,0.5,C · directional · ±50%,P-6DIS-WHI,"Biom Mini Refillable Wipe Dispenser - Bone: BPA-Free, Silicone, 6 Height",D3-C2,5,6.0,READY_FOR_LAUNCH,exact,2026-09-27,0.0,2026-09-27,FY2026 W35
2026-09-27,94723688,0.0,25,2026-09-02,10,forecast,none,no_signal,NO_SIGNAL,0.0,0.0,0.0,0,C,0.0,0.0,,0.5,C · directional · ±50%,P-DIS-TER,Biom Refillable Plant-Based Wipes Dispenser - Terracotta,D3-C2,5,6.0,READY_FOR_LAUNCH,exact,2026-09-27,0.0,2026-09-27,FY2026 W35
2026-09-27,94723689,0.0,,,,forecast,none,no_signal,NO_SIGNAL,0.0,0.0,0.0,0,C,0.0,0.0,,0.5,C · directional · ±50%,P-40WIP-6IN-AP-VAN,"Biom Tres Vanille All-Purpose Cleaning Mini Wipes - 40ct: Refill Pouch, Removes Dirt",D3-C2,5,12.0,READY_FOR_LAUNCH,exact,2026-09-27,0.0,2026-09-27,FY2026 W35
2026-09-27,94799734,260.0,26,2026-09-02,29,forecast,target_po_plan,plan,,80.0,242.0,386.5,8,C,22.0,741.0,empirical_lowo,0.5,C · directional · ±50%,K-DIS-2BAB-WHI,"Biom 99% Water Hypoallergenic Baby Starter Kit - White - Fragrance Free - 120 wipes: Face, Hands, Nose, Whole Body, Diaper Area",D7,7,4.0,READY_FOR_LAUNCH,exact,2026-10-04,65.0,2026-09-27,FY2026 W35
2026-09-27,94799736,0.0,25,2026-09-02,29,forecast,none,plan_zero_history_positive,PLAN_ZERO_HISTORY_POSITIVE,0.0,0.0,200.0,4,C,0.0,0.0,,0.5,C · directional · ±50%,K-DIS-2BAB-LGR,"Biom 99% Water Hypoallergenic Baby Starter Kit - Seafoam Green - Fragrance Free - 120ct: Refillable, Alcohol-Free, Aloe & Vitamin E",D7,7,4.0,READY_FOR_LAUNCH,exact,2026-10-04,0.0,2026-09-27,FY2026 W35
2026-09-27,94799737,816.0,26,2026-09-02,29,forecast,target_po_plan,plan,,396.0,1173.0,1992.0,8,C,71.0,2322.0,empirical_lowo,0.5,C · directional · ±50%,P-60WIP-BAB-FRA,"Biom 99% Water Hypoallergenic Baby Wipes - Fragrance Free - 60ct: Alcohol-Free, Contains Aloe, Refill Pouch",D7,7,12.0,READY_FOR_LAUNCH,exact,2026-10-04,68.0,2026-09-27,FY2026 W35
2026-09-27,94799738,0.0,25,2026-09-02,29,forecast,none,plan_zero_history_positive,PLAN_ZERO_HISTORY_POSITIVE,0.0,0.0,31.0,4,C,0.0,0.0,,0.5,C · directional · ±50%,K-DIS-2BAB-PUR,"Biom 99% Water Hypoallergenic Baby Starter Kit - Lilac - Fragrance Free - 120ct: Refillable Container, Contains Aloe, Contains Vitamin E",D7,7,6.0,READY_FOR_LAUNCH,exact,2026-10-04,0.0,2026-09-27,FY2026 W35
2026-09-27,94799739,282.0,26,2026-09-02,29,forecast,target_po_plan,plan,,153.0,650.25,998.625,8,C,24.0,804.0,empirical_lowo,0.5,C · directional · ±50%,K-60WIP-BAB-FRA-4PK,"Biom 99% Water Hypoallergenic Baby Wipes -Fragrance Free - 240ct: Face, Hands, Nose, Whole Body, Diaper Area",D7,7,3.0,READY_FOR_LAUNCH,exact,2026-10-04,94.0,2026-09-27,FY2026 W35
2026-09-27,94799740,199.0,26,2026-09-02,29,forecast,target_po_plan,plan,,175.0,724.0,582.75,8,C,17.0,568.0,empirical_lowo,0.5,C · directional · ±50%,K-60WIP-BAB-FRA-12PK,"Biom 99% Water Hypoallergenic Baby Wipes - Fragrance Free - 720ct: Face & Body Application, Refill Pouch, With Aloe & Vitamin E",D7,7,1.0,READY_FOR_LAUNCH,exact,2026-10-04,199.0,2026-09-27,FY2026 W35
2026-09-27,94928289,528.0,25,2026-09-02,29,forecast,target_po_plan,plan,NO_PO_8WK,0.0,0.0,0.0,0,C,46.0,1503.0,empirical_lowo,0.5,C · directional · ±50%,P-60WIP-DSN-ALP,Biom Plastic Free Plant Based Disinfecting Wipes - Alpine Mint - 60ct,D3-C2,5,12.0,READY_FOR_LAUNCH,exact,2026-09-27,44.0,2026-09-27,FY2026 W35
2026-09-27,94928290,2568.0,25,2026-09-02,29,planned_forward,target_po_plan,plan,PLANNED_FORWARD,740.0,429.0,501.0,8,C,227.0,7304.0,empirical_lowo,0.5,C · directional · ±50%,P-DIS-SS-BRU,Biom Refillable Plant-Based Wipes Dispenser - Brushed Stainless,D3-C2,5,4.0,READY_FOR_LAUNCH,exact,2026-09-27,642.0,2026-09-27,FY2026 W35
2026-09-27,94928291,2016.0,25,2026-09-02,29,forecast,target_po_plan,plan,,912.0,518.0,669.0,8,C,178.0,5735.0,empirical_lowo,0.5,C · directional · ±50%,K-60WIP-DSN-COM-3PK,"Biom Plastic Free Plant Based Disinfecting Wipes - Variety - 3pk/180ct: Ammonia-Free, Paraben-Free, Mint Scent",D3-C2,5,4.0,READY_FOR_LAUNCH,exact,2026-09-27,504.0,2026-09-27,FY2026 W35
2026-09-27,94928292,8904.0,25,2026-09-02,29,forecast,target_po_plan,plan,,528.0,366.0,877.5,8,C,789.0,25322.0,empirical_lowo,0.5,C · directional · ±50%,P-60WIP-DSN-CIT,"Biom Plastic Free Plant Based Disinfecting Wipes - Fresh Citrus - 60ct: Ammonia-Free, Aluminum-Free, Paraben-Free",D3-C2,5,12.0,READY_FOR_LAUNCH,exact,2026-09-27,742.0,2026-09-27,FY2026 W35
2026-09-27,94928293,1940.0,25,2026-09-02,29,forecast,target_po_plan,plan,,1096.0,690.0,1583.5,8,C,171.0,5519.0,empirical_lowo,0.5,C · directional · ±50%,K-60WIP-AP-COM,Biom Plant Based Refillable All Purpose Wipes Variety - 3pk/180ct,D3-C2,5,4.0,READY_FOR_LAUNCH,exact,2026-09-27,485.0,2026-09-27,FY2026 W35
2026-09-27,94979715,576.0,26,2026-09-02,29,forecast,target_po_plan,plan,,384.0,876.0,1344.0,8,C,50.0,1640.0,empirical_lowo,0.5,C · directional · ±50%,P-30WIP-BOD-NAT-TRV,Biom Travel Pack Biodegradable Body Wipes - Naturally Fresh - 30ct,D253-C4,5,24.0,READY_FOR_LAUNCH,exact,2026-09-27,24.0,2026-09-27,FY2026 W35
2026-09-27,94979716,96.0,26,2026-09-02,29,forecast,target_po_plan,plan,,0.0,0.0,369.0,2,C,8.0,275.0,empirical_lowo,0.5,C · directional · ±50%,P-20WIP-SAN-STL-TRV,Biom Travel Pack Biodegradable Hand Sanitizing Wipes - Santal Escape - 20ct,D253-C4,5,24.0,READY_FOR_LAUNCH,exact,2026-09-27,4.0,2026-09-27,FY2026 W35
2026-09-27,94979717,1050.0,26,2026-09-02,29,forecast,target_po_plan,plan,,942.0,883.5,865.5,8,C,92.0,2988.0,empirical_lowo,0.5,C · directional · ±50%,K-6DIS-WHI-1SAN-STL,Biom Mini Dispenser with Biodegradable Hand Sanitizing Wipes - Santal Escape - 40ct,D253-C4,5,6.0,READY_FOR_LAUNCH,exact,2026-09-27,175.0,2026-09-27,FY2026 W35
2026-09-27,94979718,1608.0,26,2026-09-02,29,forecast,target_po_plan,plan,,1800.0,1512.0,1728.0,8,C,142.0,4574.0,empirical_lowo,0.5,C · directional · ±50%,P-40WIP-6IN-SAN-STL,Biom Mini Biodegradable Refillable Hand Sanitizing Wipes - Santal Escape - 40ct,D253-C4,5,24.0,READY_FOR_LAUNCH,exact,2026-09-27,67.0,2026-09-27,FY2026 W35
2026-09-27,95285660,0.0,25,2026-09-02,29,forecast,none,no_signal,NO_SIGNAL,0.0,0.0,0.0,0,C,0.0,0.0,,0.5,C · directional · ±50%,P-60WIP-FLU-FRA-2PK,Biom Flushable Personal Wipes Fragrance Free - 120ct,D253-C6,5,12.0,READY_FOR_ORDER,inferred,2026-09-27,0.0,2026-09-27,FY2026 W35
2026-09-27,95285661,0.0,25,2026-09-02,10,forecast,none,plan_zero_history_positive,PLAN_ZERO_HISTORY_POSITIVE,112.0,28.0,14.0,1,C,0.0,0.0,,0.5,C · directional · ±50%,K-60WIP-FLU-FRA-3Pk,Biom Flushable Personal Wipes Unscented - 180ct,D253-C6,5,4.0,READY_FOR_ORDER,exact,2026-09-27,0.0,2026-09-27,FY2026 W35
2026-09-27,95285662,0.0,25,2026-09-02,29,forecast,none,no_signal,NO_SIGNAL,0.0,0.0,0.0,0,C,0.0,0.0,,0.5,C · directional · ±50%,K-DIS-2FLU-WHI,Biom White Flushable One Handed Kit Personal Wipes Unscented - 120ct,D253-C6,5,4.0,READY_FOR_ORDER,inferred,2026-09-27,0.0,2026-09-27,FY2026 W35
2026-09-27,1010810949,1896.0,26,2026-09-02,29,forecast,target_po_plan,plan,,1728.0,4572.0,2286.0,4,C,167.0,5393.0,empirical_lowo,0.5,C · directional · ±50%,P-40WIP-LIT-FRA,Biom Baby Mini Little Messes Hand Wipes Refills Fragrance Free - 40ct,D7,7,24.0,READY_FOR_LAUNCH,exact,2026-10-04,79.0,2026-09-27,FY2026 W35
2026-09-27,1010810951,480.0,26,2026-09-02,29,forecast,target_po_plan,plan,,330.0,930.0,465.0,3,C,42.0,1367.0,empirical_lowo,0.5,C · directional · ±50%,K-6DIS-PER-1LIT,Biom Refillable Mini Dispenser Little Mess Hand Wipes Periwinkle - 40ct,D7,7,6.0,READY_FOR_LAUNCH,exact,2026-10-04,80.0,2026-09-27,FY2026 W35
2026-09-27,1011278742,0.0,25,2026-09-02,29,forecast,none,no_signal,NO_SIGNAL,0.0,0.0,0.0,0,C,0.0,0.0,,0.5,C · directional · ±50%,P-20WIP-SAN-BER-TRV,Biom Sanitizing Go-Pack Holiday Bergamot Bloom - Hand Wipes - 20ct,D253-C4,5,24.0,READY_FOR_ORDER,exact,2026-09-27,0.0,2026-09-27,FY2026 W35
2026-09-27,1011824789,26268.0,25,2026-09-02,29,planned_forward,target_po_plan,plan,NEW_TCIN_NO_HISTORY|LAUNCH_FILL,0.0,0.0,0.0,0,C,2329.0,74700.0,empirical_lowo,0.5,C · directional · ±50%,P-60WIP-DSN-PIN,Biom Pine Forest Disinfecting Wipes Refill All-Purpose Cleaners - 60ct,D3-C2,5,12.0,READY_FOR_ORDER,unmapped,2026-09-27,2189.0,2026-09-27,FY2026 W35
2026-09-27,1012188490,2592.0,26,2026-09-02,29,planned_forward,target_po_plan,plan,NEW_TCIN_NO_HISTORY|LAUNCH_FILL,0.0,0.0,0.0,0,C,229.0,7373.0,empirical_lowo,0.5,C · directional · ±50%,P-30WIP-LIT-FRA,Biom Little Mess Baby Wipes Go-Pack Unscented - 30ct,D7,7,24.0,READY_FOR_ORDER,exact,2026-10-04,108.0,2026-09-27,FY2026 W35
2026-09-27,1012188491,3648.0,26,2026-09-02,29,planned_forward,target_po_plan,plan,NEW_TCIN_NO_HISTORY|LAUNCH_FILL,0.0,0.0,0.0,0,C,323.0,10376.0,empirical_lowo,0.5,C · directional · ±50%,P-30WIP-BAB-FRA,Biom Baby Wipes Go-Pack Unscented - 30ct,D7,7,24.0,READY_FOR_ORDER,exact,2026-10-04,152.0,2026-09-27,FY2026 W35
2026-09-27,1012914812,0.0,,,,forecast,none,no_signal,NO_SIGNAL,0.0,0.0,0.0,0,C,0.0,0.0,,0.5,C · directional · ±50%,P-20WIP-AP-STL-TRV,Biom Santal Escape Cleaning Wipe Go-Pack All-Purpose Cleaners - 20ct,D3-C2,5,,READY_FOR_ORDER,unmapped,2026-09-27,,2026-09-27,FY2026 W35
2026-09-27,1012914813,0.0,,,,forecast,none,no_signal,NO_SIGNAL,0.0,0.0,0.0,0,C,0.0,0.0,,0.5,C · directional · ±50%,P-20WIP-DSN-CIT-TRV,Biom Fresh Citrus Disinfecting Wipe Go-Pack All-Purpose Cleaners - 20ct,D3-C2,5,,READY_FOR_ORDER,unmapped,2026-09-27,,2026-09-27,FY2026 W35
2026-10-04,89854821,3306.0,32,2026-09-02,29,forecast,target_po_plan,plan,,2154.0,1749.0,1789.5,8,C,292.0,9403.0,empirical_lowo,0.5,C · directional · ±50%,P-DIS-EUC,Biom Refillable Plant-Based Wipes Dispenser - Eucalyptus,D3-C2,5,6.0,READY_FOR_LAUNCH,exact,2026-10-04,551.0,2026-10-04,FY2026 W36
2026-10-04,89854822,0.0,,,,forecast,none,no_signal,NO_SIGNAL,0.0,0.0,0.0,0,C,0.0,0.0,,0.5,C · directional · ±50%,P-60WIP-AP-LAV,"Biom Lavender Ease All Purpose Cleaning Wipes Refill - 60ct: Safe for Sensitive Skin, Contains Naturally Derived Ingredients, Removes Grease",D3-C2,5,12.0,READY_FOR_LAUNCH,exact,2026-10-04,0.0,2026-10-04,FY2026 W36
2026-10-04,89854823,2886.0,32,2026-09-02,29,forecast,target_po_plan,plan,,2340.0,1321.5,1105.5,8,C,255.0,8209.0,empirical_lowo,0.5,C · directional · ±50%,P-DIS-WHI,"Biom Refillable Plant-Based Wipes Dispenser - White: BPA-Free, Multi-Surface Use, Silicone Components",D3-C2,5,6.0,READY_FOR_LAUNCH,exact,2026-10-04,481.0,2026-10-04,FY2026 W36
2026-10-04,89854824,0.0,,,,forecast,none,no_signal,NO_SIGNAL,0.0,0.0,0.0,0,C,0.0,0.0,,0.5,C · directional · ±50%,P-60WIP-AP-GRA,"Biom Grapefruit Zest All Purpose Cleaning Wipes Refill - 60ct: Safe for Sensitive Skin, Contains Naturally Derived Ingredients, Multi-Surface Cleaner",D3-C2,5,12.0,READY_FOR_LAUNCH,exact,2026-10-04,0.0,2026-10-04,FY2026 W36
2026-10-04,89854825,1302.0,32,2026-09-02,29,forecast,target_po_plan,plan,,1320.0,1722.0,1765.5,8,C,115.0,3704.0,empirical_lowo,0.5,C · directional · ±50%,P-DIS-TAN,Biom Refillable Plant-Based Wipes Dispenser - Sand,D3-C2,5,6.0,READY_FOR_LAUNCH,exact,2026-10-04,217.0,2026-10-04,FY2026 W36
2026-10-04,89854826,3612.0,32,2026-09-02,29,forecast,target_po_plan,plan,,1020.0,1401.0,2289.0,8,C,320.0,10273.0,empirical_lowo,0.5,C · directional · ±50%,P-60WIP-AP-STL,Biom Plant Based Refillable All Purpose Wipes - Santal Escape - 60ct,D3-C2,5,12.0,READY_FOR_LAUNCH,exact,2026-10-04,301.0,2026-10-04,FY2026 W36
2026-10-04,93197977,1140.0,32,2026-09-02,29,forecast,target_po_plan,plan,,456.0,498.0,877.5,8,C,100.0,3244.0,empirical_lowo,0.5,C · directional · ±50%,P-60WIP-AP-NER,Biom Plant Based Refillable All Purpose Wipes - Neroli Dream - 60ct,D3-C2,5,12.0,READY_FOR_LAUNCH,exact,2026-10-04,95.0,2026-10-04,FY2026 W36
2026-10-04,93197978,0.0,,,,forecast,none,no_signal,NO_SIGNAL,0.0,0.0,0.0,0,C,0.0,0.0,,0.5,C · directional · ±50%,,Biom Refillable Wipe Dispenser,D3-C2,5,,,unmapped,2026-10-04,,2026-10-04,FY2026 W36
2026-10-04,93197979,2820.0,32,2026-09-02,29,forecast,target_po_plan,plan,,3096.0,2217.0,2322.0,8,C,249.0,8021.0,empirical_lowo,0.5,C · directional · ±50%,P-60WIP-AP-FRA,Biom Plant Based Refillable All Purpose Wipes - Fragrance Free - 60ct,D3-C2,5,12.0,READY_FOR_LAUNCH,exact,2026-10-04,235.0,2026-10-04,FY2026 W36
2026-10-04,94643458,12.0,32,2026-09-02,7,forecast,target_po_plan,plan,,24.0,27.0,24.0,8,C,0.0,36.0,empirical_lowo,0.5,C · directional · ±50%,P-DIS-DGR,"Biom Refillable Wipes Dispenser - Hunter Green: BPA-Free, Silicone Material",D3-C2,5,6.0,READY_FOR_LAUNCH,exact,2026-10-04,2.0,2026-10-04,FY2026 W36
2026-10-04,94643459,18.0,32,2026-09-02,10,forecast,target_po_plan,plan,,36.0,60.0,58.5,8,C,1.0,53.0,empirical_lowo,0.5,C · directional · ±50%,P-DIS-BLK,"Biom Refillable Wipes Dispenser - Black: BPA-Free, Silicone, Cleaning Tools and Accessories",D3-C2,5,6.0,READY_FOR_LAUNCH,exact,2026-10-04,3.0,2026-10-04,FY2026 W36
2026-10-04,94643460,30.0,32,2026-09-02,10,forecast,target_po_plan,plan,,36.0,55.5,53.25,8,C,2.0,87.0,empirical_lowo,0.5,C · directional · ±50%,P-DIS-LGR,"Biom Refillable Wipes Dispenser - Seafoam: BPA-Free, Silicone, 8 Inch Height",D3-C2,5,6.0,READY_FOR_LAUNCH,exact,2026-10-04,5.0,2026-10-04,FY2026 W36
2026-10-04,94723685,0.0,,,,forecast,none,no_signal,NO_SIGNAL,0.0,0.0,0.0,0,C,0.0,0.0,,0.5,C · directional · ±50%,P-60WIP-AP-FIR,"Biom Fraser Fir All-Purpose Cleaning Wipes Refill - 60ct: Removes Dirt, Grease, Multi-Surface Use",D3-C2,5,12.0,READY_FOR_LAUNCH,exact,2026-10-04,0.0,2026-10-04,FY2026 W36
2026-10-04,94723686,0.0,,,,forecast,none,no_signal,NO_SIGNAL,0.0,0.0,0.0,0,C,0.0,0.0,,0.5,C · directional · ±50%,P-60WIP-AP-PEP,Biom Peppermint All-Purpose Cleaning Wipes Refill - 60ct,D3-C2,5,12.0,READY_FOR_LAUNCH,exact,2026-10-04,0.0,2026-10-04,FY2026 W36
2026-10-04,94723687,0.0,,,,forecast,none,no_signal,NO_SIGNAL,0.0,0.0,0.0,0,C,0.0,0.0,,0.5,C · directional · ±50%,P-6DIS-WHI,"Biom Mini Refillable Wipe Dispenser - Bone: BPA-Free, Silicone, 6 Height",D3-C2,5,6.0,READY_FOR_LAUNCH,exact,2026-10-04,0.0,2026-10-04,FY2026 W36
2026-10-04,94723688,0.0,32,2026-09-02,10,forecast,none,no_signal,NO_SIGNAL,0.0,0.0,0.0,0,C,0.0,0.0,,0.5,C · directional · ±50%,P-DIS-TER,Biom Refillable Plant-Based Wipes Dispenser - Terracotta,D3-C2,5,6.0,READY_FOR_LAUNCH,exact,2026-10-04,0.0,2026-10-04,FY2026 W36
2026-10-04,94723689,0.0,,,,forecast,none,no_signal,NO_SIGNAL,0.0,0.0,0.0,0,C,0.0,0.0,,0.5,C · directional · ±50%,P-40WIP-6IN-AP-VAN,"Biom Tres Vanille All-Purpose Cleaning Mini Wipes - 40ct: Refill Pouch, Removes Dirt",D3-C2,5,12.0,READY_FOR_LAUNCH,exact,2026-10-04,0.0,2026-10-04,FY2026 W36
2026-10-04,94799734,280.0,33,2026-09-02,29,forecast,target_po_plan,plan,,80.0,242.0,386.5,8,C,24.0,798.0,empirical_lowo,0.5,C · directional · ±50%,K-DIS-2BAB-WHI,"Biom 99% Water Hypoallergenic Baby Starter Kit - White - Fragrance Free - 120 wipes: Face, Hands, Nose, Whole Body, Diaper Area",D7,7,4.0,READY_FOR_LAUNCH,exact,2026-10-11,70.0,2026-10-04,FY2026 W36
2026-10-04,94799736,0.0,32,2026-09-02,29,forecast,none,plan_zero_history_positive,PLAN_ZERO_HISTORY_POSITIVE,0.0,0.0,200.0,4,C,0.0,0.0,,0.5,C · directional · ±50%,K-DIS-2BAB-LGR,"Biom 99% Water Hypoallergenic Baby Starter Kit - Seafoam Green - Fragrance Free - 120ct: Refillable, Alcohol-Free, Aloe & Vitamin E",D7,7,4.0,READY_FOR_LAUNCH,exact,2026-10-11,0.0,2026-10-04,FY2026 W36
2026-10-04,94799737,888.0,33,2026-09-02,29,forecast,target_po_plan,plan,,396.0,1173.0,1992.0,8,C,78.0,2527.0,empirical_lowo,0.5,C · directional · ±50%,P-60WIP-BAB-FRA,"Biom 99% Water Hypoallergenic Baby Wipes - Fragrance Free - 60ct: Alcohol-Free, Contains Aloe, Refill Pouch",D7,7,12.0,READY_FOR_LAUNCH,exact,2026-10-11,74.0,2026-10-04,FY2026 W36
2026-10-04,94799738,0.0,32,2026-09-02,29,forecast,none,plan_zero_history_positive,PLAN_ZERO_HISTORY_POSITIVE,0.0,0.0,31.0,4,C,0.0,0.0,,0.5,C · directional · ±50%,K-DIS-2BAB-PUR,"Biom 99% Water Hypoallergenic Baby Starter Kit - Lilac - Fragrance Free - 120ct: Refillable Container, Contains Aloe, Contains Vitamin E",D7,7,6.0,READY_FOR_LAUNCH,exact,2026-10-11,0.0,2026-10-04,FY2026 W36
2026-10-04,94799739,297.0,33,2026-09-02,29,forecast,target_po_plan,plan,,153.0,650.25,998.625,8,C,25.0,846.0,empirical_lowo,0.5,C · directional · ±50%,K-60WIP-BAB-FRA-4PK,"Biom 99% Water Hypoallergenic Baby Wipes -Fragrance Free - 240ct: Face, Hands, Nose, Whole Body, Diaper Area",D7,7,3.0,READY_FOR_LAUNCH,exact,2026-10-11,99.0,2026-10-04,FY2026 W36
2026-10-04,94799740,189.0,33,2026-09-02,29,forecast,target_po_plan,plan,,175.0,724.0,582.75,8,C,16.0,539.0,empirical_lowo,0.5,C · directional · ±50%,K-60WIP-BAB-FRA-12PK,"Biom 99% Water Hypoallergenic Baby Wipes - Fragrance Free - 720ct: Face & Body Application, Refill Pouch, With Aloe & Vitamin E",D7,7,1.0,READY_FOR_LAUNCH,exact,2026-10-11,189.0,2026-10-04,FY2026 W36
2026-10-04,94928289,1356.0,32,2026-09-02,29,forecast,target_po_plan,plan,NO_PO_8WK,0.0,0.0,0.0,0,C,119.0,3858.0,empirical_lowo,0.5,C · directional · ±50%,P-60WIP-DSN-ALP,Biom Plastic Free Plant Based Disinfecting Wipes - Alpine Mint - 60ct,D3-C2,5,12.0,READY_FOR_LAUNCH,exact,2026-10-04,113.0,2026-10-04,FY2026 W36
2026-10-04,94928290,3072.0,32,2026-09-02,29,planned_forward,target_po_plan,plan,PLANNED_FORWARD,740.0,429.0,501.0,8,C,272.0,8738.0,empirical_lowo,0.5,C · directional · ±50%,P-DIS-SS-BRU,Biom Refillable Plant-Based Wipes Dispenser - Brushed Stainless,D3-C2,5,4.0,READY_FOR_LAUNCH,exact,2026-10-04,768.0,2026-10-04,FY2026 W36
2026-10-04,94928291,1900.0,32,2026-09-02,29,forecast,target_po_plan,plan,,912.0,518.0,669.0,8,C,168.0,5405.0,empirical_lowo,0.5,C · directional · ±50%,K-60WIP-DSN-COM-3PK,"Biom Plastic Free Plant Based Disinfecting Wipes - Variety - 3pk/180ct: Ammonia-Free, Paraben-Free, Mint Scent",D3-C2,5,4.0,READY_FOR_LAUNCH,exact,2026-10-04,475.0,2026-10-04,FY2026 W36
2026-10-04,94928292,9840.0,32,2026-09-02,29,forecast,target_po_plan,plan,,528.0,366.0,877.5,8,C,872.0,27984.0,empirical_lowo,0.5,C · directional · ±50%,P-60WIP-DSN-CIT,"Biom Plastic Free Plant Based Disinfecting Wipes - Fresh Citrus - 60ct: Ammonia-Free, Aluminum-Free, Paraben-Free",D3-C2,5,12.0,READY_FOR_LAUNCH,exact,2026-10-04,820.0,2026-10-04,FY2026 W36
2026-10-04,94928293,1924.0,32,2026-09-02,29,forecast,target_po_plan,plan,,1096.0,690.0,1583.5,8,C,170.0,5473.0,empirical_lowo,0.5,C · directional · ±50%,K-60WIP-AP-COM,Biom Plant Based Refillable All Purpose Wipes Variety - 3pk/180ct,D3-C2,5,4.0,READY_FOR_LAUNCH,exact,2026-10-04,481.0,2026-10-04,FY2026 W36
2026-10-04,94979715,456.0,33,2026-09-02,29,forecast,target_po_plan,plan,,384.0,876.0,1344.0,8,C,40.0,1299.0,empirical_lowo,0.5,C · directional · ±50%,P-30WIP-BOD-NAT-TRV,Biom Travel Pack Biodegradable Body Wipes - Naturally Fresh - 30ct,D253-C4,5,24.0,READY_FOR_LAUNCH,exact,2026-10-04,19.0,2026-10-04,FY2026 W36
2026-10-04,94979716,96.0,33,2026-09-02,29,forecast,target_po_plan,plan,,0.0,0.0,369.0,2,C,8.0,275.0,empirical_lowo,0.5,C · directional · ±50%,P-20WIP-SAN-STL-TRV,Biom Travel Pack Biodegradable Hand Sanitizing Wipes - Santal Escape - 20ct,D253-C4,5,24.0,READY_FOR_LAUNCH,exact,2026-10-04,4.0,2026-10-04,FY2026 W36
2026-10-04,94979717,960.0,33,2026-09-02,29,forecast,target_po_plan,plan,,942.0,883.5,865.5,8,C,84.0,2732.0,empirical_lowo,0.5,C · directional · ±50%,K-6DIS-WHI-1SAN-STL,Biom Mini Dispenser with Biodegradable Hand Sanitizing Wipes - Santal Escape - 40ct,D253-C4,5,6.0,READY_FOR_LAUNCH,exact,2026-10-04,160.0,2026-10-04,FY2026 W36
2026-10-04,94979718,1344.0,33,2026-09-02,29,forecast,target_po_plan,plan,,1800.0,1512.0,1728.0,8,C,118.0,3824.0,empirical_lowo,0.5,C · directional · ±50%,P-40WIP-6IN-SAN-STL,Biom Mini Biodegradable Refillable Hand Sanitizing Wipes - Santal Escape - 40ct,D253-C4,5,24.0,READY_FOR_LAUNCH,exact,2026-10-04,56.0,2026-10-04,FY2026 W36
2026-10-04,95285660,36360.0,33,2026-09-02,29,planned_forward,target_po_plan,plan,NEW_TCIN_NO_HISTORY|LAUNCH_FILL,0.0,0.0,0.0,0,C,3225.0,103398.0,empirical_lowo,0.5,C · directional · ±50%,P-60WIP-FLU-FRA-2PK,Biom Flushable Personal Wipes Fragrance Free - 120ct,D253-C6,5,12.0,READY_FOR_ORDER,inferred,2026-10-04,3030.0,2026-10-04,FY2026 W36
2026-10-04,95285661,0.0,32,2026-09-02,10,forecast,none,plan_zero_history_positive,PLAN_ZERO_HISTORY_POSITIVE,112.0,28.0,14.0,1,C,0.0,0.0,,0.5,C · directional · ±50%,K-60WIP-FLU-FRA-3Pk,Biom Flushable Personal Wipes Unscented - 180ct,D253-C6,5,4.0,READY_FOR_ORDER,exact,2026-10-04,0.0,2026-10-04,FY2026 W36
2026-10-04,95285662,7916.0,33,2026-09-02,29,planned_forward,target_po_plan,plan,NEW_TCIN_NO_HISTORY|LAUNCH_FILL,0.0,0.0,0.0,0,C,701.0,22512.0,empirical_lowo,0.5,C · directional · ±50%,K-DIS-2FLU-WHI,Biom White Flushable One Handed Kit Personal Wipes Unscented - 120ct,D253-C6,5,4.0,READY_FOR_ORDER,inferred,2026-10-04,1979.0,2026-10-04,FY2026 W36
2026-10-04,1010810949,1944.0,33,2026-09-02,29,forecast,target_po_plan,plan,,1728.0,4572.0,2286.0,4,C,172.0,5530.0,empirical_lowo,0.5,C · directional · ±50%,P-40WIP-LIT-FRA,Biom Baby Mini Little Messes Hand Wipes Refills Fragrance Free - 40ct,D7,7,24.0,READY_FOR_LAUNCH,exact,2026-10-11,81.0,2026-10-04,FY2026 W36
2026-10-04,1010810951,408.0,33,2026-09-02,29,forecast,target_po_plan,plan,,330.0,930.0,465.0,3,C,35.0,1162.0,empirical_lowo,0.5,C · directional · ±50%,K-6DIS-PER-1LIT,Biom Refillable Mini Dispenser Little Mess Hand Wipes Periwinkle - 40ct,D7,7,6.0,READY_FOR_LAUNCH,exact,2026-10-11,68.0,2026-10-04,FY2026 W36
2026-10-04,1011278742,0.0,32,2026-09-02,29,forecast,none,no_signal,NO_SIGNAL,0.0,0.0,0.0,0,C,0.0,0.0,,0.5,C · directional · ±50%,P-20WIP-SAN-BER-TRV,Biom Sanitizing Go-Pack Holiday Bergamot Bloom - Hand Wipes - 20ct,D253-C4,5,24.0,READY_FOR_ORDER,exact,2026-10-04,0.0,2026-10-04,FY2026 W36
2026-10-04,1011824789,10308.0,32,2026-09-02,29,planned_forward,target_po_plan,plan,NEW_TCIN_NO_HISTORY|LAUNCH_FILL,0.0,0.0,0.0,0,C,914.0,29314.0,empirical_lowo,0.5,C · directional · ±50%,P-60WIP-DSN-PIN,Biom Pine Forest Disinfecting Wipes Refill All-Purpose Cleaners - 60ct,D3-C2,5,12.0,READY_FOR_ORDER,unmapped,2026-10-04,859.0,2026-10-04,FY2026 W36
2026-10-04,1012188490,1488.0,33,2026-09-02,29,planned_forward,target_po_plan,plan,NEW_TCIN_NO_HISTORY|LAUNCH_FILL,0.0,0.0,0.0,0,C,131.0,4233.0,empirical_lowo,0.5,C · directional · ±50%,P-30WIP-LIT-FRA,Biom Little Mess Baby Wipes Go-Pack Unscented - 30ct,D7,7,24.0,READY_FOR_ORDER,exact,2026-10-11,62.0,2026-10-04,FY2026 W36
2026-10-04,1012188491,2088.0,33,2026-09-02,29,planned_forward,target_po_plan,plan,NEW_TCIN_NO_HISTORY|LAUNCH_FILL,0.0,0.0,0.0,0,C,184.0,5939.0,empirical_lowo,0.5,C · directional · ±50%,P-30WIP-BAB-FRA,Biom Baby Wipes Go-Pack Unscented - 30ct,D7,7,24.0,READY_FOR_ORDER,exact,2026-10-11,87.0,2026-10-04,FY2026 W36
2026-10-04,1012914812,0.0,,,,forecast,none,no_signal,NO_SIGNAL,0.0,0.0,0.0,0,C,0.0,0.0,,0.5,C · directional · ±50%,P-20WIP-AP-STL-TRV,Biom Santal Escape Cleaning Wipe Go-Pack All-Purpose Cleaners - 20ct,D3-C2,5,,READY_FOR_ORDER,unmapped,2026-10-04,,2026-10-04,FY2026 W36
2026-10-04,1012914813,0.0,,,,forecast,none,no_signal,NO_SIGNAL,0.0,0.0,0.0,0,C,0.0,0.0,,0.5,C · directional · ±50%,P-20WIP-DSN-CIT-TRV,Biom Fresh Citrus Disinfecting Wipe Go-Pack All-Purpose Cleaners - 20ct,D3-C2,5,,READY_FOR_ORDER,unmapped,2026-10-04,,2026-10-04,FY2026 W36
2026-10-11,89854821,7920.0,39,2026-09-02,29,planned_forward,target_po_plan,plan,PLANNED_FORWARD,2154.0,1749.0,1789.5,8,C,702.0,22524.0,empirical_lowo,0.5,C · directional · ±50%,P-DIS-EUC,Biom Refillable Plant-Based Wipes Dispenser - Eucalyptus,D3-C2,5,6.0,READY_FOR_LAUNCH,exact,2026-10-11,1320.0,2026-10-11,FY2026 W37
2026-10-11,89854822,0.0,,,,forecast,none,no_signal,NO_SIGNAL,0.0,0.0,0.0,0,C,0.0,0.0,,0.5,C · directional · ±50%,P-60WIP-AP-LAV,"Biom Lavender Ease All Purpose Cleaning Wipes Refill - 60ct: Safe for Sensitive Skin, Contains Naturally Derived Ingredients, Removes Grease",D3-C2,5,12.0,READY_FOR_LAUNCH,exact,2026-10-11,0.0,2026-10-11,FY2026 W37
2026-10-11,89854823,7020.0,39,2026-09-02,29,planned_forward,target_po_plan,plan,PLANNED_FORWARD,2340.0,1321.5,1105.5,8,C,622.0,19964.0,empirical_lowo,0.5,C · directional · ±50%,P-DIS-WHI,"Biom Refillable Plant-Based Wipes Dispenser - White: BPA-Free, Multi-Surface Use, Silicone Components",D3-C2,5,6.0,READY_FOR_LAUNCH,exact,2026-10-11,1170.0,2026-10-11,FY2026 W37
2026-10-11,89854824,0.0,,,,forecast,none,no_signal,NO_SIGNAL,0.0,0.0,0.0,0,C,0.0,0.0,,0.5,C · directional · ±50%,P-60WIP-AP-GRA,"Biom Grapefruit Zest All Purpose Cleaning Wipes Refill - 60ct: Safe for Sensitive Skin, Contains Naturally Derived Ingredients, Multi-Surface Cleaner",D3-C2,5,12.0,READY_FOR_LAUNCH,exact,2026-10-11,0.0,2026-10-11,FY2026 W37
2026-10-11,89854825,1398.0,39,2026-09-02,29,forecast,target_po_plan,plan,,1320.0,1722.0,1765.5,8,C,123.0,3977.0,empirical_lowo,0.5,C · directional · ±50%,P-DIS-TAN,Biom Refillable Plant-Based Wipes Dispenser - Sand,D3-C2,5,6.0,READY_FOR_LAUNCH,exact,2026-10-11,233.0,2026-10-11,FY2026 W37
2026-10-11,89854826,3864.0,39,2026-09-02,29,forecast,target_po_plan,plan,,1020.0,1401.0,2289.0,8,C,342.0,10990.0,empirical_lowo,0.5,C · directional · ±50%,P-60WIP-AP-STL,Biom Plant Based Refillable All Purpose Wipes - Santal Escape - 60ct,D3-C2,5,12.0,READY_FOR_LAUNCH,exact,2026-10-11,322.0,2026-10-11,FY2026 W37
2026-10-11,93197977,1200.0,39,2026-09-02,29,forecast,target_po_plan,plan,,456.0,498.0,877.5,8,C,106.0,3414.0,empirical_lowo,0.5,C · directional · ±50%,P-60WIP-AP-NER,Biom Plant Based Refillable All Purpose Wipes - Neroli Dream - 60ct,D3-C2,5,12.0,READY_FOR_LAUNCH,exact,2026-10-11,100.0,2026-10-11,FY2026 W37
2026-10-11,93197978,0.0,,,,forecast,none,no_signal,NO_SIGNAL,0.0,0.0,0.0,0,C,0.0,0.0,,0.5,C · directional · ±50%,,Biom Refillable Wipe Dispenser,D3-C2,5,,,unmapped,2026-10-11,,2026-10-11,FY2026 W37
2026-10-11,93197979,2796.0,39,2026-09-02,29,forecast,target_po_plan,plan,,3096.0,2217.0,2322.0,8,C,247.0,7953.0,empirical_lowo,0.5,C · directional · ±50%,P-60WIP-AP-FRA,Biom Plant Based Refillable All Purpose Wipes - Fragrance Free - 60ct,D3-C2,5,12.0,READY_FOR_LAUNCH,exact,2026-10-11,233.0,2026-10-11,FY2026 W37
2026-10-11,94643458,12.0,39,2026-09-02,7,forecast,target_po_plan,plan,,24.0,27.0,24.0,8,C,0.0,36.0,empirical_lowo,0.5,C · directional · ±50%,P-DIS-DGR,"Biom Refillable Wipes Dispenser - Hunter Green: BPA-Free, Silicone Material",D3-C2,5,6.0,READY_FOR_LAUNCH,exact,2026-10-11,2.0,2026-10-11,FY2026 W37
2026-10-11,94643459,18.0,39,2026-09-02,10,forecast,target_po_plan,plan,,36.0,60.0,58.5,8,C,1.0,53.0,empirical_lowo,0.5,C · directional · ±50%,P-DIS-BLK,"Biom Refillable Wipes Dispenser - Black: BPA-Free, Silicone, Cleaning Tools and Accessories",D3-C2,5,6.0,READY_FOR_LAUNCH,exact,2026-10-11,3.0,2026-10-11,FY2026 W37
2026-10-11,94643460,24.0,39,2026-09-02,10,forecast,target_po_plan,plan,,36.0,55.5,53.25,8,C,1.0,70.0,empirical_lowo,0.5,C · directional · ±50%,P-DIS-LGR,"Biom Refillable Wipes Dispenser - Seafoam: BPA-Free, Silicone, 8 Inch Height",D3-C2,5,6.0,READY_FOR_LAUNCH,exact,2026-10-11,4.0,2026-10-11,FY2026 W37
2026-10-11,94723685,0.0,,,,forecast,none,no_signal,NO_SIGNAL,0.0,0.0,0.0,0,C,0.0,0.0,,0.5,C · directional · ±50%,P-60WIP-AP-FIR,"Biom Fraser Fir All-Purpose Cleaning Wipes Refill - 60ct: Removes Dirt, Grease, Multi-Surface Use",D3-C2,5,12.0,READY_FOR_LAUNCH,exact,2026-10-11,0.0,2026-10-11,FY2026 W37
2026-10-11,94723686,0.0,,,,forecast,none,no_signal,NO_SIGNAL,0.0,0.0,0.0,0,C,0.0,0.0,,0.5,C · directional · ±50%,P-60WIP-AP-PEP,Biom Peppermint All-Purpose Cleaning Wipes Refill - 60ct,D3-C2,5,12.0,READY_FOR_LAUNCH,exact,2026-10-11,0.0,2026-10-11,FY2026 W37
2026-10-11,94723687,0.0,,,,forecast,none,no_signal,NO_SIGNAL,0.0,0.0,0.0,0,C,0.0,0.0,,0.5,C · directional · ±50%,P-6DIS-WHI,"Biom Mini Refillable Wipe Dispenser - Bone: BPA-Free, Silicone, 6 Height",D3-C2,5,6.0,READY_FOR_LAUNCH,exact,2026-10-11,0.0,2026-10-11,FY2026 W37
2026-10-11,94723688,0.0,39,2026-09-02,10,forecast,none,no_signal,NO_SIGNAL,0.0,0.0,0.0,0,C,0.0,0.0,,0.5,C · directional · ±50%,P-DIS-TER,Biom Refillable Plant-Based Wipes Dispenser - Terracotta,D3-C2,5,6.0,READY_FOR_LAUNCH,exact,2026-10-11,0.0,2026-10-11,FY2026 W37
2026-10-11,94723689,0.0,,,,forecast,none,no_signal,NO_SIGNAL,0.0,0.0,0.0,0,C,0.0,0.0,,0.5,C · directional · ±50%,P-40WIP-6IN-AP-VAN,"Biom Tres Vanille All-Purpose Cleaning Mini Wipes - 40ct: Refill Pouch, Removes Dirt",D3-C2,5,12.0,READY_FOR_LAUNCH,exact,2026-10-11,0.0,2026-10-11,FY2026 W37
2026-10-11,94799734,276.0,40,2026-09-02,29,forecast,target_po_plan,plan,,80.0,242.0,386.5,8,C,24.0,787.0,empirical_lowo,0.5,C · directional · ±50%,K-DIS-2BAB-WHI,"Biom 99% Water Hypoallergenic Baby Starter Kit - White - Fragrance Free - 120 wipes: Face, Hands, Nose, Whole Body, Diaper Area",D7,7,4.0,READY_FOR_LAUNCH,exact,2026-10-18,69.0,2026-10-11,FY2026 W37
2026-10-11,94799736,0.0,39,2026-09-02,29,forecast,none,plan_zero_history_positive,PLAN_ZERO_HISTORY_POSITIVE,0.0,0.0,200.0,4,C,0.0,0.0,,0.5,C · directional · ±50%,K-DIS-2BAB-LGR,"Biom 99% Water Hypoallergenic Baby Starter Kit - Seafoam Green - Fragrance Free - 120ct: Refillable, Alcohol-Free, Aloe & Vitamin E",D7,7,4.0,READY_FOR_LAUNCH,exact,2026-10-18,0.0,2026-10-11,FY2026 W37
2026-10-11,94799737,1104.0,40,2026-09-02,29,forecast,target_po_plan,plan,,396.0,1173.0,1992.0,8,C,97.0,3141.0,empirical_lowo,0.5,C · directional · ±50%,P-60WIP-BAB-FRA,"Biom 99% Water Hypoallergenic Baby Wipes - Fragrance Free - 60ct: Alcohol-Free, Contains Aloe, Refill Pouch",D7,7,12.0,READY_FOR_LAUNCH,exact,2026-10-18,92.0,2026-10-11,FY2026 W37
2026-10-11,94799738,0.0,39,2026-09-02,29,forecast,none,plan_zero_history_positive,PLAN_ZERO_HISTORY_POSITIVE,0.0,0.0,31.0,4,C,0.0,0.0,,0.5,C · directional · ±50%,K-DIS-2BAB-PUR,"Biom 99% Water Hypoallergenic Baby Starter Kit - Lilac - Fragrance Free - 120ct: Refillable Container, Contains Aloe, Contains Vitamin E",D7,7,6.0,READY_FOR_LAUNCH,exact,2026-10-18,0.0,2026-10-11,FY2026 W37
2026-10-11,94799739,333.0,40,2026-09-02,29,forecast,target_po_plan,plan,,153.0,650.25,998.625,8,C,29.0,949.0,empirical_lowo,0.5,C · directional · ±50%,K-60WIP-BAB-FRA-4PK,"Biom 99% Water Hypoallergenic Baby Wipes -Fragrance Free - 240ct: Face, Hands, Nose, Whole Body, Diaper Area",D7,7,3.0,READY_FOR_LAUNCH,exact,2026-10-18,111.0,2026-10-11,FY2026 W37
2026-10-11,94799740,208.0,40,2026-09-02,29,forecast,target_po_plan,plan,,175.0,724.0,582.75,8,C,18.0,593.0,empirical_lowo,0.5,C · directional · ±50%,K-60WIP-BAB-FRA-12PK,"Biom 99% Water Hypoallergenic Baby Wipes - Fragrance Free - 720ct: Face & Body Application, Refill Pouch, With Aloe & Vitamin E",D7,7,1.0,READY_FOR_LAUNCH,exact,2026-10-18,208.0,2026-10-11,FY2026 W37
2026-10-11,94928289,6888.0,39,2026-09-02,29,forecast,target_po_plan,plan,NO_PO_8WK,0.0,0.0,0.0,0,C,610.0,19589.0,empirical_lowo,0.5,C · directional · ±50%,P-60WIP-DSN-ALP,Biom Plastic Free Plant Based Disinfecting Wipes - Alpine Mint - 60ct,D3-C2,5,12.0,READY_FOR_LAUNCH,exact,2026-10-11,574.0,2026-10-11,FY2026 W37
2026-10-11,94928290,8636.0,39,2026-09-02,29,planned_forward,target_po_plan,plan,PLANNED_FORWARD,740.0,429.0,501.0,8,C,765.0,24560.0,empirical_lowo,0.5,C · directional · ±50%,P-DIS-SS-BRU,Biom Refillable Plant-Based Wipes Dispenser - Brushed Stainless,D3-C2,5,4.0,READY_FOR_LAUNCH,exact,2026-10-11,2159.0,2026-10-11,FY2026 W37
2026-10-11,94928291,2144.0,39,2026-09-02,29,forecast,target_po_plan,plan,,912.0,518.0,669.0,8,C,189.0,6099.0,empirical_lowo,0.5,C · directional · ±50%,K-60WIP-DSN-COM-3PK,"Biom Plastic Free Plant Based Disinfecting Wipes - Variety - 3pk/180ct: Ammonia-Free, Paraben-Free, Mint Scent",D3-C2,5,4.0,READY_FOR_LAUNCH,exact,2026-10-11,536.0,2026-10-11,FY2026 W37
2026-10-11,94928292,26412.0,39,2026-09-02,29,planned_forward,target_po_plan,plan,PLANNED_FORWARD,528.0,366.0,877.5,8,C,2342.0,75109.0,empirical_lowo,0.5,C · directional · ±50%,P-60WIP-DSN-CIT,"Biom Plastic Free Plant Based Disinfecting Wipes - Fresh Citrus - 60ct: Ammonia-Free, Aluminum-Free, Paraben-Free",D3-C2,5,12.0,READY_FOR_LAUNCH,exact,2026-10-11,2201.0,2026-10-11,FY2026 W37
2026-10-11,94928293,2004.0,39,2026-09-02,29,forecast,target_po_plan,plan,,1096.0,690.0,1583.5,8,C,177.0,5701.0,empirical_lowo,0.5,C · directional · ±50%,K-60WIP-AP-COM,Biom Plant Based Refillable All Purpose Wipes Variety - 3pk/180ct,D3-C2,5,4.0,READY_FOR_LAUNCH,exact,2026-10-11,501.0,2026-10-11,FY2026 W37
2026-10-11,94979715,528.0,40,2026-09-02,29,forecast,target_po_plan,plan,,384.0,876.0,1344.0,8,C,46.0,1503.0,empirical_lowo,0.5,C · directional · ±50%,P-30WIP-BOD-NAT-TRV,Biom Travel Pack Biodegradable Body Wipes - Naturally Fresh - 30ct,D253-C4,5,24.0,READY_FOR_LAUNCH,exact,2026-10-11,22.0,2026-10-11,FY2026 W37
2026-10-11,94979716,96.0,40,2026-09-02,29,forecast,target_po_plan,plan,,0.0,0.0,369.0,2,C,8.0,275.0,empirical_lowo,0.5,C · directional · ±50%,P-20WIP-SAN-STL-TRV,Biom Travel Pack Biodegradable Hand Sanitizing Wipes - Santal Escape - 20ct,D253-C4,5,24.0,READY_FOR_LAUNCH,exact,2026-10-11,4.0,2026-10-11,FY2026 W37
2026-10-11,94979717,930.0,40,2026-09-02,29,forecast,target_po_plan,plan,,942.0,883.5,865.5,8,C,82.0,2646.0,empirical_lowo,0.5,C · directional · ±50%,K-6DIS-WHI-1SAN-STL,Biom Mini Dispenser with Biodegradable Hand Sanitizing Wipes - Santal Escape - 40ct,D253-C4,5,6.0,READY_FOR_LAUNCH,exact,2026-10-11,155.0,2026-10-11,FY2026 W37
2026-10-11,94979718,1536.0,40,2026-09-02,29,forecast,target_po_plan,plan,,1800.0,1512.0,1728.0,8,C,135.0,4370.0,empirical_lowo,0.5,C · directional · ±50%,P-40WIP-6IN-SAN-STL,Biom Mini Biodegradable Refillable Hand Sanitizing Wipes - Santal Escape - 40ct,D253-C4,5,24.0,READY_FOR_LAUNCH,exact,2026-10-11,64.0,2026-10-11,FY2026 W37
2026-10-11,95285660,15528.0,40,2026-09-02,29,planned_forward,target_po_plan,plan,NEW_TCIN_NO_HISTORY|LAUNCH_FILL,0.0,0.0,0.0,0,C,1377.0,44158.0,empirical_lowo,0.5,C · directional · ±50%,P-60WIP-FLU-FRA-2PK,Biom Flushable Personal Wipes Fragrance Free - 120ct,D253-C6,5,12.0,READY_FOR_ORDER,inferred,2026-10-11,1294.0,2026-10-11,FY2026 W37
2026-10-11,95285661,0.0,39,2026-09-02,10,forecast,none,plan_zero_history_positive,PLAN_ZERO_HISTORY_POSITIVE,112.0,28.0,14.0,1,C,0.0,0.0,,0.5,C · directional · ±50%,K-60WIP-FLU-FRA-3Pk,Biom Flushable Personal Wipes Unscented - 180ct,D253-C6,5,4.0,READY_FOR_ORDER,exact,2026-10-11,0.0,2026-10-11,FY2026 W37
2026-10-11,95285662,3044.0,40,2026-09-02,29,planned_forward,target_po_plan,plan,NEW_TCIN_NO_HISTORY|LAUNCH_FILL,0.0,0.0,0.0,0,C,269.0,8658.0,empirical_lowo,0.5,C · directional · ±50%,K-DIS-2FLU-WHI,Biom White Flushable One Handed Kit Personal Wipes Unscented - 120ct,D253-C6,5,4.0,READY_FOR_ORDER,inferred,2026-10-11,761.0,2026-10-11,FY2026 W37
2026-10-11,1010810949,2592.0,40,2026-09-02,29,forecast,target_po_plan,plan,,1728.0,4572.0,2286.0,4,C,229.0,7373.0,empirical_lowo,0.5,C · directional · ±50%,P-40WIP-LIT-FRA,Biom Baby Mini Little Messes Hand Wipes Refills Fragrance Free - 40ct,D7,7,24.0,READY_FOR_LAUNCH,exact,2026-10-18,108.0,2026-10-11,FY2026 W37
2026-10-11,1010810951,516.0,40,2026-09-02,29,forecast,target_po_plan,plan,,330.0,930.0,465.0,3,C,45.0,1469.0,empirical_lowo,0.5,C · directional · ±50%,K-6DIS-PER-1LIT,Biom Refillable Mini Dispenser Little Mess Hand Wipes Periwinkle - 40ct,D7,7,6.0,READY_FOR_LAUNCH,exact,2026-10-18,86.0,2026-10-11,FY2026 W37
2026-10-11,1011278742,0.0,39,2026-09-02,29,forecast,none,no_signal,NO_SIGNAL,0.0,0.0,0.0,0,C,0.0,0.0,,0.5,C · directional · ±50%,P-20WIP-SAN-BER-TRV,Biom Sanitizing Go-Pack Holiday Bergamot Bloom - Hand Wipes - 20ct,D253-C4,5,24.0,READY_FOR_ORDER,exact,2026-10-11,0.0,2026-10-11,FY2026 W37
2026-10-11,1011824789,48.0,39,2026-09-02,29,planned_forward,target_po_plan,plan,NEW_TCIN_NO_HISTORY|LAUNCH_FILL,0.0,0.0,0.0,0,C,3.0,138.0,empirical_lowo,0.5,C · directional · ±50%,P-60WIP-DSN-PIN,Biom Pine Forest Disinfecting Wipes Refill All-Purpose Cleaners - 60ct,D3-C2,5,12.0,READY_FOR_ORDER,unmapped,2026-10-11,4.0,2026-10-11,FY2026 W37
2026-10-11,1012188490,0.0,39,2026-09-02,29,forecast,none,no_signal,NO_SIGNAL,0.0,0.0,0.0,0,C,0.0,0.0,,0.5,C · directional · ±50%,P-30WIP-LIT-FRA,Biom Little Mess Baby Wipes Go-Pack Unscented - 30ct,D7,7,24.0,READY_FOR_ORDER,exact,2026-10-18,0.0,2026-10-11,FY2026 W37
2026-10-11,1012188491,0.0,39,2026-09-02,29,forecast,none,no_signal,NO_SIGNAL,0.0,0.0,0.0,0,C,0.0,0.0,,0.5,C · directional · ±50%,P-30WIP-BAB-FRA,Biom Baby Wipes Go-Pack Unscented - 30ct,D7,7,24.0,READY_FOR_ORDER,exact,2026-10-18,0.0,2026-10-11,FY2026 W37
2026-10-11,1012914812,0.0,,,,forecast,none,no_signal,NO_SIGNAL,0.0,0.0,0.0,0,C,0.0,0.0,,0.5,C · directional · ±50%,P-20WIP-AP-STL-TRV,Biom Santal Escape Cleaning Wipe Go-Pack All-Purpose Cleaners - 20ct,D3-C2,5,,READY_FOR_ORDER,unmapped,2026-10-11,,2026-10-11,FY2026 W37
2026-10-11,1012914813,0.0,,,,forecast,none,no_signal,NO_SIGNAL,0.0,0.0,0.0,0,C,0.0,0.0,,0.5,C · directional · ±50%,P-20WIP-DSN-CIT-TRV,Biom Fresh Citrus Disinfecting Wipe Go-Pack All-Purpose Cleaners - 20ct,D3-C2,5,,READY_FOR_ORDER,unmapped,2026-10-11,,2026-10-11,FY2026 W37
2026-10-18,89854821,5004.0,46,2026-09-02,29,forecast,target_po_plan,plan,,2154.0,1749.0,1789.5,8,C,443.0,14232.0,empirical_lowo,0.5,C · directional · ±50%,P-DIS-EUC,Biom Refillable Plant-Based Wipes Dispenser - Eucalyptus,D3-C2,5,6.0,READY_FOR_LAUNCH,exact,2026-10-18,834.0,2026-10-18,FY2026 W38
2026-10-18,89854822,0.0,,,,forecast,none,no_signal,NO_SIGNAL,0.0,0.0,0.0,0,C,0.0,0.0,,0.5,C · directional · ±50%,P-60WIP-AP-LAV,"Biom Lavender Ease All Purpose Cleaning Wipes Refill - 60ct: Safe for Sensitive Skin, Contains Naturally Derived Ingredients, Removes Grease",D3-C2,5,12.0,READY_FOR_LAUNCH,exact,2026-10-18,0.0,2026-10-18,FY2026 W38
2026-10-18,89854823,4296.0,46,2026-09-02,29,forecast,target_po_plan,plan,,2340.0,1321.5,1105.5,8,C,380.0,12218.0,empirical_lowo,0.5,C · directional · ±50%,P-DIS-WHI,"Biom Refillable Plant-Based Wipes Dispenser - White: BPA-Free, Multi-Surface Use, Silicone Components",D3-C2,5,6.0,READY_FOR_LAUNCH,exact,2026-10-18,716.0,2026-10-18,FY2026 W38
2026-10-18,89854824,0.0,,,,forecast,none,no_signal,NO_SIGNAL,0.0,0.0,0.0,0,C,0.0,0.0,,0.5,C · directional · ±50%,P-60WIP-AP-GRA,"Biom Grapefruit Zest All Purpose Cleaning Wipes Refill - 60ct: Safe for Sensitive Skin, Contains Naturally Derived Ingredients, Multi-Surface Cleaner",D3-C2,5,12.0,READY_FOR_LAUNCH,exact,2026-10-18,0.0,2026-10-18,FY2026 W38
2026-10-18,89854825,1464.0,46,2026-09-02,29,forecast,target_po_plan,plan,,1320.0,1722.0,1765.5,8,C,129.0,4165.0,empirical_lowo,0.5,C · directional · ±50%,P-DIS-TAN,Biom Refillable Plant-Based Wipes Dispenser - Sand,D3-C2,5,6.0,READY_FOR_LAUNCH,exact,2026-10-18,244.0,2026-10-18,FY2026 W38
2026-10-18,89854826,3936.0,46,2026-09-02,29,forecast,target_po_plan,plan,,1020.0,1401.0,2289.0,8,C,348.0,11195.0,empirical_lowo,0.5,C · directional · ±50%,P-60WIP-AP-STL,Biom Plant Based Refillable All Purpose Wipes - Santal Escape - 60ct,D3-C2,5,12.0,READY_FOR_LAUNCH,exact,2026-10-18,328.0,2026-10-18,FY2026 W38
2026-10-18,93197977,1236.0,46,2026-09-02,29,forecast,target_po_plan,plan,,456.0,498.0,877.5,8,C,109.0,3517.0,empirical_lowo,0.5,C · directional · ±50%,P-60WIP-AP-NER,Biom Plant Based Refillable All Purpose Wipes - Neroli Dream - 60ct,D3-C2,5,12.0,READY_FOR_LAUNCH,exact,2026-10-18,103.0,2026-10-18,FY2026 W38
2026-10-18,93197978,0.0,,,,forecast,none,no_signal,NO_SIGNAL,0.0,0.0,0.0,0,C,0.0,0.0,,0.5,C · directional · ±50%,,Biom Refillable Wipe Dispenser,D3-C2,5,,,unmapped,2026-10-18,,2026-10-18,FY2026 W38
2026-10-18,93197979,2808.0,46,2026-09-02,29,forecast,target_po_plan,plan,,3096.0,2217.0,2322.0,8,C,248.0,7987.0,empirical_lowo,0.5,C · directional · ±50%,P-60WIP-AP-FRA,Biom Plant Based Refillable All Purpose Wipes - Fragrance Free - 60ct,D3-C2,5,12.0,READY_FOR_LAUNCH,exact,2026-10-18,234.0,2026-10-18,FY2026 W38
2026-10-18,94643458,12.0,46,2026-09-02,7,forecast,target_po_plan,plan,,24.0,27.0,24.0,8,C,0.0,36.0,empirical_lowo,0.5,C · directional · ±50%,P-DIS-DGR,"Biom Refillable Wipes Dispenser - Hunter Green: BPA-Free, Silicone Material",D3-C2,5,6.0,READY_FOR_LAUNCH,exact,2026-10-18,2.0,2026-10-18,FY2026 W38
2026-10-18,94643459,24.0,46,2026-09-02,10,forecast,target_po_plan,plan,,36.0,60.0,58.5,8,C,1.0,70.0,empirical_lowo,0.5,C · directional · ±50%,P-DIS-BLK,"Biom Refillable Wipes Dispenser - Black: BPA-Free, Silicone, Cleaning Tools and Accessories",D3-C2,5,6.0,READY_FOR_LAUNCH,exact,2026-10-18,4.0,2026-10-18,FY2026 W38
2026-10-18,94643460,36.0,46,2026-09-02,10,forecast,target_po_plan,plan,,36.0,55.5,53.25,8,C,2.0,104.0,empirical_lowo,0.5,C · directional · ±50%,P-DIS-LGR,"Biom Refillable Wipes Dispenser - Seafoam: BPA-Free, Silicone, 8 Inch Height",D3-C2,5,6.0,READY_FOR_LAUNCH,exact,2026-10-18,6.0,2026-10-18,FY2026 W38
2026-10-18,94723685,0.0,,,,forecast,none,no_signal,NO_SIGNAL,0.0,0.0,0.0,0,C,0.0,0.0,,0.5,C · directional · ±50%,P-60WIP-AP-FIR,"Biom Fraser Fir All-Purpose Cleaning Wipes Refill - 60ct: Removes Dirt, Grease, Multi-Surface Use",D3-C2,5,12.0,READY_FOR_LAUNCH,exact,2026-10-18,0.0,2026-10-18,FY2026 W38
2026-10-18,94723686,0.0,,,,forecast,none,no_signal,NO_SIGNAL,0.0,0.0,0.0,0,C,0.0,0.0,,0.5,C · directional · ±50%,P-60WIP-AP-PEP,Biom Peppermint All-Purpose Cleaning Wipes Refill - 60ct,D3-C2,5,12.0,READY_FOR_LAUNCH,exact,2026-10-18,0.0,2026-10-18,FY2026 W38
2026-10-18,94723687,0.0,,,,forecast,none,no_signal,NO_SIGNAL,0.0,0.0,0.0,0,C,0.0,0.0,,0.5,C · directional · ±50%,P-6DIS-WHI,"Biom Mini Refillable Wipe Dispenser - Bone: BPA-Free, Silicone, 6 Height",D3-C2,5,6.0,READY_FOR_LAUNCH,exact,2026-10-18,0.0,2026-10-18,FY2026 W38
2026-10-18,94723688,0.0,46,2026-09-02,10,forecast,none,no_signal,NO_SIGNAL,0.0,0.0,0.0,0,C,0.0,0.0,,0.5,C · directional · ±50%,P-DIS-TER,Biom Refillable Plant-Based Wipes Dispenser - Terracotta,D3-C2,5,6.0,READY_FOR_LAUNCH,exact,2026-10-18,0.0,2026-10-18,FY2026 W38
2026-10-18,94723689,0.0,,,,forecast,none,no_signal,NO_SIGNAL,0.0,0.0,0.0,0,C,0.0,0.0,,0.5,C · directional · ±50%,P-40WIP-6IN-AP-VAN,"Biom Tres Vanille All-Purpose Cleaning Mini Wipes - 40ct: Refill Pouch, Removes Dirt",D3-C2,5,12.0,READY_FOR_LAUNCH,exact,2026-10-18,0.0,2026-10-18,FY2026 W38
2026-10-18,94799734,288.0,47,2026-09-02,29,forecast,target_po_plan,plan,,80.0,242.0,386.5,8,C,25.0,821.0,empirical_lowo,0.5,C · directional · ±50%,K-DIS-2BAB-WHI,"Biom 99% Water Hypoallergenic Baby Starter Kit - White - Fragrance Free - 120 wipes: Face, Hands, Nose, Whole Body, Diaper Area",D7,7,4.0,READY_FOR_LAUNCH,exact,2026-10-25,72.0,2026-10-18,FY2026 W38
2026-10-18,94799736,0.0,46,2026-09-02,29,forecast,none,plan_zero_history_positive,PLAN_ZERO_HISTORY_POSITIVE,0.0,0.0,200.0,4,C,0.0,0.0,,0.5,C · directional · ±50%,K-DIS-2BAB-LGR,"Biom 99% Water Hypoallergenic Baby Starter Kit - Seafoam Green - Fragrance Free - 120ct: Refillable, Alcohol-Free, Aloe & Vitamin E",D7,7,4.0,READY_FOR_LAUNCH,exact,2026-10-25,0.0,2026-10-18,FY2026 W38
2026-10-18,94799737,1200.0,47,2026-09-02,29,forecast,target_po_plan,plan,,396.0,1173.0,1992.0,8,C,106.0,3414.0,empirical_lowo,0.5,C · directional · ±50%,P-60WIP-BAB-FRA,"Biom 99% Water Hypoallergenic Baby Wipes - Fragrance Free - 60ct: Alcohol-Free, Contains Aloe, Refill Pouch",D7,7,12.0,READY_FOR_LAUNCH,exact,2026-10-25,100.0,2026-10-18,FY2026 W38
2026-10-18,94799738,0.0,46,2026-09-02,29,forecast,none,plan_zero_history_positive,PLAN_ZERO_HISTORY_POSITIVE,0.0,0.0,31.0,4,C,0.0,0.0,,0.5,C · directional · ±50%,K-DIS-2BAB-PUR,"Biom 99% Water Hypoallergenic Baby Starter Kit - Lilac - Fragrance Free - 120ct: Refillable Container, Contains Aloe, Contains Vitamin E",D7,7,6.0,READY_FOR_LAUNCH,exact,2026-10-25,0.0,2026-10-18,FY2026 W38
2026-10-18,94799739,405.0,47,2026-09-02,29,forecast,target_po_plan,plan,,153.0,650.25,998.625,8,C,35.0,1154.0,empirical_lowo,0.5,C · directional · ±50%,K-60WIP-BAB-FRA-4PK,"Biom 99% Water Hypoallergenic Baby Wipes -Fragrance Free - 240ct: Face, Hands, Nose, Whole Body, Diaper Area",D7,7,3.0,READY_FOR_LAUNCH,exact,2026-10-25,135.0,2026-10-18,FY2026 W38
2026-10-18,94799740,220.0,47,2026-09-02,29,forecast,target_po_plan,plan,,175.0,724.0,582.75,8,C,19.0,627.0,empirical_lowo,0.5,C · directional · ±50%,K-60WIP-BAB-FRA-12PK,"Biom 99% Water Hypoallergenic Baby Wipes - Fragrance Free - 720ct: Face & Body Application, Refill Pouch, With Aloe & Vitamin E",D7,7,1.0,READY_FOR_LAUNCH,exact,2026-10-25,220.0,2026-10-18,FY2026 W38
2026-10-18,94928289,3888.0,46,2026-09-02,29,forecast,target_po_plan,plan,NO_PO_8WK,0.0,0.0,0.0,0,C,344.0,11058.0,empirical_lowo,0.5,C · directional · ±50%,P-60WIP-DSN-ALP,Biom Plastic Free Plant Based Disinfecting Wipes - Alpine Mint - 60ct,D3-C2,5,12.0,READY_FOR_LAUNCH,exact,2026-10-18,324.0,2026-10-18,FY2026 W38
2026-10-18,94928290,3760.0,46,2026-09-02,29,planned_forward,target_po_plan,plan,PLANNED_FORWARD,740.0,429.0,501.0,8,C,333.0,10694.0,empirical_lowo,0.5,C · directional · ±50%,P-DIS-SS-BRU,Biom Refillable Plant-Based Wipes Dispenser - Brushed Stainless,D3-C2,5,4.0,READY_FOR_LAUNCH,exact,2026-10-18,940.0,2026-10-18,FY2026 W38
2026-10-18,94928291,2288.0,46,2026-09-02,29,forecast,target_po_plan,plan,,912.0,518.0,669.0,8,C,202.0,6508.0,empirical_lowo,0.5,C · directional · ±50%,K-60WIP-DSN-COM-3PK,"Biom Plastic Free Plant Based Disinfecting Wipes - Variety - 3pk/180ct: Ammonia-Free, Paraben-Free, Mint Scent",D3-C2,5,4.0,READY_FOR_LAUNCH,exact,2026-10-18,572.0,2026-10-18,FY2026 W38
2026-10-18,94928292,13860.0,46,2026-09-02,29,planned_forward,target_po_plan,plan,PLANNED_FORWARD,528.0,366.0,877.5,8,C,1229.0,39415.0,empirical_lowo,0.5,C · directional · ±50%,P-60WIP-DSN-CIT,"Biom Plastic Free Plant Based Disinfecting Wipes - Fresh Citrus - 60ct: Ammonia-Free, Aluminum-Free, Paraben-Free",D3-C2,5,12.0,READY_FOR_LAUNCH,exact,2026-10-18,1155.0,2026-10-18,FY2026 W38
2026-10-18,94928293,2128.0,46,2026-09-02,29,forecast,target_po_plan,plan,,1096.0,690.0,1583.5,8,C,188.0,6053.0,empirical_lowo,0.5,C · directional · ±50%,K-60WIP-AP-COM,Biom Plant Based Refillable All Purpose Wipes Variety - 3pk/180ct,D3-C2,5,4.0,READY_FOR_LAUNCH,exact,2026-10-18,532.0,2026-10-18,FY2026 W38
2026-10-18,94979715,504.0,47,2026-09-02,29,forecast,target_po_plan,plan,,384.0,876.0,1344.0,8,C,44.0,1435.0,empirical_lowo,0.5,C · directional · ±50%,P-30WIP-BOD-NAT-TRV,Biom Travel Pack Biodegradable Body Wipes - Naturally Fresh - 30ct,D253-C4,5,24.0,READY_FOR_LAUNCH,exact,2026-10-18,21.0,2026-10-18,FY2026 W38
2026-10-18,94979716,24.0,47,2026-09-02,29,forecast,target_po_plan,plan,,0.0,0.0,369.0,2,C,1.0,70.0,empirical_lowo,0.5,C · directional · ±50%,P-20WIP-SAN-STL-TRV,Biom Travel Pack Biodegradable Hand Sanitizing Wipes - Santal Escape - 20ct,D253-C4,5,24.0,READY_FOR_LAUNCH,exact,2026-10-18,1.0,2026-10-18,FY2026 W38
2026-10-18,94979717,996.0,47,2026-09-02,29,forecast,target_po_plan,plan,,942.0,883.5,865.5,8,C,87.0,2834.0,empirical_lowo,0.5,C · directional · ±50%,K-6DIS-WHI-1SAN-STL,Biom Mini Dispenser with Biodegradable Hand Sanitizing Wipes - Santal Escape - 40ct,D253-C4,5,6.0,READY_FOR_LAUNCH,exact,2026-10-18,166.0,2026-10-18,FY2026 W38
2026-10-18,94979718,1488.0,47,2026-09-02,29,forecast,target_po_plan,plan,,1800.0,1512.0,1728.0,8,C,131.0,4233.0,empirical_lowo,0.5,C · directional · ±50%,P-40WIP-6IN-SAN-STL,Biom Mini Biodegradable Refillable Hand Sanitizing Wipes - Santal Escape - 40ct,D253-C4,5,24.0,READY_FOR_LAUNCH,exact,2026-10-18,62.0,2026-10-18,FY2026 W38
2026-10-18,95285660,16200.0,47,2026-09-02,29,planned_forward,target_po_plan,plan,NEW_TCIN_NO_HISTORY|LAUNCH_FILL,0.0,0.0,0.0,0,C,1436.0,46069.0,empirical_lowo,0.5,C · directional · ±50%,P-60WIP-FLU-FRA-2PK,Biom Flushable Personal Wipes Fragrance Free - 120ct,D253-C6,5,12.0,READY_FOR_ORDER,inferred,2026-10-18,1350.0,2026-10-18,FY2026 W38
2026-10-18,95285661,0.0,46,2026-09-02,10,forecast,none,plan_zero_history_positive,PLAN_ZERO_HISTORY_POSITIVE,112.0,28.0,14.0,1,C,0.0,0.0,,0.5,C · directional · ±50%,K-60WIP-FLU-FRA-3Pk,Biom Flushable Personal Wipes Unscented - 180ct,D253-C6,5,4.0,READY_FOR_ORDER,exact,2026-10-18,0.0,2026-10-18,FY2026 W38
2026-10-18,95285662,3188.0,47,2026-09-02,29,planned_forward,target_po_plan,plan,NEW_TCIN_NO_HISTORY|LAUNCH_FILL,0.0,0.0,0.0,0,C,282.0,9067.0,empirical_lowo,0.5,C · directional · ±50%,K-DIS-2FLU-WHI,Biom White Flushable One Handed Kit Personal Wipes Unscented - 120ct,D253-C6,5,4.0,READY_FOR_ORDER,inferred,2026-10-18,797.0,2026-10-18,FY2026 W38
2026-10-18,1010810949,4584.0,47,2026-09-02,29,forecast,target_po_plan,plan,,1728.0,4572.0,2286.0,4,C,406.0,13037.0,empirical_lowo,0.5,C · directional · ±50%,P-40WIP-LIT-FRA,Biom Baby Mini Little Messes Hand Wipes Refills Fragrance Free - 40ct,D7,7,24.0,READY_FOR_LAUNCH,exact,2026-10-25,191.0,2026-10-18,FY2026 W38
2026-10-18,1010810951,870.0,47,2026-09-02,29,forecast,target_po_plan,plan,,330.0,930.0,465.0,3,C,76.0,2476.0,empirical_lowo,0.5,C · directional · ±50%,K-6DIS-PER-1LIT,Biom Refillable Mini Dispenser Little Mess Hand Wipes Periwinkle - 40ct,D7,7,6.0,READY_FOR_LAUNCH,exact,2026-10-25,145.0,2026-10-18,FY2026 W38
2026-10-18,1011278742,0.0,46,2026-09-02,29,forecast,none,no_signal,NO_SIGNAL,0.0,0.0,0.0,0,C,0.0,0.0,,0.5,C · directional · ±50%,P-20WIP-SAN-BER-TRV,Biom Sanitizing Go-Pack Holiday Bergamot Bloom - Hand Wipes - 20ct,D253-C4,5,24.0,READY_FOR_ORDER,exact,2026-10-18,0.0,2026-10-18,FY2026 W38
2026-10-18,1011824789,1404.0,46,2026-09-02,29,planned_forward,target_po_plan,plan,NEW_TCIN_NO_HISTORY|LAUNCH_FILL,0.0,0.0,0.0,0,C,124.0,3994.0,empirical_lowo,0.5,C · directional · ±50%,P-60WIP-DSN-PIN,Biom Pine Forest Disinfecting Wipes Refill All-Purpose Cleaners - 60ct,D3-C2,5,12.0,READY_FOR_ORDER,unmapped,2026-10-18,117.0,2026-10-18,FY2026 W38
2026-10-18,1012188490,504.0,47,2026-09-02,29,planned_forward,target_po_plan,plan,NEW_TCIN_NO_HISTORY|LAUNCH_FILL,0.0,0.0,0.0,0,C,44.0,1435.0,empirical_lowo,0.5,C · directional · ±50%,P-30WIP-LIT-FRA,Biom Little Mess Baby Wipes Go-Pack Unscented - 30ct,D7,7,24.0,READY_FOR_ORDER,exact,2026-10-25,21.0,2026-10-18,FY2026 W38
2026-10-18,1012188491,696.0,47,2026-09-02,29,planned_forward,target_po_plan,plan,NEW_TCIN_NO_HISTORY|LAUNCH_FILL,0.0,0.0,0.0,0,C,61.0,1981.0,empirical_lowo,0.5,C · directional · ±50%,P-30WIP-BAB-FRA,Biom Baby Wipes Go-Pack Unscented - 30ct,D7,7,24.0,READY_FOR_ORDER,exact,2026-10-25,29.0,2026-10-18,FY2026 W38
2026-10-18,1012914812,0.0,,,,forecast,none,no_signal,NO_SIGNAL,0.0,0.0,0.0,0,C,0.0,0.0,,0.5,C · directional · ±50%,P-20WIP-AP-STL-TRV,Biom Santal Escape Cleaning Wipe Go-Pack All-Purpose Cleaners - 20ct,D3-C2,5,,READY_FOR_ORDER,unmapped,2026-10-18,,2026-10-18,FY2026 W38
2026-10-18,1012914813,0.0,,,,forecast,none,no_signal,NO_SIGNAL,0.0,0.0,0.0,0,C,0.0,0.0,,0.5,C · directional · ±50%,P-20WIP-DSN-CIT-TRV,Biom Fresh Citrus Disinfecting Wipe Go-Pack All-Purpose Cleaners - 20ct,D3-C2,5,,READY_FOR_ORDER,unmapped,2026-10-18,,2026-10-18,FY2026 W38
2026-10-25,89854821,2694.0,53,2026-09-02,29,forecast,target_po_plan,plan,,2154.0,1749.0,1789.5,8,C,238.0,7663.0,empirical_lowo,0.5,C · directional · ±50%,P-DIS-EUC,Biom Refillable Plant-Based Wipes Dispenser - Eucalyptus,D3-C2,5,6.0,READY_FOR_LAUNCH,exact,2026-10-25,449.0,2026-10-25,FY2026 W39
2026-10-25,89854822,0.0,,,,forecast,none,no_signal,NO_SIGNAL,0.0,0.0,0.0,0,C,0.0,0.0,,0.5,C · directional · ±50%,P-60WIP-AP-LAV,"Biom Lavender Ease All Purpose Cleaning Wipes Refill - 60ct: Safe for Sensitive Skin, Contains Naturally Derived Ingredients, Removes Grease",D3-C2,5,12.0,READY_FOR_LAUNCH,exact,2026-10-25,0.0,2026-10-25,FY2026 W39
2026-10-25,89854823,2196.0,53,2026-09-02,29,forecast,target_po_plan,plan,,2340.0,1321.5,1105.5,8,C,194.0,6247.0,empirical_lowo,0.5,C · directional · ±50%,P-DIS-WHI,"Biom Refillable Plant-Based Wipes Dispenser - White: BPA-Free, Multi-Surface Use, Silicone Components",D3-C2,5,6.0,READY_FOR_LAUNCH,exact,2026-10-25,366.0,2026-10-25,FY2026 W39
2026-10-25,89854824,0.0,,,,forecast,none,no_signal,NO_SIGNAL,0.0,0.0,0.0,0,C,0.0,0.0,,0.5,C · directional · ±50%,P-60WIP-AP-GRA,"Biom Grapefruit Zest All Purpose Cleaning Wipes Refill - 60ct: Safe for Sensitive Skin, Contains Naturally Derived Ingredients, Multi-Surface Cleaner",D3-C2,5,12.0,READY_FOR_LAUNCH,exact,2026-10-25,0.0,2026-10-25,FY2026 W39
2026-10-25,89854825,1314.0,53,2026-09-02,29,forecast,target_po_plan,plan,,1320.0,1722.0,1765.5,8,C,116.0,3738.0,empirical_lowo,0.5,C · directional · ±50%,P-DIS-TAN,Biom Refillable Plant-Based Wipes Dispenser - Sand,D3-C2,5,6.0,READY_FOR_LAUNCH,exact,2026-10-25,219.0,2026-10-25,FY2026 W39
2026-10-25,89854826,3900.0,53,2026-09-02,29,forecast,target_po_plan,plan,,1020.0,1401.0,2289.0,8,C,345.0,11092.0,empirical_lowo,0.5,C · directional · ±50%,P-60WIP-AP-STL,Biom Plant Based Refillable All Purpose Wipes - Santal Escape - 60ct,D3-C2,5,12.0,READY_FOR_LAUNCH,exact,2026-10-25,325.0,2026-10-25,FY2026 W39
2026-10-25,93197977,1092.0,53,2026-09-02,29,forecast,target_po_plan,plan,,456.0,498.0,877.5,8,C,96.0,3107.0,empirical_lowo,0.5,C · directional · ±50%,P-60WIP-AP-NER,Biom Plant Based Refillable All Purpose Wipes - Neroli Dream - 60ct,D3-C2,5,12.0,READY_FOR_LAUNCH,exact,2026-10-25,91.0,2026-10-25,FY2026 W39
2026-10-25,93197978,0.0,,,,forecast,none,no_signal,NO_SIGNAL,0.0,0.0,0.0,0,C,0.0,0.0,,0.5,C · directional · ±50%,,Biom Refillable Wipe Dispenser,D3-C2,5,,,unmapped,2026-10-25,,2026-10-25,FY2026 W39
2026-10-25,93197979,2724.0,53,2026-09-02,29,forecast,target_po_plan,plan,,3096.0,2217.0,2322.0,8,C,241.0,7748.0,empirical_lowo,0.5,C · directional · ±50%,P-60WIP-AP-FRA,Biom Plant Based Refillable All Purpose Wipes - Fragrance Free - 60ct,D3-C2,5,12.0,READY_FOR_LAUNCH,exact,2026-10-25,227.0,2026-10-25,FY2026 W39
2026-10-25,94643458,18.0,53,2026-09-02,7,forecast,target_po_plan,plan,,24.0,27.0,24.0,8,C,1.0,53.0,empirical_lowo,0.5,C · directional · ±50%,P-DIS-DGR,"Biom Refillable Wipes Dispenser - Hunter Green: BPA-Free, Silicone Material",D3-C2,5,6.0,READY_FOR_LAUNCH,exact,2026-10-25,3.0,2026-10-25,FY2026 W39
2026-10-25,94643459,18.0,53,2026-09-02,10,forecast,target_po_plan,plan,,36.0,60.0,58.5,8,C,1.0,53.0,empirical_lowo,0.5,C · directional · ±50%,P-DIS-BLK,"Biom Refillable Wipes Dispenser - Black: BPA-Free, Silicone, Cleaning Tools and Accessories",D3-C2,5,6.0,READY_FOR_LAUNCH,exact,2026-10-25,3.0,2026-10-25,FY2026 W39
2026-10-25,94643460,36.0,53,2026-09-02,10,forecast,target_po_plan,plan,,36.0,55.5,53.25,8,C,2.0,104.0,empirical_lowo,0.5,C · directional · ±50%,P-DIS-LGR,"Biom Refillable Wipes Dispenser - Seafoam: BPA-Free, Silicone, 8 Inch Height",D3-C2,5,6.0,READY_FOR_LAUNCH,exact,2026-10-25,6.0,2026-10-25,FY2026 W39
2026-10-25,94723685,0.0,,,,forecast,none,no_signal,NO_SIGNAL,0.0,0.0,0.0,0,C,0.0,0.0,,0.5,C · directional · ±50%,P-60WIP-AP-FIR,"Biom Fraser Fir All-Purpose Cleaning Wipes Refill - 60ct: Removes Dirt, Grease, Multi-Surface Use",D3-C2,5,12.0,READY_FOR_LAUNCH,exact,2026-10-25,0.0,2026-10-25,FY2026 W39
2026-10-25,94723686,0.0,,,,forecast,none,no_signal,NO_SIGNAL,0.0,0.0,0.0,0,C,0.0,0.0,,0.5,C · directional · ±50%,P-60WIP-AP-PEP,Biom Peppermint All-Purpose Cleaning Wipes Refill - 60ct,D3-C2,5,12.0,READY_FOR_LAUNCH,exact,2026-10-25,0.0,2026-10-25,FY2026 W39
2026-10-25,94723687,0.0,,,,forecast,none,no_signal,NO_SIGNAL,0.0,0.0,0.0,0,C,0.0,0.0,,0.5,C · directional · ±50%,P-6DIS-WHI,"Biom Mini Refillable Wipe Dispenser - Bone: BPA-Free, Silicone, 6 Height",D3-C2,5,6.0,READY_FOR_LAUNCH,exact,2026-10-25,0.0,2026-10-25,FY2026 W39
2026-10-25,94723688,0.0,53,2026-09-02,10,forecast,none,no_signal,NO_SIGNAL,0.0,0.0,0.0,0,C,0.0,0.0,,0.5,C · directional · ±50%,P-DIS-TER,Biom Refillable Plant-Based Wipes Dispenser - Terracotta,D3-C2,5,6.0,READY_FOR_LAUNCH,exact,2026-10-25,0.0,2026-10-25,FY2026 W39
2026-10-25,94723689,0.0,,,,forecast,none,no_signal,NO_SIGNAL,0.0,0.0,0.0,0,C,0.0,0.0,,0.5,C · directional · ±50%,P-40WIP-6IN-AP-VAN,"Biom Tres Vanille All-Purpose Cleaning Mini Wipes - 40ct: Refill Pouch, Removes Dirt",D3-C2,5,12.0,READY_FOR_LAUNCH,exact,2026-10-25,0.0,2026-10-25,FY2026 W39
2026-10-25,94799734,296.0,54,2026-09-02,29,forecast,target_po_plan,plan,,80.0,242.0,386.5,8,C,25.0,844.0,empirical_lowo,0.5,C · directional · ±50%,K-DIS-2BAB-WHI,"Biom 99% Water Hypoallergenic Baby Starter Kit - White - Fragrance Free - 120 wipes: Face, Hands, Nose, Whole Body, Diaper Area",D7,7,4.0,READY_FOR_LAUNCH,exact,2026-11-01,74.0,2026-10-25,FY2026 W39
2026-10-25,94799736,0.0,53,2026-09-02,29,forecast,none,plan_zero_history_positive,PLAN_ZERO_HISTORY_POSITIVE,0.0,0.0,200.0,4,C,0.0,0.0,,0.5,C · directional · ±50%,K-DIS-2BAB-LGR,"Biom 99% Water Hypoallergenic Baby Starter Kit - Seafoam Green - Fragrance Free - 120ct: Refillable, Alcohol-Free, Aloe & Vitamin E",D7,7,4.0,READY_FOR_LAUNCH,exact,2026-11-01,0.0,2026-10-25,FY2026 W39
2026-10-25,94799737,1212.0,54,2026-09-02,29,forecast,target_po_plan,plan,,396.0,1173.0,1992.0,8,C,107.0,3448.0,empirical_lowo,0.5,C · directional · ±50%,P-60WIP-BAB-FRA,"Biom 99% Water Hypoallergenic Baby Wipes - Fragrance Free - 60ct: Alcohol-Free, Contains Aloe, Refill Pouch",D7,7,12.0,READY_FOR_LAUNCH,exact,2026-11-01,101.0,2026-10-25,FY2026 W39
2026-10-25,94799738,0.0,53,2026-09-02,29,forecast,none,plan_zero_history_positive,PLAN_ZERO_HISTORY_POSITIVE,0.0,0.0,31.0,4,C,0.0,0.0,,0.5,C · directional · ±50%,K-DIS-2BAB-PUR,"Biom 99% Water Hypoallergenic Baby Starter Kit - Lilac - Fragrance Free - 120ct: Refillable Container, Contains Aloe, Contains Vitamin E",D7,7,6.0,READY_FOR_LAUNCH,exact,2026-11-01,0.0,2026-10-25,FY2026 W39
2026-10-25,94799739,441.0,54,2026-09-02,29,forecast,target_po_plan,plan,,153.0,650.25,998.625,8,C,38.0,1256.0,empirical_lowo,0.5,C · directional · ±50%,K-60WIP-BAB-FRA-4PK,"Biom 99% Water Hypoallergenic Baby Wipes -Fragrance Free - 240ct: Face, Hands, Nose, Whole Body, Diaper Area",D7,7,3.0,READY_FOR_LAUNCH,exact,2026-11-01,147.0,2026-10-25,FY2026 W39
2026-10-25,94799740,223.0,54,2026-09-02,29,forecast,target_po_plan,plan,,175.0,724.0,582.75,8,C,19.0,636.0,empirical_lowo,0.5,C · directional · ±50%,K-60WIP-BAB-FRA-12PK,"Biom 99% Water Hypoallergenic Baby Wipes - Fragrance Free - 720ct: Face & Body Application, Refill Pouch, With Aloe & Vitamin E",D7,7,1.0,READY_FOR_LAUNCH,exact,2026-11-01,223.0,2026-10-25,FY2026 W39
2026-10-25,94928289,1968.0,53,2026-09-02,29,forecast,target_po_plan,plan,NO_PO_8WK,0.0,0.0,0.0,0,C,174.0,5598.0,empirical_lowo,0.5,C · directional · ±50%,P-60WIP-DSN-ALP,Biom Plastic Free Plant Based Disinfecting Wipes - Alpine Mint - 60ct,D3-C2,5,12.0,READY_FOR_LAUNCH,exact,2026-10-25,164.0,2026-10-25,FY2026 W39
2026-10-25,94928290,728.0,53,2026-09-02,29,forecast,target_po_plan,plan,,740.0,429.0,501.0,8,C,64.0,2072.0,empirical_lowo,0.5,C · directional · ±50%,P-DIS-SS-BRU,Biom Refillable Plant-Based Wipes Dispenser - Brushed Stainless,D3-C2,5,4.0,READY_FOR_LAUNCH,exact,2026-10-25,182.0,2026-10-25,FY2026 W39
2026-10-25,94928291,2092.0,53,2026-09-02,29,forecast,target_po_plan,plan,,912.0,518.0,669.0,8,C,185.0,5951.0,empirical_lowo,0.5,C · directional · ±50%,K-60WIP-DSN-COM-3PK,"Biom Plastic Free Plant Based Disinfecting Wipes - Variety - 3pk/180ct: Ammonia-Free, Paraben-Free, Mint Scent",D3-C2,5,4.0,READY_FOR_LAUNCH,exact,2026-10-25,523.0,2026-10-25,FY2026 W39
2026-10-25,94928292,3924.0,53,2026-09-02,29,forecast,target_po_plan,plan,,528.0,366.0,877.5,8,C,347.0,11160.0,empirical_lowo,0.5,C · directional · ±50%,P-60WIP-DSN-CIT,"Biom Plastic Free Plant Based Disinfecting Wipes - Fresh Citrus - 60ct: Ammonia-Free, Aluminum-Free, Paraben-Free",D3-C2,5,12.0,READY_FOR_LAUNCH,exact,2026-10-25,327.0,2026-10-25,FY2026 W39
2026-10-25,94928293,1856.0,53,2026-09-02,29,forecast,target_po_plan,plan,,1096.0,690.0,1583.5,8,C,164.0,5280.0,empirical_lowo,0.5,C · directional · ±50%,K-60WIP-AP-COM,Biom Plant Based Refillable All Purpose Wipes Variety - 3pk/180ct,D3-C2,5,4.0,READY_FOR_LAUNCH,exact,2026-10-25,464.0,2026-10-25,FY2026 W39
2026-10-25,94979715,504.0,54,2026-09-02,29,forecast,target_po_plan,plan,,384.0,876.0,1344.0,8,C,44.0,1435.0,empirical_lowo,0.5,C · directional · ±50%,P-30WIP-BOD-NAT-TRV,Biom Travel Pack Biodegradable Body Wipes - Naturally Fresh - 30ct,D253-C4,5,24.0,READY_FOR_LAUNCH,exact,2026-10-25,21.0,2026-10-25,FY2026 W39
2026-10-25,94979716,72.0,54,2026-09-02,29,forecast,target_po_plan,plan,,0.0,0.0,369.0,2,C,5.0,207.0,empirical_lowo,0.5,C · directional · ±50%,P-20WIP-SAN-STL-TRV,Biom Travel Pack Biodegradable Hand Sanitizing Wipes - Santal Escape - 20ct,D253-C4,5,24.0,READY_FOR_LAUNCH,exact,2026-10-25,3.0,2026-10-25,FY2026 W39
2026-10-25,94979717,882.0,54,2026-09-02,29,forecast,target_po_plan,plan,,942.0,883.5,865.5,8,C,77.0,2510.0,empirical_lowo,0.5,C · directional · ±50%,K-6DIS-WHI-1SAN-STL,Biom Mini Dispenser with Biodegradable Hand Sanitizing Wipes - Santal Escape - 40ct,D253-C4,5,6.0,READY_FOR_LAUNCH,exact,2026-10-25,147.0,2026-10-25,FY2026 W39
2026-10-25,94979718,1512.0,54,2026-09-02,29,forecast,target_po_plan,plan,,1800.0,1512.0,1728.0,8,C,133.0,4301.0,empirical_lowo,0.5,C · directional · ±50%,P-40WIP-6IN-SAN-STL,Biom Mini Biodegradable Refillable Hand Sanitizing Wipes - Santal Escape - 40ct,D253-C4,5,24.0,READY_FOR_LAUNCH,exact,2026-10-25,63.0,2026-10-25,FY2026 W39
2026-10-25,95285660,16056.0,54,2026-09-02,29,planned_forward,target_po_plan,plan,NEW_TCIN_NO_HISTORY|LAUNCH_FILL,0.0,0.0,0.0,0,C,1423.0,45660.0,empirical_lowo,0.5,C · directional · ±50%,P-60WIP-FLU-FRA-2PK,Biom Flushable Personal Wipes Fragrance Free - 120ct,D253-C6,5,12.0,READY_FOR_ORDER,inferred,2026-10-25,1338.0,2026-10-25,FY2026 W39
2026-10-25,95285661,0.0,53,2026-09-02,10,forecast,none,plan_zero_history_positive,PLAN_ZERO_HISTORY_POSITIVE,112.0,28.0,14.0,1,C,0.0,0.0,,0.5,C · directional · ±50%,K-60WIP-FLU-FRA-3Pk,Biom Flushable Personal Wipes Unscented - 180ct,D253-C6,5,4.0,READY_FOR_ORDER,exact,2026-10-25,0.0,2026-10-25,FY2026 W39
2026-10-25,95285662,3308.0,54,2026-09-02,29,planned_forward,target_po_plan,plan,NEW_TCIN_NO_HISTORY|LAUNCH_FILL,0.0,0.0,0.0,0,C,293.0,9409.0,empirical_lowo,0.5,C · directional · ±50%,K-DIS-2FLU-WHI,Biom White Flushable One Handed Kit Personal Wipes Unscented - 120ct,D253-C6,5,4.0,READY_FOR_ORDER,inferred,2026-10-25,827.0,2026-10-25,FY2026 W39
2026-10-25,1010810949,4776.0,54,2026-09-02,29,forecast,target_po_plan,plan,,1728.0,4572.0,2286.0,4,C,423.0,13583.0,empirical_lowo,0.5,C · directional · ±50%,P-40WIP-LIT-FRA,Biom Baby Mini Little Messes Hand Wipes Refills Fragrance Free - 40ct,D7,7,24.0,READY_FOR_LAUNCH,exact,2026-11-01,199.0,2026-10-25,FY2026 W39
2026-10-25,1010810951,780.0,54,2026-09-02,29,forecast,target_po_plan,plan,,330.0,930.0,465.0,3,C,68.0,2220.0,empirical_lowo,0.5,C · directional · ±50%,K-6DIS-PER-1LIT,Biom Refillable Mini Dispenser Little Mess Hand Wipes Periwinkle - 40ct,D7,7,6.0,READY_FOR_LAUNCH,exact,2026-11-01,130.0,2026-10-25,FY2026 W39
2026-10-25,1011278742,0.0,53,2026-09-02,29,forecast,none,no_signal,NO_SIGNAL,0.0,0.0,0.0,0,C,0.0,0.0,,0.5,C · directional · ±50%,P-20WIP-SAN-BER-TRV,Biom Sanitizing Go-Pack Holiday Bergamot Bloom - Hand Wipes - 20ct,D253-C4,5,24.0,READY_FOR_ORDER,exact,2026-10-25,0.0,2026-10-25,FY2026 W39
2026-10-25,1011824789,2916.0,53,2026-09-02,29,planned_forward,target_po_plan,plan,NEW_TCIN_NO_HISTORY|LAUNCH_FILL,0.0,0.0,0.0,0,C,258.0,8294.0,empirical_lowo,0.5,C · directional · ±50%,P-60WIP-DSN-PIN,Biom Pine Forest Disinfecting Wipes Refill All-Purpose Cleaners - 60ct,D3-C2,5,12.0,READY_FOR_ORDER,unmapped,2026-10-25,243.0,2026-10-25,FY2026 W39
2026-10-25,1012188490,3120.0,54,2026-09-02,29,planned_forward,target_po_plan,plan,NEW_TCIN_NO_HISTORY|LAUNCH_FILL,0.0,0.0,0.0,0,C,276.0,8874.0,empirical_lowo,0.5,C · directional · ±50%,P-30WIP-LIT-FRA,Biom Little Mess Baby Wipes Go-Pack Unscented - 30ct,D7,7,24.0,READY_FOR_ORDER,exact,2026-11-01,130.0,2026-10-25,FY2026 W39
2026-10-25,1012188491,3168.0,54,2026-09-02,29,planned_forward,target_po_plan,plan,NEW_TCIN_NO_HISTORY|LAUNCH_FILL,0.0,0.0,0.0,0,C,280.0,9011.0,empirical_lowo,0.5,C · directional · ±50%,P-30WIP-BAB-FRA,Biom Baby Wipes Go-Pack Unscented - 30ct,D7,7,24.0,READY_FOR_ORDER,exact,2026-11-01,132.0,2026-10-25,FY2026 W39
2026-10-25,1012914812,0.0,,,,forecast,none,no_signal,NO_SIGNAL,0.0,0.0,0.0,0,C,0.0,0.0,,0.5,C · directional · ±50%,P-20WIP-AP-STL-TRV,Biom Santal Escape Cleaning Wipe Go-Pack All-Purpose Cleaners - 20ct,D3-C2,5,,READY_FOR_ORDER,unmapped,2026-10-25,,2026-10-25,FY2026 W39
2026-10-25,1012914813,0.0,,,,forecast,none,no_signal,NO_SIGNAL,0.0,0.0,0.0,0,C,0.0,0.0,,0.5,C · directional · ±50%,P-20WIP-DSN-CIT-TRV,Biom Fresh Citrus Disinfecting Wipe Go-Pack All-Purpose Cleaners - 20ct,D3-C2,5,,READY_FOR_ORDER,unmapped,2026-10-25,,2026-10-25,FY2026 W39
2026-11-01,89854821,1749.0,,,,forecast,trailing_4wk_mean,beyond_plan_horizon,BEYOND_PLAN_HORIZON,2154.0,1749.0,1789.5,8,D,525.0,2973.0,,0.7,D · plan-based · ±70%,P-DIS-EUC,Biom Refillable Plant-Based Wipes Dispenser - Eucalyptus,D3-C2,5,6.0,READY_FOR_LAUNCH,exact,2026-11-01,291.5,2026-11-01,FY2026 W40
2026-11-01,89854822,0.0,,,,forecast,trailing_4wk_mean,beyond_plan_horizon,BEYOND_PLAN_HORIZON,0.0,0.0,0.0,0,D,0.0,0.0,,0.7,D · plan-based · ±70%,P-60WIP-AP-LAV,"Biom Lavender Ease All Purpose Cleaning Wipes Refill - 60ct: Safe for Sensitive Skin, Contains Naturally Derived Ingredients, Removes Grease",D3-C2,5,12.0,READY_FOR_LAUNCH,exact,2026-11-01,0.0,2026-11-01,FY2026 W40
2026-11-01,89854823,1322.0,,,,forecast,trailing_4wk_mean,beyond_plan_horizon,BEYOND_PLAN_HORIZON,2340.0,1321.5,1105.5,8,D,397.0,2247.0,,0.7,D · plan-based · ±70%,P-DIS-WHI,"Biom Refillable Plant-Based Wipes Dispenser - White: BPA-Free, Multi-Surface Use, Silicone Components",D3-C2,5,6.0,READY_FOR_LAUNCH,exact,2026-11-01,220.3,2026-11-01,FY2026 W40
2026-11-01,89854824,0.0,,,,forecast,trailing_4wk_mean,beyond_plan_horizon,BEYOND_PLAN_HORIZON,0.0,0.0,0.0,0,D,0.0,0.0,,0.7,D · plan-based · ±70%,P-60WIP-AP-GRA,"Biom Grapefruit Zest All Purpose Cleaning Wipes Refill - 60ct: Safe for Sensitive Skin, Contains Naturally Derived Ingredients, Multi-Surface Cleaner",D3-C2,5,12.0,READY_FOR_LAUNCH,exact,2026-11-01,0.0,2026-11-01,FY2026 W40
2026-11-01,89854825,1722.0,,,,forecast,trailing_4wk_mean,beyond_plan_horizon,BEYOND_PLAN_HORIZON,1320.0,1722.0,1765.5,8,D,517.0,2927.0,,0.7,D · plan-based · ±70%,P-DIS-TAN,Biom Refillable Plant-Based Wipes Dispenser - Sand,D3-C2,5,6.0,READY_FOR_LAUNCH,exact,2026-11-01,287.0,2026-11-01,FY2026 W40
2026-11-01,89854826,1401.0,,,,forecast,trailing_4wk_mean,beyond_plan_horizon,BEYOND_PLAN_HORIZON,1020.0,1401.0,2289.0,8,D,420.0,2382.0,,0.7,D · plan-based · ±70%,P-60WIP-AP-STL,Biom Plant Based Refillable All Purpose Wipes - Santal Escape - 60ct,D3-C2,5,12.0,READY_FOR_LAUNCH,exact,2026-11-01,116.8,2026-11-01,FY2026 W40
2026-11-01,93197977,498.0,,,,forecast,trailing_4wk_mean,beyond_plan_horizon,BEYOND_PLAN_HORIZON,456.0,498.0,877.5,8,D,149.0,847.0,,0.7,D · plan-based · ±70%,P-60WIP-AP-NER,Biom Plant Based Refillable All Purpose Wipes - Neroli Dream - 60ct,D3-C2,5,12.0,READY_FOR_LAUNCH,exact,2026-11-01,41.5,2026-11-01,FY2026 W40
2026-11-01,93197978,0.0,,,,forecast,trailing_4wk_mean,beyond_plan_horizon,BEYOND_PLAN_HORIZON,0.0,0.0,0.0,0,D,0.0,0.0,,0.7,D · plan-based · ±70%,,Biom Refillable Wipe Dispenser,D3-C2,5,,,unmapped,2026-11-01,,2026-11-01,FY2026 W40
2026-11-01,93197979,2217.0,,,,forecast,trailing_4wk_mean,beyond_plan_horizon,BEYOND_PLAN_HORIZON,3096.0,2217.0,2322.0,8,D,665.0,3769.0,,0.7,D · plan-based · ±70%,P-60WIP-AP-FRA,Biom Plant Based Refillable All Purpose Wipes - Fragrance Free - 60ct,D3-C2,5,12.0,READY_FOR_LAUNCH,exact,2026-11-01,184.8,2026-11-01,FY2026 W40
2026-11-01,94643458,27.0,,,,forecast,trailing_4wk_mean,beyond_plan_horizon,BEYOND_PLAN_HORIZON,24.0,27.0,24.0,8,D,8.0,46.0,,0.7,D · plan-based · ±70%,P-DIS-DGR,"Biom Refillable Wipes Dispenser - Hunter Green: BPA-Free, Silicone Material",D3-C2,5,6.0,READY_FOR_LAUNCH,exact,2026-11-01,4.5,2026-11-01,FY2026 W40
2026-11-01,94643459,60.0,,,,forecast,trailing_4wk_mean,beyond_plan_horizon,BEYOND_PLAN_HORIZON,36.0,60.0,58.5,8,D,18.0,102.0,,0.7,D · plan-based · ±70%,P-DIS-BLK,"Biom Refillable Wipes Dispenser - Black: BPA-Free, Silicone, Cleaning Tools and Accessories",D3-C2,5,6.0,READY_FOR_LAUNCH,exact,2026-11-01,10.0,2026-11-01,FY2026 W40
2026-11-01,94643460,56.0,,,,forecast,trailing_4wk_mean,beyond_plan_horizon,BEYOND_PLAN_HORIZON,36.0,55.5,53.25,8,D,17.0,95.0,,0.7,D · plan-based · ±70%,P-DIS-LGR,"Biom Refillable Wipes Dispenser - Seafoam: BPA-Free, Silicone, 8 Inch Height",D3-C2,5,6.0,READY_FOR_LAUNCH,exact,2026-11-01,9.3,2026-11-01,FY2026 W40
2026-11-01,94723685,0.0,,,,forecast,trailing_4wk_mean,beyond_plan_horizon,BEYOND_PLAN_HORIZON,0.0,0.0,0.0,0,D,0.0,0.0,,0.7,D · plan-based · ±70%,P-60WIP-AP-FIR,"Biom Fraser Fir All-Purpose Cleaning Wipes Refill - 60ct: Removes Dirt, Grease, Multi-Surface Use",D3-C2,5,12.0,READY_FOR_LAUNCH,exact,2026-11-01,0.0,2026-11-01,FY2026 W40
2026-11-01,94723686,0.0,,,,forecast,trailing_4wk_mean,beyond_plan_horizon,BEYOND_PLAN_HORIZON,0.0,0.0,0.0,0,D,0.0,0.0,,0.7,D · plan-based · ±70%,P-60WIP-AP-PEP,Biom Peppermint All-Purpose Cleaning Wipes Refill - 60ct,D3-C2,5,12.0,READY_FOR_LAUNCH,exact,2026-11-01,0.0,2026-11-01,FY2026 W40
2026-11-01,94723687,0.0,,,,forecast,trailing_4wk_mean,beyond_plan_horizon,BEYOND_PLAN_HORIZON,0.0,0.0,0.0,0,D,0.0,0.0,,0.7,D · plan-based · ±70%,P-6DIS-WHI,"Biom Mini Refillable Wipe Dispenser - Bone: BPA-Free, Silicone, 6 Height",D3-C2,5,6.0,READY_FOR_LAUNCH,exact,2026-11-01,0.0,2026-11-01,FY2026 W40
2026-11-01,94723688,0.0,,,,forecast,trailing_4wk_mean,beyond_plan_horizon,BEYOND_PLAN_HORIZON,0.0,0.0,0.0,0,D,0.0,0.0,,0.7,D · plan-based · ±70%,P-DIS-TER,Biom Refillable Plant-Based Wipes Dispenser - Terracotta,D3-C2,5,6.0,READY_FOR_LAUNCH,exact,2026-11-01,0.0,2026-11-01,FY2026 W40
2026-11-01,94723689,0.0,,,,forecast,trailing_4wk_mean,beyond_plan_horizon,BEYOND_PLAN_HORIZON,0.0,0.0,0.0,0,D,0.0,0.0,,0.7,D · plan-based · ±70%,P-40WIP-6IN-AP-VAN,"Biom Tres Vanille All-Purpose Cleaning Mini Wipes - 40ct: Refill Pouch, Removes Dirt",D3-C2,5,12.0,READY_FOR_LAUNCH,exact,2026-11-01,0.0,2026-11-01,FY2026 W40
2026-11-01,94799734,242.0,,,,forecast,trailing_4wk_mean,beyond_plan_horizon,BEYOND_PLAN_HORIZON,80.0,242.0,386.5,8,D,73.0,411.0,,0.7,D · plan-based · ±70%,K-DIS-2BAB-WHI,"Biom 99% Water Hypoallergenic Baby Starter Kit - White - Fragrance Free - 120 wipes: Face, Hands, Nose, Whole Body, Diaper Area",D7,7,4.0,READY_FOR_LAUNCH,exact,2026-11-08,60.5,2026-11-01,FY2026 W40
2026-11-01,94799736,0.0,,,,forecast,trailing_4wk_mean,beyond_plan_horizon,BEYOND_PLAN_HORIZON,0.0,0.0,200.0,4,D,0.0,0.0,,0.7,D · plan-based · ±70%,K-DIS-2BAB-LGR,"Biom 99% Water Hypoallergenic Baby Starter Kit - Seafoam Green - Fragrance Free - 120ct: Refillable, Alcohol-Free, Aloe & Vitamin E",D7,7,4.0,READY_FOR_LAUNCH,exact,2026-11-08,0.0,2026-11-01,FY2026 W40
2026-11-01,94799737,1173.0,,,,forecast,trailing_4wk_mean,beyond_plan_horizon,BEYOND_PLAN_HORIZON,396.0,1173.0,1992.0,8,D,352.0,1994.0,,0.7,D · plan-based · ±70%,P-60WIP-BAB-FRA,"Biom 99% Water Hypoallergenic Baby Wipes - Fragrance Free - 60ct: Alcohol-Free, Contains Aloe, Refill Pouch",D7,7,12.0,READY_FOR_LAUNCH,exact,2026-11-08,97.8,2026-11-01,FY2026 W40
2026-11-01,94799738,0.0,,,,forecast,trailing_4wk_mean,beyond_plan_horizon,BEYOND_PLAN_HORIZON,0.0,0.0,31.0,4,D,0.0,0.0,,0.7,D · plan-based · ±70%,K-DIS-2BAB-PUR,"Biom 99% Water Hypoallergenic Baby Starter Kit - Lilac - Fragrance Free - 120ct: Refillable Container, Contains Aloe, Contains Vitamin E",D7,7,6.0,READY_FOR_LAUNCH,exact,2026-11-08,0.0,2026-11-01,FY2026 W40
2026-11-01,94799739,650.0,,,,forecast,trailing_4wk_mean,beyond_plan_horizon,BEYOND_PLAN_HORIZON,153.0,650.25,998.625,8,D,195.0,1105.0,,0.7,D · plan-based · ±70%,K-60WIP-BAB-FRA-4PK,"Biom 99% Water Hypoallergenic Baby Wipes -Fragrance Free - 240ct: Face, Hands, Nose, Whole Body, Diaper Area",D7,7,3.0,READY_FOR_LAUNCH,exact,2026-11-08,216.7,2026-11-01,FY2026 W40
2026-11-01,94799740,724.0,,,,forecast,trailing_4wk_mean,beyond_plan_horizon,BEYOND_PLAN_HORIZON,175.0,724.0,582.75,8,D,217.0,1231.0,,0.7,D · plan-based · ±70%,K-60WIP-BAB-FRA-12PK,"Biom 99% Water Hypoallergenic Baby Wipes - Fragrance Free - 720ct: Face & Body Application, Refill Pouch, With Aloe & Vitamin E",D7,7,1.0,READY_FOR_LAUNCH,exact,2026-11-08,724.0,2026-11-01,FY2026 W40
2026-11-01,94928289,0.0,,,,forecast,trailing_4wk_mean,beyond_plan_horizon,BEYOND_PLAN_HORIZON,0.0,0.0,0.0,0,D,0.0,0.0,,0.7,D · plan-based · ±70%,P-60WIP-DSN-ALP,Biom Plastic Free Plant Based Disinfecting Wipes - Alpine Mint - 60ct,D3-C2,5,12.0,READY_FOR_LAUNCH,exact,2026-11-01,0.0,2026-11-01,FY2026 W40
2026-11-01,94928290,429.0,,,,forecast,trailing_4wk_mean,beyond_plan_horizon,BEYOND_PLAN_HORIZON,740.0,429.0,501.0,8,D,129.0,729.0,,0.7,D · plan-based · ±70%,P-DIS-SS-BRU,Biom Refillable Plant-Based Wipes Dispenser - Brushed Stainless,D3-C2,5,4.0,READY_FOR_LAUNCH,exact,2026-11-01,107.2,2026-11-01,FY2026 W40
2026-11-01,94928291,518.0,,,,forecast,trailing_4wk_mean,beyond_plan_horizon,BEYOND_PLAN_HORIZON,912.0,518.0,669.0,8,D,155.0,881.0,,0.7,D · plan-based · ±70%,K-60WIP-DSN-COM-3PK,"Biom Plastic Free Plant Based Disinfecting Wipes - Variety - 3pk/180ct: Ammonia-Free, Paraben-Free, Mint Scent",D3-C2,5,4.0,READY_FOR_LAUNCH,exact,2026-11-01,129.5,2026-11-01,FY2026 W40
2026-11-01,94928292,366.0,,,,forecast,trailing_4wk_mean,beyond_plan_horizon,BEYOND_PLAN_HORIZON,528.0,366.0,877.5,8,D,110.0,622.0,,0.7,D · plan-based · ±70%,P-60WIP-DSN-CIT,"Biom Plastic Free Plant Based Disinfecting Wipes - Fresh Citrus - 60ct: Ammonia-Free, Aluminum-Free, Paraben-Free",D3-C2,5,12.0,READY_FOR_LAUNCH,exact,2026-11-01,30.5,2026-11-01,FY2026 W40
2026-11-01,94928293,690.0,,,,forecast,trailing_4wk_mean,beyond_plan_horizon,BEYOND_PLAN_HORIZON,1096.0,690.0,1583.5,8,D,207.0,1173.0,,0.7,D · plan-based · ±70%,K-60WIP-AP-COM,Biom Plant Based Refillable All Purpose Wipes Variety - 3pk/180ct,D3-C2,5,4.0,READY_FOR_LAUNCH,exact,2026-11-01,172.5,2026-11-01,FY2026 W40
2026-11-01,94979715,876.0,,,,forecast,trailing_4wk_mean,beyond_plan_horizon,BEYOND_PLAN_HORIZON,384.0,876.0,1344.0,8,D,263.0,1489.0,,0.7,D · plan-based · ±70%,P-30WIP-BOD-NAT-TRV,Biom Travel Pack Biodegradable Body Wipes - Naturally Fresh - 30ct,D253-C4,5,24.0,READY_FOR_LAUNCH,exact,2026-11-01,36.5,2026-11-01,FY2026 W40
2026-11-01,94979716,0.0,,,,forecast,trailing_4wk_mean,beyond_plan_horizon,BEYOND_PLAN_HORIZON,0.0,0.0,369.0,2,D,0.0,0.0,,0.7,D · plan-based · ±70%,P-20WIP-SAN-STL-TRV,Biom Travel Pack Biodegradable Hand Sanitizing Wipes - Santal Escape - 20ct,D253-C4,5,24.0,READY_FOR_LAUNCH,exact,2026-11-01,0.0,2026-11-01,FY2026 W40
2026-11-01,94979717,884.0,,,,forecast,trailing_4wk_mean,beyond_plan_horizon,BEYOND_PLAN_HORIZON,942.0,883.5,865.5,8,D,265.0,1503.0,,0.7,D · plan-based · ±70%,K-6DIS-WHI-1SAN-STL,Biom Mini Dispenser with Biodegradable Hand Sanitizing Wipes - Santal Escape - 40ct,D253-C4,5,6.0,READY_FOR_LAUNCH,exact,2026-11-01,147.3,2026-11-01,FY2026 W40
2026-11-01,94979718,1512.0,,,,forecast,trailing_4wk_mean,beyond_plan_horizon,BEYOND_PLAN_HORIZON,1800.0,1512.0,1728.0,8,D,454.0,2570.0,,0.7,D · plan-based · ±70%,P-40WIP-6IN-SAN-STL,Biom Mini Biodegradable Refillable Hand Sanitizing Wipes - Santal Escape - 40ct,D253-C4,5,24.0,READY_FOR_LAUNCH,exact,2026-11-01,63.0,2026-11-01,FY2026 W40
2026-11-01,95285660,0.0,,,,forecast,trailing_4wk_mean,beyond_plan_horizon,BEYOND_PLAN_HORIZON,0.0,0.0,0.0,0,D,0.0,0.0,,0.7,D · plan-based · ±70%,P-60WIP-FLU-FRA-2PK,Biom Flushable Personal Wipes Fragrance Free - 120ct,D253-C6,5,12.0,READY_FOR_ORDER,inferred,2026-11-01,0.0,2026-11-01,FY2026 W40
2026-11-01,95285661,28.0,,,,forecast,trailing_4wk_mean,beyond_plan_horizon,BEYOND_PLAN_HORIZON,112.0,28.0,14.0,1,D,8.0,48.0,,0.7,D · plan-based · ±70%,K-60WIP-FLU-FRA-3Pk,Biom Flushable Personal Wipes Unscented - 180ct,D253-C6,5,4.0,READY_FOR_ORDER,exact,2026-11-01,7.0,2026-11-01,FY2026 W40
2026-11-01,95285662,0.0,,,,forecast,trailing_4wk_mean,beyond_plan_horizon,BEYOND_PLAN_HORIZON,0.0,0.0,0.0,0,D,0.0,0.0,,0.7,D · plan-based · ±70%,K-DIS-2FLU-WHI,Biom White Flushable One Handed Kit Personal Wipes Unscented - 120ct,D253-C6,5,4.0,READY_FOR_ORDER,inferred,2026-11-01,0.0,2026-11-01,FY2026 W40
2026-11-01,1010810949,4572.0,,,,forecast,trailing_4wk_mean,beyond_plan_horizon,BEYOND_PLAN_HORIZON,1728.0,4572.0,2286.0,4,D,1372.0,7772.0,,0.7,D · plan-based · ±70%,P-40WIP-LIT-FRA,Biom Baby Mini Little Messes Hand Wipes Refills Fragrance Free - 40ct,D7,7,24.0,READY_FOR_LAUNCH,exact,2026-11-08,190.5,2026-11-01,FY2026 W40
2026-11-01,1010810951,930.0,,,,forecast,trailing_4wk_mean,beyond_plan_horizon,BEYOND_PLAN_HORIZON,330.0,930.0,465.0,3,D,279.0,1581.0,,0.7,D · plan-based · ±70%,K-6DIS-PER-1LIT,Biom Refillable Mini Dispenser Little Mess Hand Wipes Periwinkle - 40ct,D7,7,6.0,READY_FOR_LAUNCH,exact,2026-11-08,155.0,2026-11-01,FY2026 W40
2026-11-01,1011278742,0.0,,,,forecast,trailing_4wk_mean,beyond_plan_horizon,BEYOND_PLAN_HORIZON,0.0,0.0,0.0,0,D,0.0,0.0,,0.7,D · plan-based · ±70%,P-20WIP-SAN-BER-TRV,Biom Sanitizing Go-Pack Holiday Bergamot Bloom - Hand Wipes - 20ct,D253-C4,5,24.0,READY_FOR_ORDER,exact,2026-11-01,0.0,2026-11-01,FY2026 W40
2026-11-01,1011824789,0.0,,,,forecast,trailing_4wk_mean,beyond_plan_horizon,BEYOND_PLAN_HORIZON,0.0,0.0,0.0,0,D,0.0,0.0,,0.7,D · plan-based · ±70%,P-60WIP-DSN-PIN,Biom Pine Forest Disinfecting Wipes Refill All-Purpose Cleaners - 60ct,D3-C2,5,12.0,READY_FOR_ORDER,unmapped,2026-11-01,0.0,2026-11-01,FY2026 W40
2026-11-01,1012188490,0.0,,,,forecast,trailing_4wk_mean,beyond_plan_horizon,BEYOND_PLAN_HORIZON,0.0,0.0,0.0,0,D,0.0,0.0,,0.7,D · plan-based · ±70%,P-30WIP-LIT-FRA,Biom Little Mess Baby Wipes Go-Pack Unscented - 30ct,D7,7,24.0,READY_FOR_ORDER,exact,2026-11-08,0.0,2026-11-01,FY2026 W40
2026-11-01,1012188491,0.0,,,,forecast,trailing_4wk_mean,beyond_plan_horizon,BEYOND_PLAN_HORIZON,0.0,0.0,0.0,0,D,0.0,0.0,,0.7,D · plan-based · ±70%,P-30WIP-BAB-FRA,Biom Baby Wipes Go-Pack Unscented - 30ct,D7,7,24.0,READY_FOR_ORDER,exact,2026-11-08,0.0,2026-11-01,FY2026 W40
2026-11-01,1012914812,0.0,,,,forecast,trailing_4wk_mean,beyond_plan_horizon,BEYOND_PLAN_HORIZON,0.0,0.0,0.0,0,D,0.0,0.0,,0.7,D · plan-based · ±70%,P-20WIP-AP-STL-TRV,Biom Santal Escape Cleaning Wipe Go-Pack All-Purpose Cleaners - 20ct,D3-C2,5,,READY_FOR_ORDER,unmapped,2026-11-01,,2026-11-01,FY2026 W40
2026-11-01,1012914813,0.0,,,,forecast,trailing_4wk_mean,beyond_plan_horizon,BEYOND_PLAN_HORIZON,0.0,0.0,0.0,0,D,0.0,0.0,,0.7,D · plan-based · ±70%,P-20WIP-DSN-CIT-TRV,Biom Fresh Citrus Disinfecting Wipe Go-Pack All-Purpose Cleaners - 20ct,D3-C2,5,,READY_FOR_ORDER,unmapped,2026-11-01,,2026-11-01,FY2026 W40
2026-11-08,89854821,1749.0,,,,forecast,trailing_4wk_mean,beyond_plan_horizon,BEYOND_PLAN_HORIZON,2154.0,1749.0,1789.5,8,D,525.0,2973.0,,0.7,D · plan-based · ±70%,P-DIS-EUC,Biom Refillable Plant-Based Wipes Dispenser - Eucalyptus,D3-C2,5,6.0,READY_FOR_LAUNCH,exact,2026-11-08,291.5,2026-11-08,FY2026 W41
2026-11-08,89854822,0.0,,,,forecast,trailing_4wk_mean,beyond_plan_horizon,BEYOND_PLAN_HORIZON,0.0,0.0,0.0,0,D,0.0,0.0,,0.7,D · plan-based · ±70%,P-60WIP-AP-LAV,"Biom Lavender Ease All Purpose Cleaning Wipes Refill - 60ct: Safe for Sensitive Skin, Contains Naturally Derived Ingredients, Removes Grease",D3-C2,5,12.0,READY_FOR_LAUNCH,exact,2026-11-08,0.0,2026-11-08,FY2026 W41
2026-11-08,89854823,1322.0,,,,forecast,trailing_4wk_mean,beyond_plan_horizon,BEYOND_PLAN_HORIZON,2340.0,1321.5,1105.5,8,D,397.0,2247.0,,0.7,D · plan-based · ±70%,P-DIS-WHI,"Biom Refillable Plant-Based Wipes Dispenser - White: BPA-Free, Multi-Surface Use, Silicone Components",D3-C2,5,6.0,READY_FOR_LAUNCH,exact,2026-11-08,220.3,2026-11-08,FY2026 W41
2026-11-08,89854824,0.0,,,,forecast,trailing_4wk_mean,beyond_plan_horizon,BEYOND_PLAN_HORIZON,0.0,0.0,0.0,0,D,0.0,0.0,,0.7,D · plan-based · ±70%,P-60WIP-AP-GRA,"Biom Grapefruit Zest All Purpose Cleaning Wipes Refill - 60ct: Safe for Sensitive Skin, Contains Naturally Derived Ingredients, Multi-Surface Cleaner",D3-C2,5,12.0,READY_FOR_LAUNCH,exact,2026-11-08,0.0,2026-11-08,FY2026 W41
2026-11-08,89854825,1722.0,,,,forecast,trailing_4wk_mean,beyond_plan_horizon,BEYOND_PLAN_HORIZON,1320.0,1722.0,1765.5,8,D,517.0,2927.0,,0.7,D · plan-based · ±70%,P-DIS-TAN,Biom Refillable Plant-Based Wipes Dispenser - Sand,D3-C2,5,6.0,READY_FOR_LAUNCH,exact,2026-11-08,287.0,2026-11-08,FY2026 W41
2026-11-08,89854826,1401.0,,,,forecast,trailing_4wk_mean,beyond_plan_horizon,BEYOND_PLAN_HORIZON,1020.0,1401.0,2289.0,8,D,420.0,2382.0,,0.7,D · plan-based · ±70%,P-60WIP-AP-STL,Biom Plant Based Refillable All Purpose Wipes - Santal Escape - 60ct,D3-C2,5,12.0,READY_FOR_LAUNCH,exact,2026-11-08,116.8,2026-11-08,FY2026 W41
2026-11-08,93197977,498.0,,,,forecast,trailing_4wk_mean,beyond_plan_horizon,BEYOND_PLAN_HORIZON,456.0,498.0,877.5,8,D,149.0,847.0,,0.7,D · plan-based · ±70%,P-60WIP-AP-NER,Biom Plant Based Refillable All Purpose Wipes - Neroli Dream - 60ct,D3-C2,5,12.0,READY_FOR_LAUNCH,exact,2026-11-08,41.5,2026-11-08,FY2026 W41
2026-11-08,93197978,0.0,,,,forecast,trailing_4wk_mean,beyond_plan_horizon,BEYOND_PLAN_HORIZON,0.0,0.0,0.0,0,D,0.0,0.0,,0.7,D · plan-based · ±70%,,Biom Refillable Wipe Dispenser,D3-C2,5,,,unmapped,2026-11-08,,2026-11-08,FY2026 W41
2026-11-08,93197979,2217.0,,,,forecast,trailing_4wk_mean,beyond_plan_horizon,BEYOND_PLAN_HORIZON,3096.0,2217.0,2322.0,8,D,665.0,3769.0,,0.7,D · plan-based · ±70%,P-60WIP-AP-FRA,Biom Plant Based Refillable All Purpose Wipes - Fragrance Free - 60ct,D3-C2,5,12.0,READY_FOR_LAUNCH,exact,2026-11-08,184.8,2026-11-08,FY2026 W41
2026-11-08,94643458,27.0,,,,forecast,trailing_4wk_mean,beyond_plan_horizon,BEYOND_PLAN_HORIZON,24.0,27.0,24.0,8,D,8.0,46.0,,0.7,D · plan-based · ±70%,P-DIS-DGR,"Biom Refillable Wipes Dispenser - Hunter Green: BPA-Free, Silicone Material",D3-C2,5,6.0,READY_FOR_LAUNCH,exact,2026-11-08,4.5,2026-11-08,FY2026 W41
2026-11-08,94643459,60.0,,,,forecast,trailing_4wk_mean,beyond_plan_horizon,BEYOND_PLAN_HORIZON,36.0,60.0,58.5,8,D,18.0,102.0,,0.7,D · plan-based · ±70%,P-DIS-BLK,"Biom Refillable Wipes Dispenser - Black: BPA-Free, Silicone, Cleaning Tools and Accessories",D3-C2,5,6.0,READY_FOR_LAUNCH,exact,2026-11-08,10.0,2026-11-08,FY2026 W41
2026-11-08,94643460,56.0,,,,forecast,trailing_4wk_mean,beyond_plan_horizon,BEYOND_PLAN_HORIZON,36.0,55.5,53.25,8,D,17.0,95.0,,0.7,D · plan-based · ±70%,P-DIS-LGR,"Biom Refillable Wipes Dispenser - Seafoam: BPA-Free, Silicone, 8 Inch Height",D3-C2,5,6.0,READY_FOR_LAUNCH,exact,2026-11-08,9.3,2026-11-08,FY2026 W41
2026-11-08,94723685,0.0,,,,forecast,trailing_4wk_mean,beyond_plan_horizon,BEYOND_PLAN_HORIZON,0.0,0.0,0.0,0,D,0.0,0.0,,0.7,D · plan-based · ±70%,P-60WIP-AP-FIR,"Biom Fraser Fir All-Purpose Cleaning Wipes Refill - 60ct: Removes Dirt, Grease, Multi-Surface Use",D3-C2,5,12.0,READY_FOR_LAUNCH,exact,2026-11-08,0.0,2026-11-08,FY2026 W41
2026-11-08,94723686,0.0,,,,forecast,trailing_4wk_mean,beyond_plan_horizon,BEYOND_PLAN_HORIZON,0.0,0.0,0.0,0,D,0.0,0.0,,0.7,D · plan-based · ±70%,P-60WIP-AP-PEP,Biom Peppermint All-Purpose Cleaning Wipes Refill - 60ct,D3-C2,5,12.0,READY_FOR_LAUNCH,exact,2026-11-08,0.0,2026-11-08,FY2026 W41
2026-11-08,94723687,0.0,,,,forecast,trailing_4wk_mean,beyond_plan_horizon,BEYOND_PLAN_HORIZON,0.0,0.0,0.0,0,D,0.0,0.0,,0.7,D · plan-based · ±70%,P-6DIS-WHI,"Biom Mini Refillable Wipe Dispenser - Bone: BPA-Free, Silicone, 6 Height",D3-C2,5,6.0,READY_FOR_LAUNCH,exact,2026-11-08,0.0,2026-11-08,FY2026 W41
2026-11-08,94723688,0.0,,,,forecast,trailing_4wk_mean,beyond_plan_horizon,BEYOND_PLAN_HORIZON,0.0,0.0,0.0,0,D,0.0,0.0,,0.7,D · plan-based · ±70%,P-DIS-TER,Biom Refillable Plant-Based Wipes Dispenser - Terracotta,D3-C2,5,6.0,READY_FOR_LAUNCH,exact,2026-11-08,0.0,2026-11-08,FY2026 W41
2026-11-08,94723689,0.0,,,,forecast,trailing_4wk_mean,beyond_plan_horizon,BEYOND_PLAN_HORIZON,0.0,0.0,0.0,0,D,0.0,0.0,,0.7,D · plan-based · ±70%,P-40WIP-6IN-AP-VAN,"Biom Tres Vanille All-Purpose Cleaning Mini Wipes - 40ct: Refill Pouch, Removes Dirt",D3-C2,5,12.0,READY_FOR_LAUNCH,exact,2026-11-08,0.0,2026-11-08,FY2026 W41
2026-11-08,94799734,242.0,,,,forecast,trailing_4wk_mean,beyond_plan_horizon,BEYOND_PLAN_HORIZON,80.0,242.0,386.5,8,D,73.0,411.0,,0.7,D · plan-based · ±70%,K-DIS-2BAB-WHI,"Biom 99% Water Hypoallergenic Baby Starter Kit - White - Fragrance Free - 120 wipes: Face, Hands, Nose, Whole Body, Diaper Area",D7,7,4.0,READY_FOR_LAUNCH,exact,2026-11-15,60.5,2026-11-08,FY2026 W41
2026-11-08,94799736,0.0,,,,forecast,trailing_4wk_mean,beyond_plan_horizon,BEYOND_PLAN_HORIZON,0.0,0.0,200.0,4,D,0.0,0.0,,0.7,D · plan-based · ±70%,K-DIS-2BAB-LGR,"Biom 99% Water Hypoallergenic Baby Starter Kit - Seafoam Green - Fragrance Free - 120ct: Refillable, Alcohol-Free, Aloe & Vitamin E",D7,7,4.0,READY_FOR_LAUNCH,exact,2026-11-15,0.0,2026-11-08,FY2026 W41
2026-11-08,94799737,1173.0,,,,forecast,trailing_4wk_mean,beyond_plan_horizon,BEYOND_PLAN_HORIZON,396.0,1173.0,1992.0,8,D,352.0,1994.0,,0.7,D · plan-based · ±70%,P-60WIP-BAB-FRA,"Biom 99% Water Hypoallergenic Baby Wipes - Fragrance Free - 60ct: Alcohol-Free, Contains Aloe, Refill Pouch",D7,7,12.0,READY_FOR_LAUNCH,exact,2026-11-15,97.8,2026-11-08,FY2026 W41
2026-11-08,94799738,0.0,,,,forecast,trailing_4wk_mean,beyond_plan_horizon,BEYOND_PLAN_HORIZON,0.0,0.0,31.0,4,D,0.0,0.0,,0.7,D · plan-based · ±70%,K-DIS-2BAB-PUR,"Biom 99% Water Hypoallergenic Baby Starter Kit - Lilac - Fragrance Free - 120ct: Refillable Container, Contains Aloe, Contains Vitamin E",D7,7,6.0,READY_FOR_LAUNCH,exact,2026-11-15,0.0,2026-11-08,FY2026 W41
2026-11-08,94799739,650.0,,,,forecast,trailing_4wk_mean,beyond_plan_horizon,BEYOND_PLAN_HORIZON,153.0,650.25,998.625,8,D,195.0,1105.0,,0.7,D · plan-based · ±70%,K-60WIP-BAB-FRA-4PK,"Biom 99% Water Hypoallergenic Baby Wipes -Fragrance Free - 240ct: Face, Hands, Nose, Whole Body, Diaper Area",D7,7,3.0,READY_FOR_LAUNCH,exact,2026-11-15,216.7,2026-11-08,FY2026 W41
2026-11-08,94799740,724.0,,,,forecast,trailing_4wk_mean,beyond_plan_horizon,BEYOND_PLAN_HORIZON,175.0,724.0,582.75,8,D,217.0,1231.0,,0.7,D · plan-based · ±70%,K-60WIP-BAB-FRA-12PK,"Biom 99% Water Hypoallergenic Baby Wipes - Fragrance Free - 720ct: Face & Body Application, Refill Pouch, With Aloe & Vitamin E",D7,7,1.0,READY_FOR_LAUNCH,exact,2026-11-15,724.0,2026-11-08,FY2026 W41
2026-11-08,94928289,0.0,,,,forecast,trailing_4wk_mean,beyond_plan_horizon,BEYOND_PLAN_HORIZON,0.0,0.0,0.0,0,D,0.0,0.0,,0.7,D · plan-based · ±70%,P-60WIP-DSN-ALP,Biom Plastic Free Plant Based Disinfecting Wipes - Alpine Mint - 60ct,D3-C2,5,12.0,READY_FOR_LAUNCH,exact,2026-11-08,0.0,2026-11-08,FY2026 W41
2026-11-08,94928290,429.0,,,,forecast,trailing_4wk_mean,beyond_plan_horizon,BEYOND_PLAN_HORIZON,740.0,429.0,501.0,8,D,129.0,729.0,,0.7,D · plan-based · ±70%,P-DIS-SS-BRU,Biom Refillable Plant-Based Wipes Dispenser - Brushed Stainless,D3-C2,5,4.0,READY_FOR_LAUNCH,exact,2026-11-08,107.2,2026-11-08,FY2026 W41
2026-11-08,94928291,518.0,,,,forecast,trailing_4wk_mean,beyond_plan_horizon,BEYOND_PLAN_HORIZON,912.0,518.0,669.0,8,D,155.0,881.0,,0.7,D · plan-based · ±70%,K-60WIP-DSN-COM-3PK,"Biom Plastic Free Plant Based Disinfecting Wipes - Variety - 3pk/180ct: Ammonia-Free, Paraben-Free, Mint Scent",D3-C2,5,4.0,READY_FOR_LAUNCH,exact,2026-11-08,129.5,2026-11-08,FY2026 W41
2026-11-08,94928292,366.0,,,,forecast,trailing_4wk_mean,beyond_plan_horizon,BEYOND_PLAN_HORIZON,528.0,366.0,877.5,8,D,110.0,622.0,,0.7,D · plan-based · ±70%,P-60WIP-DSN-CIT,"Biom Plastic Free Plant Based Disinfecting Wipes - Fresh Citrus - 60ct: Ammonia-Free, Aluminum-Free, Paraben-Free",D3-C2,5,12.0,READY_FOR_LAUNCH,exact,2026-11-08,30.5,2026-11-08,FY2026 W41
2026-11-08,94928293,690.0,,,,forecast,trailing_4wk_mean,beyond_plan_horizon,BEYOND_PLAN_HORIZON,1096.0,690.0,1583.5,8,D,207.0,1173.0,,0.7,D · plan-based · ±70%,K-60WIP-AP-COM,Biom Plant Based Refillable All Purpose Wipes Variety - 3pk/180ct,D3-C2,5,4.0,READY_FOR_LAUNCH,exact,2026-11-08,172.5,2026-11-08,FY2026 W41
2026-11-08,94979715,876.0,,,,forecast,trailing_4wk_mean,beyond_plan_horizon,BEYOND_PLAN_HORIZON,384.0,876.0,1344.0,8,D,263.0,1489.0,,0.7,D · plan-based · ±70%,P-30WIP-BOD-NAT-TRV,Biom Travel Pack Biodegradable Body Wipes - Naturally Fresh - 30ct,D253-C4,5,24.0,READY_FOR_LAUNCH,exact,2026-11-08,36.5,2026-11-08,FY2026 W41
2026-11-08,94979716,0.0,,,,forecast,trailing_4wk_mean,beyond_plan_horizon,BEYOND_PLAN_HORIZON,0.0,0.0,369.0,2,D,0.0,0.0,,0.7,D · plan-based · ±70%,P-20WIP-SAN-STL-TRV,Biom Travel Pack Biodegradable Hand Sanitizing Wipes - Santal Escape - 20ct,D253-C4,5,24.0,READY_FOR_LAUNCH,exact,2026-11-08,0.0,2026-11-08,FY2026 W41
2026-11-08,94979717,884.0,,,,forecast,trailing_4wk_mean,beyond_plan_horizon,BEYOND_PLAN_HORIZON,942.0,883.5,865.5,8,D,265.0,1503.0,,0.7,D · plan-based · ±70%,K-6DIS-WHI-1SAN-STL,Biom Mini Dispenser with Biodegradable Hand Sanitizing Wipes - Santal Escape - 40ct,D253-C4,5,6.0,READY_FOR_LAUNCH,exact,2026-11-08,147.3,2026-11-08,FY2026 W41
2026-11-08,94979718,1512.0,,,,forecast,trailing_4wk_mean,beyond_plan_horizon,BEYOND_PLAN_HORIZON,1800.0,1512.0,1728.0,8,D,454.0,2570.0,,0.7,D · plan-based · ±70%,P-40WIP-6IN-SAN-STL,Biom Mini Biodegradable Refillable Hand Sanitizing Wipes - Santal Escape - 40ct,D253-C4,5,24.0,READY_FOR_LAUNCH,exact,2026-11-08,63.0,2026-11-08,FY2026 W41
2026-11-08,95285660,0.0,,,,forecast,trailing_4wk_mean,beyond_plan_horizon,BEYOND_PLAN_HORIZON,0.0,0.0,0.0,0,D,0.0,0.0,,0.7,D · plan-based · ±70%,P-60WIP-FLU-FRA-2PK,Biom Flushable Personal Wipes Fragrance Free - 120ct,D253-C6,5,12.0,READY_FOR_ORDER,inferred,2026-11-08,0.0,2026-11-08,FY2026 W41
2026-11-08,95285661,28.0,,,,forecast,trailing_4wk_mean,beyond_plan_horizon,BEYOND_PLAN_HORIZON,112.0,28.0,14.0,1,D,8.0,48.0,,0.7,D · plan-based · ±70%,K-60WIP-FLU-FRA-3Pk,Biom Flushable Personal Wipes Unscented - 180ct,D253-C6,5,4.0,READY_FOR_ORDER,exact,2026-11-08,7.0,2026-11-08,FY2026 W41
2026-11-08,95285662,0.0,,,,forecast,trailing_4wk_mean,beyond_plan_horizon,BEYOND_PLAN_HORIZON,0.0,0.0,0.0,0,D,0.0,0.0,,0.7,D · plan-based · ±70%,K-DIS-2FLU-WHI,Biom White Flushable One Handed Kit Personal Wipes Unscented - 120ct,D253-C6,5,4.0,READY_FOR_ORDER,inferred,2026-11-08,0.0,2026-11-08,FY2026 W41
2026-11-08,1010810949,4572.0,,,,forecast,trailing_4wk_mean,beyond_plan_horizon,BEYOND_PLAN_HORIZON,1728.0,4572.0,2286.0,4,D,1372.0,7772.0,,0.7,D · plan-based · ±70%,P-40WIP-LIT-FRA,Biom Baby Mini Little Messes Hand Wipes Refills Fragrance Free - 40ct,D7,7,24.0,READY_FOR_LAUNCH,exact,2026-11-15,190.5,2026-11-08,FY2026 W41
2026-11-08,1010810951,930.0,,,,forecast,trailing_4wk_mean,beyond_plan_horizon,BEYOND_PLAN_HORIZON,330.0,930.0,465.0,3,D,279.0,1581.0,,0.7,D · plan-based · ±70%,K-6DIS-PER-1LIT,Biom Refillable Mini Dispenser Little Mess Hand Wipes Periwinkle - 40ct,D7,7,6.0,READY_FOR_LAUNCH,exact,2026-11-15,155.0,2026-11-08,FY2026 W41
2026-11-08,1011278742,0.0,,,,forecast,trailing_4wk_mean,beyond_plan_horizon,BEYOND_PLAN_HORIZON,0.0,0.0,0.0,0,D,0.0,0.0,,0.7,D · plan-based · ±70%,P-20WIP-SAN-BER-TRV,Biom Sanitizing Go-Pack Holiday Bergamot Bloom - Hand Wipes - 20ct,D253-C4,5,24.0,READY_FOR_ORDER,exact,2026-11-08,0.0,2026-11-08,FY2026 W41
2026-11-08,1011824789,0.0,,,,forecast,trailing_4wk_mean,beyond_plan_horizon,BEYOND_PLAN_HORIZON,0.0,0.0,0.0,0,D,0.0,0.0,,0.7,D · plan-based · ±70%,P-60WIP-DSN-PIN,Biom Pine Forest Disinfecting Wipes Refill All-Purpose Cleaners - 60ct,D3-C2,5,12.0,READY_FOR_ORDER,unmapped,2026-11-08,0.0,2026-11-08,FY2026 W41
2026-11-08,1012188490,0.0,,,,forecast,trailing_4wk_mean,beyond_plan_horizon,BEYOND_PLAN_HORIZON,0.0,0.0,0.0,0,D,0.0,0.0,,0.7,D · plan-based · ±70%,P-30WIP-LIT-FRA,Biom Little Mess Baby Wipes Go-Pack Unscented - 30ct,D7,7,24.0,READY_FOR_ORDER,exact,2026-11-15,0.0,2026-11-08,FY2026 W41
2026-11-08,1012188491,0.0,,,,forecast,trailing_4wk_mean,beyond_plan_horizon,BEYOND_PLAN_HORIZON,0.0,0.0,0.0,0,D,0.0,0.0,,0.7,D · plan-based · ±70%,P-30WIP-BAB-FRA,Biom Baby Wipes Go-Pack Unscented - 30ct,D7,7,24.0,READY_FOR_ORDER,exact,2026-11-15,0.0,2026-11-08,FY2026 W41
2026-11-08,1012914812,0.0,,,,forecast,trailing_4wk_mean,beyond_plan_horizon,BEYOND_PLAN_HORIZON,0.0,0.0,0.0,0,D,0.0,0.0,,0.7,D · plan-based · ±70%,P-20WIP-AP-STL-TRV,Biom Santal Escape Cleaning Wipe Go-Pack All-Purpose Cleaners - 20ct,D3-C2,5,,READY_FOR_ORDER,unmapped,2026-11-08,,2026-11-08,FY2026 W41
2026-11-08,1012914813,0.0,,,,forecast,trailing_4wk_mean,beyond_plan_horizon,BEYOND_PLAN_HORIZON,0.0,0.0,0.0,0,D,0.0,0.0,,0.7,D · plan-based · ±70%,P-20WIP-DSN-CIT-TRV,Biom Fresh Citrus Disinfecting Wipe Go-Pack All-Purpose Cleaners - 20ct,D3-C2,5,,READY_FOR_ORDER,unmapped,2026-11-08,,2026-11-08,FY2026 W41
2026-11-15,89854821,1749.0,,,,forecast,trailing_4wk_mean,beyond_plan_horizon,BEYOND_PLAN_HORIZON,2154.0,1749.0,1789.5,8,D,525.0,2973.0,,0.7,D · plan-based · ±70%,P-DIS-EUC,Biom Refillable Plant-Based Wipes Dispenser - Eucalyptus,D3-C2,5,6.0,READY_FOR_LAUNCH,exact,2026-11-15,291.5,2026-11-15,FY2026 W42
2026-11-15,89854822,0.0,,,,forecast,trailing_4wk_mean,beyond_plan_horizon,BEYOND_PLAN_HORIZON,0.0,0.0,0.0,0,D,0.0,0.0,,0.7,D · plan-based · ±70%,P-60WIP-AP-LAV,"Biom Lavender Ease All Purpose Cleaning Wipes Refill - 60ct: Safe for Sensitive Skin, Contains Naturally Derived Ingredients, Removes Grease",D3-C2,5,12.0,READY_FOR_LAUNCH,exact,2026-11-15,0.0,2026-11-15,FY2026 W42
2026-11-15,89854823,1322.0,,,,forecast,trailing_4wk_mean,beyond_plan_horizon,BEYOND_PLAN_HORIZON,2340.0,1321.5,1105.5,8,D,397.0,2247.0,,0.7,D · plan-based · ±70%,P-DIS-WHI,"Biom Refillable Plant-Based Wipes Dispenser - White: BPA-Free, Multi-Surface Use, Silicone Components",D3-C2,5,6.0,READY_FOR_LAUNCH,exact,2026-11-15,220.3,2026-11-15,FY2026 W42
2026-11-15,89854824,0.0,,,,forecast,trailing_4wk_mean,beyond_plan_horizon,BEYOND_PLAN_HORIZON,0.0,0.0,0.0,0,D,0.0,0.0,,0.7,D · plan-based · ±70%,P-60WIP-AP-GRA,"Biom Grapefruit Zest All Purpose Cleaning Wipes Refill - 60ct: Safe for Sensitive Skin, Contains Naturally Derived Ingredients, Multi-Surface Cleaner",D3-C2,5,12.0,READY_FOR_LAUNCH,exact,2026-11-15,0.0,2026-11-15,FY2026 W42
2026-11-15,89854825,1722.0,,,,forecast,trailing_4wk_mean,beyond_plan_horizon,BEYOND_PLAN_HORIZON,1320.0,1722.0,1765.5,8,D,517.0,2927.0,,0.7,D · plan-based · ±70%,P-DIS-TAN,Biom Refillable Plant-Based Wipes Dispenser - Sand,D3-C2,5,6.0,READY_FOR_LAUNCH,exact,2026-11-15,287.0,2026-11-15,FY2026 W42
2026-11-15,89854826,1401.0,,,,forecast,trailing_4wk_mean,beyond_plan_horizon,BEYOND_PLAN_HORIZON,1020.0,1401.0,2289.0,8,D,420.0,2382.0,,0.7,D · plan-based · ±70%,P-60WIP-AP-STL,Biom Plant Based Refillable All Purpose Wipes - Santal Escape - 60ct,D3-C2,5,12.0,READY_FOR_LAUNCH,exact,2026-11-15,116.8,2026-11-15,FY2026 W42
2026-11-15,93197977,498.0,,,,forecast,trailing_4wk_mean,beyond_plan_horizon,BEYOND_PLAN_HORIZON,456.0,498.0,877.5,8,D,149.0,847.0,,0.7,D · plan-based · ±70%,P-60WIP-AP-NER,Biom Plant Based Refillable All Purpose Wipes - Neroli Dream - 60ct,D3-C2,5,12.0,READY_FOR_LAUNCH,exact,2026-11-15,41.5,2026-11-15,FY2026 W42
2026-11-15,93197978,0.0,,,,forecast,trailing_4wk_mean,beyond_plan_horizon,BEYOND_PLAN_HORIZON,0.0,0.0,0.0,0,D,0.0,0.0,,0.7,D · plan-based · ±70%,,Biom Refillable Wipe Dispenser,D3-C2,5,,,unmapped,2026-11-15,,2026-11-15,FY2026 W42
2026-11-15,93197979,2217.0,,,,forecast,trailing_4wk_mean,beyond_plan_horizon,BEYOND_PLAN_HORIZON,3096.0,2217.0,2322.0,8,D,665.0,3769.0,,0.7,D · plan-based · ±70%,P-60WIP-AP-FRA,Biom Plant Based Refillable All Purpose Wipes - Fragrance Free - 60ct,D3-C2,5,12.0,READY_FOR_LAUNCH,exact,2026-11-15,184.8,2026-11-15,FY2026 W42
2026-11-15,94643458,27.0,,,,forecast,trailing_4wk_mean,beyond_plan_horizon,BEYOND_PLAN_HORIZON,24.0,27.0,24.0,8,D,8.0,46.0,,0.7,D · plan-based · ±70%,P-DIS-DGR,"Biom Refillable Wipes Dispenser - Hunter Green: BPA-Free, Silicone Material",D3-C2,5,6.0,READY_FOR_LAUNCH,exact,2026-11-15,4.5,2026-11-15,FY2026 W42
2026-11-15,94643459,60.0,,,,forecast,trailing_4wk_mean,beyond_plan_horizon,BEYOND_PLAN_HORIZON,36.0,60.0,58.5,8,D,18.0,102.0,,0.7,D · plan-based · ±70%,P-DIS-BLK,"Biom Refillable Wipes Dispenser - Black: BPA-Free, Silicone, Cleaning Tools and Accessories",D3-C2,5,6.0,READY_FOR_LAUNCH,exact,2026-11-15,10.0,2026-11-15,FY2026 W42
2026-11-15,94643460,56.0,,,,forecast,trailing_4wk_mean,beyond_plan_horizon,BEYOND_PLAN_HORIZON,36.0,55.5,53.25,8,D,17.0,95.0,,0.7,D · plan-based · ±70%,P-DIS-LGR,"Biom Refillable Wipes Dispenser - Seafoam: BPA-Free, Silicone, 8 Inch Height",D3-C2,5,6.0,READY_FOR_LAUNCH,exact,2026-11-15,9.3,2026-11-15,FY2026 W42
2026-11-15,94723685,0.0,,,,forecast,trailing_4wk_mean,beyond_plan_horizon,BEYOND_PLAN_HORIZON,0.0,0.0,0.0,0,D,0.0,0.0,,0.7,D · plan-based · ±70%,P-60WIP-AP-FIR,"Biom Fraser Fir All-Purpose Cleaning Wipes Refill - 60ct: Removes Dirt, Grease, Multi-Surface Use",D3-C2,5,12.0,READY_FOR_LAUNCH,exact,2026-11-15,0.0,2026-11-15,FY2026 W42
2026-11-15,94723686,0.0,,,,forecast,trailing_4wk_mean,beyond_plan_horizon,BEYOND_PLAN_HORIZON,0.0,0.0,0.0,0,D,0.0,0.0,,0.7,D · plan-based · ±70%,P-60WIP-AP-PEP,Biom Peppermint All-Purpose Cleaning Wipes Refill - 60ct,D3-C2,5,12.0,READY_FOR_LAUNCH,exact,2026-11-15,0.0,2026-11-15,FY2026 W42
2026-11-15,94723687,0.0,,,,forecast,trailing_4wk_mean,beyond_plan_horizon,BEYOND_PLAN_HORIZON,0.0,0.0,0.0,0,D,0.0,0.0,,0.7,D · plan-based · ±70%,P-6DIS-WHI,"Biom Mini Refillable Wipe Dispenser - Bone: BPA-Free, Silicone, 6 Height",D3-C2,5,6.0,READY_FOR_LAUNCH,exact,2026-11-15,0.0,2026-11-15,FY2026 W42
2026-11-15,94723688,0.0,,,,forecast,trailing_4wk_mean,beyond_plan_horizon,BEYOND_PLAN_HORIZON,0.0,0.0,0.0,0,D,0.0,0.0,,0.7,D · plan-based · ±70%,P-DIS-TER,Biom Refillable Plant-Based Wipes Dispenser - Terracotta,D3-C2,5,6.0,READY_FOR_LAUNCH,exact,2026-11-15,0.0,2026-11-15,FY2026 W42
2026-11-15,94723689,0.0,,,,forecast,trailing_4wk_mean,beyond_plan_horizon,BEYOND_PLAN_HORIZON,0.0,0.0,0.0,0,D,0.0,0.0,,0.7,D · plan-based · ±70%,P-40WIP-6IN-AP-VAN,"Biom Tres Vanille All-Purpose Cleaning Mini Wipes - 40ct: Refill Pouch, Removes Dirt",D3-C2,5,12.0,READY_FOR_LAUNCH,exact,2026-11-15,0.0,2026-11-15,FY2026 W42
2026-11-15,94799734,242.0,,,,forecast,trailing_4wk_mean,beyond_plan_horizon,BEYOND_PLAN_HORIZON,80.0,242.0,386.5,8,D,73.0,411.0,,0.7,D · plan-based · ±70%,K-DIS-2BAB-WHI,"Biom 99% Water Hypoallergenic Baby Starter Kit - White - Fragrance Free - 120 wipes: Face, Hands, Nose, Whole Body, Diaper Area",D7,7,4.0,READY_FOR_LAUNCH,exact,2026-11-22,60.5,2026-11-15,FY2026 W42
2026-11-15,94799736,0.0,,,,forecast,trailing_4wk_mean,beyond_plan_horizon,BEYOND_PLAN_HORIZON,0.0,0.0,200.0,4,D,0.0,0.0,,0.7,D · plan-based · ±70%,K-DIS-2BAB-LGR,"Biom 99% Water Hypoallergenic Baby Starter Kit - Seafoam Green - Fragrance Free - 120ct: Refillable, Alcohol-Free, Aloe & Vitamin E",D7,7,4.0,READY_FOR_LAUNCH,exact,2026-11-22,0.0,2026-11-15,FY2026 W42
2026-11-15,94799737,1173.0,,,,forecast,trailing_4wk_mean,beyond_plan_horizon,BEYOND_PLAN_HORIZON,396.0,1173.0,1992.0,8,D,352.0,1994.0,,0.7,D · plan-based · ±70%,P-60WIP-BAB-FRA,"Biom 99% Water Hypoallergenic Baby Wipes - Fragrance Free - 60ct: Alcohol-Free, Contains Aloe, Refill Pouch",D7,7,12.0,READY_FOR_LAUNCH,exact,2026-11-22,97.8,2026-11-15,FY2026 W42
2026-11-15,94799738,0.0,,,,forecast,trailing_4wk_mean,beyond_plan_horizon,BEYOND_PLAN_HORIZON,0.0,0.0,31.0,4,D,0.0,0.0,,0.7,D · plan-based · ±70%,K-DIS-2BAB-PUR,"Biom 99% Water Hypoallergenic Baby Starter Kit - Lilac - Fragrance Free - 120ct: Refillable Container, Contains Aloe, Contains Vitamin E",D7,7,6.0,READY_FOR_LAUNCH,exact,2026-11-22,0.0,2026-11-15,FY2026 W42
2026-11-15,94799739,650.0,,,,forecast,trailing_4wk_mean,beyond_plan_horizon,BEYOND_PLAN_HORIZON,153.0,650.25,998.625,8,D,195.0,1105.0,,0.7,D · plan-based · ±70%,K-60WIP-BAB-FRA-4PK,"Biom 99% Water Hypoallergenic Baby Wipes -Fragrance Free - 240ct: Face, Hands, Nose, Whole Body, Diaper Area",D7,7,3.0,READY_FOR_LAUNCH,exact,2026-11-22,216.7,2026-11-15,FY2026 W42
2026-11-15,94799740,724.0,,,,forecast,trailing_4wk_mean,beyond_plan_horizon,BEYOND_PLAN_HORIZON,175.0,724.0,582.75,8,D,217.0,1231.0,,0.7,D · plan-based · ±70%,K-60WIP-BAB-FRA-12PK,"Biom 99% Water Hypoallergenic Baby Wipes - Fragrance Free - 720ct: Face & Body Application, Refill Pouch, With Aloe & Vitamin E",D7,7,1.0,READY_FOR_LAUNCH,exact,2026-11-22,724.0,2026-11-15,FY2026 W42
2026-11-15,94928289,0.0,,,,forecast,trailing_4wk_mean,beyond_plan_horizon,BEYOND_PLAN_HORIZON,0.0,0.0,0.0,0,D,0.0,0.0,,0.7,D · plan-based · ±70%,P-60WIP-DSN-ALP,Biom Plastic Free Plant Based Disinfecting Wipes - Alpine Mint - 60ct,D3-C2,5,12.0,READY_FOR_LAUNCH,exact,2026-11-15,0.0,2026-11-15,FY2026 W42
2026-11-15,94928290,429.0,,,,forecast,trailing_4wk_mean,beyond_plan_horizon,BEYOND_PLAN_HORIZON,740.0,429.0,501.0,8,D,129.0,729.0,,0.7,D · plan-based · ±70%,P-DIS-SS-BRU,Biom Refillable Plant-Based Wipes Dispenser - Brushed Stainless,D3-C2,5,4.0,READY_FOR_LAUNCH,exact,2026-11-15,107.2,2026-11-15,FY2026 W42
2026-11-15,94928291,518.0,,,,forecast,trailing_4wk_mean,beyond_plan_horizon,BEYOND_PLAN_HORIZON,912.0,518.0,669.0,8,D,155.0,881.0,,0.7,D · plan-based · ±70%,K-60WIP-DSN-COM-3PK,"Biom Plastic Free Plant Based Disinfecting Wipes - Variety - 3pk/180ct: Ammonia-Free, Paraben-Free, Mint Scent",D3-C2,5,4.0,READY_FOR_LAUNCH,exact,2026-11-15,129.5,2026-11-15,FY2026 W42
2026-11-15,94928292,366.0,,,,forecast,trailing_4wk_mean,beyond_plan_horizon,BEYOND_PLAN_HORIZON,528.0,366.0,877.5,8,D,110.0,622.0,,0.7,D · plan-based · ±70%,P-60WIP-DSN-CIT,"Biom Plastic Free Plant Based Disinfecting Wipes - Fresh Citrus - 60ct: Ammonia-Free, Aluminum-Free, Paraben-Free",D3-C2,5,12.0,READY_FOR_LAUNCH,exact,2026-11-15,30.5,2026-11-15,FY2026 W42
2026-11-15,94928293,690.0,,,,forecast,trailing_4wk_mean,beyond_plan_horizon,BEYOND_PLAN_HORIZON,1096.0,690.0,1583.5,8,D,207.0,1173.0,,0.7,D · plan-based · ±70%,K-60WIP-AP-COM,Biom Plant Based Refillable All Purpose Wipes Variety - 3pk/180ct,D3-C2,5,4.0,READY_FOR_LAUNCH,exact,2026-11-15,172.5,2026-11-15,FY2026 W42
2026-11-15,94979715,876.0,,,,forecast,trailing_4wk_mean,beyond_plan_horizon,BEYOND_PLAN_HORIZON,384.0,876.0,1344.0,8,D,263.0,1489.0,,0.7,D · plan-based · ±70%,P-30WIP-BOD-NAT-TRV,Biom Travel Pack Biodegradable Body Wipes - Naturally Fresh - 30ct,D253-C4,5,24.0,READY_FOR_LAUNCH,exact,2026-11-15,36.5,2026-11-15,FY2026 W42
2026-11-15,94979716,0.0,,,,forecast,trailing_4wk_mean,beyond_plan_horizon,BEYOND_PLAN_HORIZON,0.0,0.0,369.0,2,D,0.0,0.0,,0.7,D · plan-based · ±70%,P-20WIP-SAN-STL-TRV,Biom Travel Pack Biodegradable Hand Sanitizing Wipes - Santal Escape - 20ct,D253-C4,5,24.0,READY_FOR_LAUNCH,exact,2026-11-15,0.0,2026-11-15,FY2026 W42
2026-11-15,94979717,884.0,,,,forecast,trailing_4wk_mean,beyond_plan_horizon,BEYOND_PLAN_HORIZON,942.0,883.5,865.5,8,D,265.0,1503.0,,0.7,D · plan-based · ±70%,K-6DIS-WHI-1SAN-STL,Biom Mini Dispenser with Biodegradable Hand Sanitizing Wipes - Santal Escape - 40ct,D253-C4,5,6.0,READY_FOR_LAUNCH,exact,2026-11-15,147.3,2026-11-15,FY2026 W42
2026-11-15,94979718,1512.0,,,,forecast,trailing_4wk_mean,beyond_plan_horizon,BEYOND_PLAN_HORIZON,1800.0,1512.0,1728.0,8,D,454.0,2570.0,,0.7,D · plan-based · ±70%,P-40WIP-6IN-SAN-STL,Biom Mini Biodegradable Refillable Hand Sanitizing Wipes - Santal Escape - 40ct,D253-C4,5,24.0,READY_FOR_LAUNCH,exact,2026-11-15,63.0,2026-11-15,FY2026 W42
2026-11-15,95285660,0.0,,,,forecast,trailing_4wk_mean,beyond_plan_horizon,BEYOND_PLAN_HORIZON,0.0,0.0,0.0,0,D,0.0,0.0,,0.7,D · plan-based · ±70%,P-60WIP-FLU-FRA-2PK,Biom Flushable Personal Wipes Fragrance Free - 120ct,D253-C6,5,12.0,READY_FOR_ORDER,inferred,2026-11-15,0.0,2026-11-15,FY2026 W42
2026-11-15,95285661,28.0,,,,forecast,trailing_4wk_mean,beyond_plan_horizon,BEYOND_PLAN_HORIZON,112.0,28.0,14.0,1,D,8.0,48.0,,0.7,D · plan-based · ±70%,K-60WIP-FLU-FRA-3Pk,Biom Flushable Personal Wipes Unscented - 180ct,D253-C6,5,4.0,READY_FOR_ORDER,exact,2026-11-15,7.0,2026-11-15,FY2026 W42
2026-11-15,95285662,0.0,,,,forecast,trailing_4wk_mean,beyond_plan_horizon,BEYOND_PLAN_HORIZON,0.0,0.0,0.0,0,D,0.0,0.0,,0.7,D · plan-based · ±70%,K-DIS-2FLU-WHI,Biom White Flushable One Handed Kit Personal Wipes Unscented - 120ct,D253-C6,5,4.0,READY_FOR_ORDER,inferred,2026-11-15,0.0,2026-11-15,FY2026 W42
2026-11-15,1010810949,4572.0,,,,forecast,trailing_4wk_mean,beyond_plan_horizon,BEYOND_PLAN_HORIZON,1728.0,4572.0,2286.0,4,D,1372.0,7772.0,,0.7,D · plan-based · ±70%,P-40WIP-LIT-FRA,Biom Baby Mini Little Messes Hand Wipes Refills Fragrance Free - 40ct,D7,7,24.0,READY_FOR_LAUNCH,exact,2026-11-22,190.5,2026-11-15,FY2026 W42
2026-11-15,1010810951,930.0,,,,forecast,trailing_4wk_mean,beyond_plan_horizon,BEYOND_PLAN_HORIZON,330.0,930.0,465.0,3,D,279.0,1581.0,,0.7,D · plan-based · ±70%,K-6DIS-PER-1LIT,Biom Refillable Mini Dispenser Little Mess Hand Wipes Periwinkle - 40ct,D7,7,6.0,READY_FOR_LAUNCH,exact,2026-11-22,155.0,2026-11-15,FY2026 W42
2026-11-15,1011278742,0.0,,,,forecast,trailing_4wk_mean,beyond_plan_horizon,BEYOND_PLAN_HORIZON,0.0,0.0,0.0,0,D,0.0,0.0,,0.7,D · plan-based · ±70%,P-20WIP-SAN-BER-TRV,Biom Sanitizing Go-Pack Holiday Bergamot Bloom - Hand Wipes - 20ct,D253-C4,5,24.0,READY_FOR_ORDER,exact,2026-11-15,0.0,2026-11-15,FY2026 W42
2026-11-15,1011824789,0.0,,,,forecast,trailing_4wk_mean,beyond_plan_horizon,BEYOND_PLAN_HORIZON,0.0,0.0,0.0,0,D,0.0,0.0,,0.7,D · plan-based · ±70%,P-60WIP-DSN-PIN,Biom Pine Forest Disinfecting Wipes Refill All-Purpose Cleaners - 60ct,D3-C2,5,12.0,READY_FOR_ORDER,unmapped,2026-11-15,0.0,2026-11-15,FY2026 W42
2026-11-15,1012188490,0.0,,,,forecast,trailing_4wk_mean,beyond_plan_horizon,BEYOND_PLAN_HORIZON,0.0,0.0,0.0,0,D,0.0,0.0,,0.7,D · plan-based · ±70%,P-30WIP-LIT-FRA,Biom Little Mess Baby Wipes Go-Pack Unscented - 30ct,D7,7,24.0,READY_FOR_ORDER,exact,2026-11-22,0.0,2026-11-15,FY2026 W42
2026-11-15,1012188491,0.0,,,,forecast,trailing_4wk_mean,beyond_plan_horizon,BEYOND_PLAN_HORIZON,0.0,0.0,0.0,0,D,0.0,0.0,,0.7,D · plan-based · ±70%,P-30WIP-BAB-FRA,Biom Baby Wipes Go-Pack Unscented - 30ct,D7,7,24.0,READY_FOR_ORDER,exact,2026-11-22,0.0,2026-11-15,FY2026 W42
2026-11-15,1012914812,0.0,,,,forecast,trailing_4wk_mean,beyond_plan_horizon,BEYOND_PLAN_HORIZON,0.0,0.0,0.0,0,D,0.0,0.0,,0.7,D · plan-based · ±70%,P-20WIP-AP-STL-TRV,Biom Santal Escape Cleaning Wipe Go-Pack All-Purpose Cleaners - 20ct,D3-C2,5,,READY_FOR_ORDER,unmapped,2026-11-15,,2026-11-15,FY2026 W42
2026-11-15,1012914813,0.0,,,,forecast,trailing_4wk_mean,beyond_plan_horizon,BEYOND_PLAN_HORIZON,0.0,0.0,0.0,0,D,0.0,0.0,,0.7,D · plan-based · ±70%,P-20WIP-DSN-CIT-TRV,Biom Fresh Citrus Disinfecting Wipe Go-Pack All-Purpose Cleaners - 20ct,D3-C2,5,,READY_FOR_ORDER,unmapped,2026-11-15,,2026-11-15,FY2026 W42
2026-11-22,89854821,1749.0,,,,forecast,trailing_4wk_mean,beyond_plan_horizon,BEYOND_PLAN_HORIZON,2154.0,1749.0,1789.5,8,D,525.0,2973.0,,0.7,D · plan-based · ±70%,P-DIS-EUC,Biom Refillable Plant-Based Wipes Dispenser - Eucalyptus,D3-C2,5,6.0,READY_FOR_LAUNCH,exact,2026-11-22,291.5,2026-11-22,FY2026 W43
2026-11-22,89854822,0.0,,,,forecast,trailing_4wk_mean,beyond_plan_horizon,BEYOND_PLAN_HORIZON,0.0,0.0,0.0,0,D,0.0,0.0,,0.7,D · plan-based · ±70%,P-60WIP-AP-LAV,"Biom Lavender Ease All Purpose Cleaning Wipes Refill - 60ct: Safe for Sensitive Skin, Contains Naturally Derived Ingredients, Removes Grease",D3-C2,5,12.0,READY_FOR_LAUNCH,exact,2026-11-22,0.0,2026-11-22,FY2026 W43
2026-11-22,89854823,1322.0,,,,forecast,trailing_4wk_mean,beyond_plan_horizon,BEYOND_PLAN_HORIZON,2340.0,1321.5,1105.5,8,D,397.0,2247.0,,0.7,D · plan-based · ±70%,P-DIS-WHI,"Biom Refillable Plant-Based Wipes Dispenser - White: BPA-Free, Multi-Surface Use, Silicone Components",D3-C2,5,6.0,READY_FOR_LAUNCH,exact,2026-11-22,220.3,2026-11-22,FY2026 W43
2026-11-22,89854824,0.0,,,,forecast,trailing_4wk_mean,beyond_plan_horizon,BEYOND_PLAN_HORIZON,0.0,0.0,0.0,0,D,0.0,0.0,,0.7,D · plan-based · ±70%,P-60WIP-AP-GRA,"Biom Grapefruit Zest All Purpose Cleaning Wipes Refill - 60ct: Safe for Sensitive Skin, Contains Naturally Derived Ingredients, Multi-Surface Cleaner",D3-C2,5,12.0,READY_FOR_LAUNCH,exact,2026-11-22,0.0,2026-11-22,FY2026 W43
2026-11-22,89854825,1722.0,,,,forecast,trailing_4wk_mean,beyond_plan_horizon,BEYOND_PLAN_HORIZON,1320.0,1722.0,1765.5,8,D,517.0,2927.0,,0.7,D · plan-based · ±70%,P-DIS-TAN,Biom Refillable Plant-Based Wipes Dispenser - Sand,D3-C2,5,6.0,READY_FOR_LAUNCH,exact,2026-11-22,287.0,2026-11-22,FY2026 W43
2026-11-22,89854826,1401.0,,,,forecast,trailing_4wk_mean,beyond_plan_horizon,BEYOND_PLAN_HORIZON,1020.0,1401.0,2289.0,8,D,420.0,2382.0,,0.7,D · plan-based · ±70%,P-60WIP-AP-STL,Biom Plant Based Refillable All Purpose Wipes - Santal Escape - 60ct,D3-C2,5,12.0,READY_FOR_LAUNCH,exact,2026-11-22,116.8,2026-11-22,FY2026 W43
2026-11-22,93197977,498.0,,,,forecast,trailing_4wk_mean,beyond_plan_horizon,BEYOND_PLAN_HORIZON,456.0,498.0,877.5,8,D,149.0,847.0,,0.7,D · plan-based · ±70%,P-60WIP-AP-NER,Biom Plant Based Refillable All Purpose Wipes - Neroli Dream - 60ct,D3-C2,5,12.0,READY_FOR_LAUNCH,exact,2026-11-22,41.5,2026-11-22,FY2026 W43
2026-11-22,93197978,0.0,,,,forecast,trailing_4wk_mean,beyond_plan_horizon,BEYOND_PLAN_HORIZON,0.0,0.0,0.0,0,D,0.0,0.0,,0.7,D · plan-based · ±70%,,Biom Refillable Wipe Dispenser,D3-C2,5,,,unmapped,2026-11-22,,2026-11-22,FY2026 W43
2026-11-22,93197979,2217.0,,,,forecast,trailing_4wk_mean,beyond_plan_horizon,BEYOND_PLAN_HORIZON,3096.0,2217.0,2322.0,8,D,665.0,3769.0,,0.7,D · plan-based · ±70%,P-60WIP-AP-FRA,Biom Plant Based Refillable All Purpose Wipes - Fragrance Free - 60ct,D3-C2,5,12.0,READY_FOR_LAUNCH,exact,2026-11-22,184.8,2026-11-22,FY2026 W43
2026-11-22,94643458,27.0,,,,forecast,trailing_4wk_mean,beyond_plan_horizon,BEYOND_PLAN_HORIZON,24.0,27.0,24.0,8,D,8.0,46.0,,0.7,D · plan-based · ±70%,P-DIS-DGR,"Biom Refillable Wipes Dispenser - Hunter Green: BPA-Free, Silicone Material",D3-C2,5,6.0,READY_FOR_LAUNCH,exact,2026-11-22,4.5,2026-11-22,FY2026 W43
2026-11-22,94643459,60.0,,,,forecast,trailing_4wk_mean,beyond_plan_horizon,BEYOND_PLAN_HORIZON,36.0,60.0,58.5,8,D,18.0,102.0,,0.7,D · plan-based · ±70%,P-DIS-BLK,"Biom Refillable Wipes Dispenser - Black: BPA-Free, Silicone, Cleaning Tools and Accessories",D3-C2,5,6.0,READY_FOR_LAUNCH,exact,2026-11-22,10.0,2026-11-22,FY2026 W43
2026-11-22,94643460,56.0,,,,forecast,trailing_4wk_mean,beyond_plan_horizon,BEYOND_PLAN_HORIZON,36.0,55.5,53.25,8,D,17.0,95.0,,0.7,D · plan-based · ±70%,P-DIS-LGR,"Biom Refillable Wipes Dispenser - Seafoam: BPA-Free, Silicone, 8 Inch Height",D3-C2,5,6.0,READY_FOR_LAUNCH,exact,2026-11-22,9.3,2026-11-22,FY2026 W43
2026-11-22,94723685,0.0,,,,forecast,trailing_4wk_mean,beyond_plan_horizon,BEYOND_PLAN_HORIZON,0.0,0.0,0.0,0,D,0.0,0.0,,0.7,D · plan-based · ±70%,P-60WIP-AP-FIR,"Biom Fraser Fir All-Purpose Cleaning Wipes Refill - 60ct: Removes Dirt, Grease, Multi-Surface Use",D3-C2,5,12.0,READY_FOR_LAUNCH,exact,2026-11-22,0.0,2026-11-22,FY2026 W43
2026-11-22,94723686,0.0,,,,forecast,trailing_4wk_mean,beyond_plan_horizon,BEYOND_PLAN_HORIZON,0.0,0.0,0.0,0,D,0.0,0.0,,0.7,D · plan-based · ±70%,P-60WIP-AP-PEP,Biom Peppermint All-Purpose Cleaning Wipes Refill - 60ct,D3-C2,5,12.0,READY_FOR_LAUNCH,exact,2026-11-22,0.0,2026-11-22,FY2026 W43
2026-11-22,94723687,0.0,,,,forecast,trailing_4wk_mean,beyond_plan_horizon,BEYOND_PLAN_HORIZON,0.0,0.0,0.0,0,D,0.0,0.0,,0.7,D · plan-based · ±70%,P-6DIS-WHI,"Biom Mini Refillable Wipe Dispenser - Bone: BPA-Free, Silicone, 6 Height",D3-C2,5,6.0,READY_FOR_LAUNCH,exact,2026-11-22,0.0,2026-11-22,FY2026 W43
2026-11-22,94723688,0.0,,,,forecast,trailing_4wk_mean,beyond_plan_horizon,BEYOND_PLAN_HORIZON,0.0,0.0,0.0,0,D,0.0,0.0,,0.7,D · plan-based · ±70%,P-DIS-TER,Biom Refillable Plant-Based Wipes Dispenser - Terracotta,D3-C2,5,6.0,READY_FOR_LAUNCH,exact,2026-11-22,0.0,2026-11-22,FY2026 W43
2026-11-22,94723689,0.0,,,,forecast,trailing_4wk_mean,beyond_plan_horizon,BEYOND_PLAN_HORIZON,0.0,0.0,0.0,0,D,0.0,0.0,,0.7,D · plan-based · ±70%,P-40WIP-6IN-AP-VAN,"Biom Tres Vanille All-Purpose Cleaning Mini Wipes - 40ct: Refill Pouch, Removes Dirt",D3-C2,5,12.0,READY_FOR_LAUNCH,exact,2026-11-22,0.0,2026-11-22,FY2026 W43
2026-11-22,94799734,242.0,,,,forecast,trailing_4wk_mean,beyond_plan_horizon,BEYOND_PLAN_HORIZON,80.0,242.0,386.5,8,D,73.0,411.0,,0.7,D · plan-based · ±70%,K-DIS-2BAB-WHI,"Biom 99% Water Hypoallergenic Baby Starter Kit - White - Fragrance Free - 120 wipes: Face, Hands, Nose, Whole Body, Diaper Area",D7,7,4.0,READY_FOR_LAUNCH,exact,2026-11-29,60.5,2026-11-22,FY2026 W43
2026-11-22,94799736,0.0,,,,forecast,trailing_4wk_mean,beyond_plan_horizon,BEYOND_PLAN_HORIZON,0.0,0.0,200.0,4,D,0.0,0.0,,0.7,D · plan-based · ±70%,K-DIS-2BAB-LGR,"Biom 99% Water Hypoallergenic Baby Starter Kit - Seafoam Green - Fragrance Free - 120ct: Refillable, Alcohol-Free, Aloe & Vitamin E",D7,7,4.0,READY_FOR_LAUNCH,exact,2026-11-29,0.0,2026-11-22,FY2026 W43
2026-11-22,94799737,1173.0,,,,forecast,trailing_4wk_mean,beyond_plan_horizon,BEYOND_PLAN_HORIZON,396.0,1173.0,1992.0,8,D,352.0,1994.0,,0.7,D · plan-based · ±70%,P-60WIP-BAB-FRA,"Biom 99% Water Hypoallergenic Baby Wipes - Fragrance Free - 60ct: Alcohol-Free, Contains Aloe, Refill Pouch",D7,7,12.0,READY_FOR_LAUNCH,exact,2026-11-29,97.8,2026-11-22,FY2026 W43
2026-11-22,94799738,0.0,,,,forecast,trailing_4wk_mean,beyond_plan_horizon,BEYOND_PLAN_HORIZON,0.0,0.0,31.0,4,D,0.0,0.0,,0.7,D · plan-based · ±70%,K-DIS-2BAB-PUR,"Biom 99% Water Hypoallergenic Baby Starter Kit - Lilac - Fragrance Free - 120ct: Refillable Container, Contains Aloe, Contains Vitamin E",D7,7,6.0,READY_FOR_LAUNCH,exact,2026-11-29,0.0,2026-11-22,FY2026 W43
2026-11-22,94799739,650.0,,,,forecast,trailing_4wk_mean,beyond_plan_horizon,BEYOND_PLAN_HORIZON,153.0,650.25,998.625,8,D,195.0,1105.0,,0.7,D · plan-based · ±70%,K-60WIP-BAB-FRA-4PK,"Biom 99% Water Hypoallergenic Baby Wipes -Fragrance Free - 240ct: Face, Hands, Nose, Whole Body, Diaper Area",D7,7,3.0,READY_FOR_LAUNCH,exact,2026-11-29,216.7,2026-11-22,FY2026 W43
2026-11-22,94799740,724.0,,,,forecast,trailing_4wk_mean,beyond_plan_horizon,BEYOND_PLAN_HORIZON,175.0,724.0,582.75,8,D,217.0,1231.0,,0.7,D · plan-based · ±70%,K-60WIP-BAB-FRA-12PK,"Biom 99% Water Hypoallergenic Baby Wipes - Fragrance Free - 720ct: Face & Body Application, Refill Pouch, With Aloe & Vitamin E",D7,7,1.0,READY_FOR_LAUNCH,exact,2026-11-29,724.0,2026-11-22,FY2026 W43
2026-11-22,94928289,0.0,,,,forecast,trailing_4wk_mean,beyond_plan_horizon,BEYOND_PLAN_HORIZON,0.0,0.0,0.0,0,D,0.0,0.0,,0.7,D · plan-based · ±70%,P-60WIP-DSN-ALP,Biom Plastic Free Plant Based Disinfecting Wipes - Alpine Mint - 60ct,D3-C2,5,12.0,READY_FOR_LAUNCH,exact,2026-11-22,0.0,2026-11-22,FY2026 W43
2026-11-22,94928290,429.0,,,,forecast,trailing_4wk_mean,beyond_plan_horizon,BEYOND_PLAN_HORIZON,740.0,429.0,501.0,8,D,129.0,729.0,,0.7,D · plan-based · ±70%,P-DIS-SS-BRU,Biom Refillable Plant-Based Wipes Dispenser - Brushed Stainless,D3-C2,5,4.0,READY_FOR_LAUNCH,exact,2026-11-22,107.2,2026-11-22,FY2026 W43
2026-11-22,94928291,518.0,,,,forecast,trailing_4wk_mean,beyond_plan_horizon,BEYOND_PLAN_HORIZON,912.0,518.0,669.0,8,D,155.0,881.0,,0.7,D · plan-based · ±70%,K-60WIP-DSN-COM-3PK,"Biom Plastic Free Plant Based Disinfecting Wipes - Variety - 3pk/180ct: Ammonia-Free, Paraben-Free, Mint Scent",D3-C2,5,4.0,READY_FOR_LAUNCH,exact,2026-11-22,129.5,2026-11-22,FY2026 W43
2026-11-22,94928292,366.0,,,,forecast,trailing_4wk_mean,beyond_plan_horizon,BEYOND_PLAN_HORIZON,528.0,366.0,877.5,8,D,110.0,622.0,,0.7,D · plan-based · ±70%,P-60WIP-DSN-CIT,"Biom Plastic Free Plant Based Disinfecting Wipes - Fresh Citrus - 60ct: Ammonia-Free, Aluminum-Free, Paraben-Free",D3-C2,5,12.0,READY_FOR_LAUNCH,exact,2026-11-22,30.5,2026-11-22,FY2026 W43
2026-11-22,94928293,690.0,,,,forecast,trailing_4wk_mean,beyond_plan_horizon,BEYOND_PLAN_HORIZON,1096.0,690.0,1583.5,8,D,207.0,1173.0,,0.7,D · plan-based · ±70%,K-60WIP-AP-COM,Biom Plant Based Refillable All Purpose Wipes Variety - 3pk/180ct,D3-C2,5,4.0,READY_FOR_LAUNCH,exact,2026-11-22,172.5,2026-11-22,FY2026 W43
2026-11-22,94979715,876.0,,,,forecast,trailing_4wk_mean,beyond_plan_horizon,BEYOND_PLAN_HORIZON,384.0,876.0,1344.0,8,D,263.0,1489.0,,0.7,D · plan-based · ±70%,P-30WIP-BOD-NAT-TRV,Biom Travel Pack Biodegradable Body Wipes - Naturally Fresh - 30ct,D253-C4,5,24.0,READY_FOR_LAUNCH,exact,2026-11-22,36.5,2026-11-22,FY2026 W43
2026-11-22,94979716,0.0,,,,forecast,trailing_4wk_mean,beyond_plan_horizon,BEYOND_PLAN_HORIZON,0.0,0.0,369.0,2,D,0.0,0.0,,0.7,D · plan-based · ±70%,P-20WIP-SAN-STL-TRV,Biom Travel Pack Biodegradable Hand Sanitizing Wipes - Santal Escape - 20ct,D253-C4,5,24.0,READY_FOR_LAUNCH,exact,2026-11-22,0.0,2026-11-22,FY2026 W43
2026-11-22,94979717,884.0,,,,forecast,trailing_4wk_mean,beyond_plan_horizon,BEYOND_PLAN_HORIZON,942.0,883.5,865.5,8,D,265.0,1503.0,,0.7,D · plan-based · ±70%,K-6DIS-WHI-1SAN-STL,Biom Mini Dispenser with Biodegradable Hand Sanitizing Wipes - Santal Escape - 40ct,D253-C4,5,6.0,READY_FOR_LAUNCH,exact,2026-11-22,147.3,2026-11-22,FY2026 W43
2026-11-22,94979718,1512.0,,,,forecast,trailing_4wk_mean,beyond_plan_horizon,BEYOND_PLAN_HORIZON,1800.0,1512.0,1728.0,8,D,454.0,2570.0,,0.7,D · plan-based · ±70%,P-40WIP-6IN-SAN-STL,Biom Mini Biodegradable Refillable Hand Sanitizing Wipes - Santal Escape - 40ct,D253-C4,5,24.0,READY_FOR_LAUNCH,exact,2026-11-22,63.0,2026-11-22,FY2026 W43
2026-11-22,95285660,0.0,,,,forecast,trailing_4wk_mean,beyond_plan_horizon,BEYOND_PLAN_HORIZON,0.0,0.0,0.0,0,D,0.0,0.0,,0.7,D · plan-based · ±70%,P-60WIP-FLU-FRA-2PK,Biom Flushable Personal Wipes Fragrance Free - 120ct,D253-C6,5,12.0,READY_FOR_ORDER,inferred,2026-11-22,0.0,2026-11-22,FY2026 W43
2026-11-22,95285661,28.0,,,,forecast,trailing_4wk_mean,beyond_plan_horizon,BEYOND_PLAN_HORIZON,112.0,28.0,14.0,1,D,8.0,48.0,,0.7,D · plan-based · ±70%,K-60WIP-FLU-FRA-3Pk,Biom Flushable Personal Wipes Unscented - 180ct,D253-C6,5,4.0,READY_FOR_ORDER,exact,2026-11-22,7.0,2026-11-22,FY2026 W43
2026-11-22,95285662,0.0,,,,forecast,trailing_4wk_mean,beyond_plan_horizon,BEYOND_PLAN_HORIZON,0.0,0.0,0.0,0,D,0.0,0.0,,0.7,D · plan-based · ±70%,K-DIS-2FLU-WHI,Biom White Flushable One Handed Kit Personal Wipes Unscented - 120ct,D253-C6,5,4.0,READY_FOR_ORDER,inferred,2026-11-22,0.0,2026-11-22,FY2026 W43
2026-11-22,1010810949,4572.0,,,,forecast,trailing_4wk_mean,beyond_plan_horizon,BEYOND_PLAN_HORIZON,1728.0,4572.0,2286.0,4,D,1372.0,7772.0,,0.7,D · plan-based · ±70%,P-40WIP-LIT-FRA,Biom Baby Mini Little Messes Hand Wipes Refills Fragrance Free - 40ct,D7,7,24.0,READY_FOR_LAUNCH,exact,2026-11-29,190.5,2026-11-22,FY2026 W43
2026-11-22,1010810951,930.0,,,,forecast,trailing_4wk_mean,beyond_plan_horizon,BEYOND_PLAN_HORIZON,330.0,930.0,465.0,3,D,279.0,1581.0,,0.7,D · plan-based · ±70%,K-6DIS-PER-1LIT,Biom Refillable Mini Dispenser Little Mess Hand Wipes Periwinkle - 40ct,D7,7,6.0,READY_FOR_LAUNCH,exact,2026-11-29,155.0,2026-11-22,FY2026 W43
2026-11-22,1011278742,0.0,,,,forecast,trailing_4wk_mean,beyond_plan_horizon,BEYOND_PLAN_HORIZON,0.0,0.0,0.0,0,D,0.0,0.0,,0.7,D · plan-based · ±70%,P-20WIP-SAN-BER-TRV,Biom Sanitizing Go-Pack Holiday Bergamot Bloom - Hand Wipes - 20ct,D253-C4,5,24.0,READY_FOR_ORDER,exact,2026-11-22,0.0,2026-11-22,FY2026 W43
2026-11-22,1011824789,0.0,,,,forecast,trailing_4wk_mean,beyond_plan_horizon,BEYOND_PLAN_HORIZON,0.0,0.0,0.0,0,D,0.0,0.0,,0.7,D · plan-based · ±70%,P-60WIP-DSN-PIN,Biom Pine Forest Disinfecting Wipes Refill All-Purpose Cleaners - 60ct,D3-C2,5,12.0,READY_FOR_ORDER,unmapped,2026-11-22,0.0,2026-11-22,FY2026 W43
2026-11-22,1012188490,0.0,,,,forecast,trailing_4wk_mean,beyond_plan_horizon,BEYOND_PLAN_HORIZON,0.0,0.0,0.0,0,D,0.0,0.0,,0.7,D · plan-based · ±70%,P-30WIP-LIT-FRA,Biom Little Mess Baby Wipes Go-Pack Unscented - 30ct,D7,7,24.0,READY_FOR_ORDER,exact,2026-11-29,0.0,2026-11-22,FY2026 W43
2026-11-22,1012188491,0.0,,,,forecast,trailing_4wk_mean,beyond_plan_horizon,BEYOND_PLAN_HORIZON,0.0,0.0,0.0,0,D,0.0,0.0,,0.7,D · plan-based · ±70%,P-30WIP-BAB-FRA,Biom Baby Wipes Go-Pack Unscented - 30ct,D7,7,24.0,READY_FOR_ORDER,exact,2026-11-29,0.0,2026-11-22,FY2026 W43
2026-11-22,1012914812,0.0,,,,forecast,trailing_4wk_mean,beyond_plan_horizon,BEYOND_PLAN_HORIZON,0.0,0.0,0.0,0,D,0.0,0.0,,0.7,D · plan-based · ±70%,P-20WIP-AP-STL-TRV,Biom Santal Escape Cleaning Wipe Go-Pack All-Purpose Cleaners - 20ct,D3-C2,5,,READY_FOR_ORDER,unmapped,2026-11-22,,2026-11-22,FY2026 W43
2026-11-22,1012914813,0.0,,,,forecast,trailing_4wk_mean,beyond_plan_horizon,BEYOND_PLAN_HORIZON,0.0,0.0,0.0,0,D,0.0,0.0,,0.7,D · plan-based · ±70%,P-20WIP-DSN-CIT-TRV,Biom Fresh Citrus Disinfecting Wipe Go-Pack All-Purpose Cleaners - 20ct,D3-C2,5,,READY_FOR_ORDER,unmapped,2026-11-22,,2026-11-22,FY2026 W43
2026-11-29,89854821,1749.0,,,,forecast,trailing_4wk_mean,beyond_plan_horizon,BEYOND_PLAN_HORIZON,2154.0,1749.0,1789.5,8,D,525.0,2973.0,,0.7,D · plan-based · ±70%,P-DIS-EUC,Biom Refillable Plant-Based Wipes Dispenser - Eucalyptus,D3-C2,5,6.0,READY_FOR_LAUNCH,exact,2026-11-29,291.5,2026-11-29,FY2026 W44
2026-11-29,89854822,0.0,,,,forecast,trailing_4wk_mean,beyond_plan_horizon,BEYOND_PLAN_HORIZON,0.0,0.0,0.0,0,D,0.0,0.0,,0.7,D · plan-based · ±70%,P-60WIP-AP-LAV,"Biom Lavender Ease All Purpose Cleaning Wipes Refill - 60ct: Safe for Sensitive Skin, Contains Naturally Derived Ingredients, Removes Grease",D3-C2,5,12.0,READY_FOR_LAUNCH,exact,2026-11-29,0.0,2026-11-29,FY2026 W44
2026-11-29,89854823,1322.0,,,,forecast,trailing_4wk_mean,beyond_plan_horizon,BEYOND_PLAN_HORIZON,2340.0,1321.5,1105.5,8,D,397.0,2247.0,,0.7,D · plan-based · ±70%,P-DIS-WHI,"Biom Refillable Plant-Based Wipes Dispenser - White: BPA-Free, Multi-Surface Use, Silicone Components",D3-C2,5,6.0,READY_FOR_LAUNCH,exact,2026-11-29,220.3,2026-11-29,FY2026 W44
2026-11-29,89854824,0.0,,,,forecast,trailing_4wk_mean,beyond_plan_horizon,BEYOND_PLAN_HORIZON,0.0,0.0,0.0,0,D,0.0,0.0,,0.7,D · plan-based · ±70%,P-60WIP-AP-GRA,"Biom Grapefruit Zest All Purpose Cleaning Wipes Refill - 60ct: Safe for Sensitive Skin, Contains Naturally Derived Ingredients, Multi-Surface Cleaner",D3-C2,5,12.0,READY_FOR_LAUNCH,exact,2026-11-29,0.0,2026-11-29,FY2026 W44
2026-11-29,89854825,1722.0,,,,forecast,trailing_4wk_mean,beyond_plan_horizon,BEYOND_PLAN_HORIZON,1320.0,1722.0,1765.5,8,D,517.0,2927.0,,0.7,D · plan-based · ±70%,P-DIS-TAN,Biom Refillable Plant-Based Wipes Dispenser - Sand,D3-C2,5,6.0,READY_FOR_LAUNCH,exact,2026-11-29,287.0,2026-11-29,FY2026 W44
2026-11-29,89854826,1401.0,,,,forecast,trailing_4wk_mean,beyond_plan_horizon,BEYOND_PLAN_HORIZON,1020.0,1401.0,2289.0,8,D,420.0,2382.0,,0.7,D · plan-based · ±70%,P-60WIP-AP-STL,Biom Plant Based Refillable All Purpose Wipes - Santal Escape - 60ct,D3-C2,5,12.0,READY_FOR_LAUNCH,exact,2026-11-29,116.8,2026-11-29,FY2026 W44
2026-11-29,93197977,498.0,,,,forecast,trailing_4wk_mean,beyond_plan_horizon,BEYOND_PLAN_HORIZON,456.0,498.0,877.5,8,D,149.0,847.0,,0.7,D · plan-based · ±70%,P-60WIP-AP-NER,Biom Plant Based Refillable All Purpose Wipes - Neroli Dream - 60ct,D3-C2,5,12.0,READY_FOR_LAUNCH,exact,2026-11-29,41.5,2026-11-29,FY2026 W44
2026-11-29,93197978,0.0,,,,forecast,trailing_4wk_mean,beyond_plan_horizon,BEYOND_PLAN_HORIZON,0.0,0.0,0.0,0,D,0.0,0.0,,0.7,D · plan-based · ±70%,,Biom Refillable Wipe Dispenser,D3-C2,5,,,unmapped,2026-11-29,,2026-11-29,FY2026 W44
2026-11-29,93197979,2217.0,,,,forecast,trailing_4wk_mean,beyond_plan_horizon,BEYOND_PLAN_HORIZON,3096.0,2217.0,2322.0,8,D,665.0,3769.0,,0.7,D · plan-based · ±70%,P-60WIP-AP-FRA,Biom Plant Based Refillable All Purpose Wipes - Fragrance Free - 60ct,D3-C2,5,12.0,READY_FOR_LAUNCH,exact,2026-11-29,184.8,2026-11-29,FY2026 W44
2026-11-29,94643458,27.0,,,,forecast,trailing_4wk_mean,beyond_plan_horizon,BEYOND_PLAN_HORIZON,24.0,27.0,24.0,8,D,8.0,46.0,,0.7,D · plan-based · ±70%,P-DIS-DGR,"Biom Refillable Wipes Dispenser - Hunter Green: BPA-Free, Silicone Material",D3-C2,5,6.0,READY_FOR_LAUNCH,exact,2026-11-29,4.5,2026-11-29,FY2026 W44
2026-11-29,94643459,60.0,,,,forecast,trailing_4wk_mean,beyond_plan_horizon,BEYOND_PLAN_HORIZON,36.0,60.0,58.5,8,D,18.0,102.0,,0.7,D · plan-based · ±70%,P-DIS-BLK,"Biom Refillable Wipes Dispenser - Black: BPA-Free, Silicone, Cleaning Tools and Accessories",D3-C2,5,6.0,READY_FOR_LAUNCH,exact,2026-11-29,10.0,2026-11-29,FY2026 W44
2026-11-29,94643460,56.0,,,,forecast,trailing_4wk_mean,beyond_plan_horizon,BEYOND_PLAN_HORIZON,36.0,55.5,53.25,8,D,17.0,95.0,,0.7,D · plan-based · ±70%,P-DIS-LGR,"Biom Refillable Wipes Dispenser - Seafoam: BPA-Free, Silicone, 8 Inch Height",D3-C2,5,6.0,READY_FOR_LAUNCH,exact,2026-11-29,9.3,2026-11-29,FY2026 W44
2026-11-29,94723685,0.0,,,,forecast,trailing_4wk_mean,beyond_plan_horizon,BEYOND_PLAN_HORIZON,0.0,0.0,0.0,0,D,0.0,0.0,,0.7,D · plan-based · ±70%,P-60WIP-AP-FIR,"Biom Fraser Fir All-Purpose Cleaning Wipes Refill - 60ct: Removes Dirt, Grease, Multi-Surface Use",D3-C2,5,12.0,READY_FOR_LAUNCH,exact,2026-11-29,0.0,2026-11-29,FY2026 W44
2026-11-29,94723686,0.0,,,,forecast,trailing_4wk_mean,beyond_plan_horizon,BEYOND_PLAN_HORIZON,0.0,0.0,0.0,0,D,0.0,0.0,,0.7,D · plan-based · ±70%,P-60WIP-AP-PEP,Biom Peppermint All-Purpose Cleaning Wipes Refill - 60ct,D3-C2,5,12.0,READY_FOR_LAUNCH,exact,2026-11-29,0.0,2026-11-29,FY2026 W44
2026-11-29,94723687,0.0,,,,forecast,trailing_4wk_mean,beyond_plan_horizon,BEYOND_PLAN_HORIZON,0.0,0.0,0.0,0,D,0.0,0.0,,0.7,D · plan-based · ±70%,P-6DIS-WHI,"Biom Mini Refillable Wipe Dispenser - Bone: BPA-Free, Silicone, 6 Height",D3-C2,5,6.0,READY_FOR_LAUNCH,exact,2026-11-29,0.0,2026-11-29,FY2026 W44
2026-11-29,94723688,0.0,,,,forecast,trailing_4wk_mean,beyond_plan_horizon,BEYOND_PLAN_HORIZON,0.0,0.0,0.0,0,D,0.0,0.0,,0.7,D · plan-based · ±70%,P-DIS-TER,Biom Refillable Plant-Based Wipes Dispenser - Terracotta,D3-C2,5,6.0,READY_FOR_LAUNCH,exact,2026-11-29,0.0,2026-11-29,FY2026 W44
2026-11-29,94723689,0.0,,,,forecast,trailing_4wk_mean,beyond_plan_horizon,BEYOND_PLAN_HORIZON,0.0,0.0,0.0,0,D,0.0,0.0,,0.7,D · plan-based · ±70%,P-40WIP-6IN-AP-VAN,"Biom Tres Vanille All-Purpose Cleaning Mini Wipes - 40ct: Refill Pouch, Removes Dirt",D3-C2,5,12.0,READY_FOR_LAUNCH,exact,2026-11-29,0.0,2026-11-29,FY2026 W44
2026-11-29,94799734,242.0,,,,forecast,trailing_4wk_mean,beyond_plan_horizon,BEYOND_PLAN_HORIZON,80.0,242.0,386.5,8,D,73.0,411.0,,0.7,D · plan-based · ±70%,K-DIS-2BAB-WHI,"Biom 99% Water Hypoallergenic Baby Starter Kit - White - Fragrance Free - 120 wipes: Face, Hands, Nose, Whole Body, Diaper Area",D7,7,4.0,READY_FOR_LAUNCH,exact,2026-12-06,60.5,2026-11-29,FY2026 W44
2026-11-29,94799736,0.0,,,,forecast,trailing_4wk_mean,beyond_plan_horizon,BEYOND_PLAN_HORIZON,0.0,0.0,200.0,4,D,0.0,0.0,,0.7,D · plan-based · ±70%,K-DIS-2BAB-LGR,"Biom 99% Water Hypoallergenic Baby Starter Kit - Seafoam Green - Fragrance Free - 120ct: Refillable, Alcohol-Free, Aloe & Vitamin E",D7,7,4.0,READY_FOR_LAUNCH,exact,2026-12-06,0.0,2026-11-29,FY2026 W44
2026-11-29,94799737,1173.0,,,,forecast,trailing_4wk_mean,beyond_plan_horizon,BEYOND_PLAN_HORIZON,396.0,1173.0,1992.0,8,D,352.0,1994.0,,0.7,D · plan-based · ±70%,P-60WIP-BAB-FRA,"Biom 99% Water Hypoallergenic Baby Wipes - Fragrance Free - 60ct: Alcohol-Free, Contains Aloe, Refill Pouch",D7,7,12.0,READY_FOR_LAUNCH,exact,2026-12-06,97.8,2026-11-29,FY2026 W44
2026-11-29,94799738,0.0,,,,forecast,trailing_4wk_mean,beyond_plan_horizon,BEYOND_PLAN_HORIZON,0.0,0.0,31.0,4,D,0.0,0.0,,0.7,D · plan-based · ±70%,K-DIS-2BAB-PUR,"Biom 99% Water Hypoallergenic Baby Starter Kit - Lilac - Fragrance Free - 120ct: Refillable Container, Contains Aloe, Contains Vitamin E",D7,7,6.0,READY_FOR_LAUNCH,exact,2026-12-06,0.0,2026-11-29,FY2026 W44
2026-11-29,94799739,650.0,,,,forecast,trailing_4wk_mean,beyond_plan_horizon,BEYOND_PLAN_HORIZON,153.0,650.25,998.625,8,D,195.0,1105.0,,0.7,D · plan-based · ±70%,K-60WIP-BAB-FRA-4PK,"Biom 99% Water Hypoallergenic Baby Wipes -Fragrance Free - 240ct: Face, Hands, Nose, Whole Body, Diaper Area",D7,7,3.0,READY_FOR_LAUNCH,exact,2026-12-06,216.7,2026-11-29,FY2026 W44
2026-11-29,94799740,724.0,,,,forecast,trailing_4wk_mean,beyond_plan_horizon,BEYOND_PLAN_HORIZON,175.0,724.0,582.75,8,D,217.0,1231.0,,0.7,D · plan-based · ±70%,K-60WIP-BAB-FRA-12PK,"Biom 99% Water Hypoallergenic Baby Wipes - Fragrance Free - 720ct: Face & Body Application, Refill Pouch, With Aloe & Vitamin E",D7,7,1.0,READY_FOR_LAUNCH,exact,2026-12-06,724.0,2026-11-29,FY2026 W44
2026-11-29,94928289,0.0,,,,forecast,trailing_4wk_mean,beyond_plan_horizon,BEYOND_PLAN_HORIZON,0.0,0.0,0.0,0,D,0.0,0.0,,0.7,D · plan-based · ±70%,P-60WIP-DSN-ALP,Biom Plastic Free Plant Based Disinfecting Wipes - Alpine Mint - 60ct,D3-C2,5,12.0,READY_FOR_LAUNCH,exact,2026-11-29,0.0,2026-11-29,FY2026 W44
2026-11-29,94928290,429.0,,,,forecast,trailing_4wk_mean,beyond_plan_horizon,BEYOND_PLAN_HORIZON,740.0,429.0,501.0,8,D,129.0,729.0,,0.7,D · plan-based · ±70%,P-DIS-SS-BRU,Biom Refillable Plant-Based Wipes Dispenser - Brushed Stainless,D3-C2,5,4.0,READY_FOR_LAUNCH,exact,2026-11-29,107.2,2026-11-29,FY2026 W44
2026-11-29,94928291,518.0,,,,forecast,trailing_4wk_mean,beyond_plan_horizon,BEYOND_PLAN_HORIZON,912.0,518.0,669.0,8,D,155.0,881.0,,0.7,D · plan-based · ±70%,K-60WIP-DSN-COM-3PK,"Biom Plastic Free Plant Based Disinfecting Wipes - Variety - 3pk/180ct: Ammonia-Free, Paraben-Free, Mint Scent",D3-C2,5,4.0,READY_FOR_LAUNCH,exact,2026-11-29,129.5,2026-11-29,FY2026 W44
2026-11-29,94928292,366.0,,,,forecast,trailing_4wk_mean,beyond_plan_horizon,BEYOND_PLAN_HORIZON,528.0,366.0,877.5,8,D,110.0,622.0,,0.7,D · plan-based · ±70%,P-60WIP-DSN-CIT,"Biom Plastic Free Plant Based Disinfecting Wipes - Fresh Citrus - 60ct: Ammonia-Free, Aluminum-Free, Paraben-Free",D3-C2,5,12.0,READY_FOR_LAUNCH,exact,2026-11-29,30.5,2026-11-29,FY2026 W44
2026-11-29,94928293,690.0,,,,forecast,trailing_4wk_mean,beyond_plan_horizon,BEYOND_PLAN_HORIZON,1096.0,690.0,1583.5,8,D,207.0,1173.0,,0.7,D · plan-based · ±70%,K-60WIP-AP-COM,Biom Plant Based Refillable All Purpose Wipes Variety - 3pk/180ct,D3-C2,5,4.0,READY_FOR_LAUNCH,exact,2026-11-29,172.5,2026-11-29,FY2026 W44
2026-11-29,94979715,876.0,,,,forecast,trailing_4wk_mean,beyond_plan_horizon,BEYOND_PLAN_HORIZON,384.0,876.0,1344.0,8,D,263.0,1489.0,,0.7,D · plan-based · ±70%,P-30WIP-BOD-NAT-TRV,Biom Travel Pack Biodegradable Body Wipes - Naturally Fresh - 30ct,D253-C4,5,24.0,READY_FOR_LAUNCH,exact,2026-11-29,36.5,2026-11-29,FY2026 W44
2026-11-29,94979716,0.0,,,,forecast,trailing_4wk_mean,beyond_plan_horizon,BEYOND_PLAN_HORIZON,0.0,0.0,369.0,2,D,0.0,0.0,,0.7,D · plan-based · ±70%,P-20WIP-SAN-STL-TRV,Biom Travel Pack Biodegradable Hand Sanitizing Wipes - Santal Escape - 20ct,D253-C4,5,24.0,READY_FOR_LAUNCH,exact,2026-11-29,0.0,2026-11-29,FY2026 W44
2026-11-29,94979717,884.0,,,,forecast,trailing_4wk_mean,beyond_plan_horizon,BEYOND_PLAN_HORIZON,942.0,883.5,865.5,8,D,265.0,1503.0,,0.7,D · plan-based · ±70%,K-6DIS-WHI-1SAN-STL,Biom Mini Dispenser with Biodegradable Hand Sanitizing Wipes - Santal Escape - 40ct,D253-C4,5,6.0,READY_FOR_LAUNCH,exact,2026-11-29,147.3,2026-11-29,FY2026 W44
2026-11-29,94979718,1512.0,,,,forecast,trailing_4wk_mean,beyond_plan_horizon,BEYOND_PLAN_HORIZON,1800.0,1512.0,1728.0,8,D,454.0,2570.0,,0.7,D · plan-based · ±70%,P-40WIP-6IN-SAN-STL,Biom Mini Biodegradable Refillable Hand Sanitizing Wipes - Santal Escape - 40ct,D253-C4,5,24.0,READY_FOR_LAUNCH,exact,2026-11-29,63.0,2026-11-29,FY2026 W44
2026-11-29,95285660,0.0,,,,forecast,trailing_4wk_mean,beyond_plan_horizon,BEYOND_PLAN_HORIZON,0.0,0.0,0.0,0,D,0.0,0.0,,0.7,D · plan-based · ±70%,P-60WIP-FLU-FRA-2PK,Biom Flushable Personal Wipes Fragrance Free - 120ct,D253-C6,5,12.0,READY_FOR_ORDER,inferred,2026-11-29,0.0,2026-11-29,FY2026 W44
2026-11-29,95285661,28.0,,,,forecast,trailing_4wk_mean,beyond_plan_horizon,BEYOND_PLAN_HORIZON,112.0,28.0,14.0,1,D,8.0,48.0,,0.7,D · plan-based · ±70%,K-60WIP-FLU-FRA-3Pk,Biom Flushable Personal Wipes Unscented - 180ct,D253-C6,5,4.0,READY_FOR_ORDER,exact,2026-11-29,7.0,2026-11-29,FY2026 W44
2026-11-29,95285662,0.0,,,,forecast,trailing_4wk_mean,beyond_plan_horizon,BEYOND_PLAN_HORIZON,0.0,0.0,0.0,0,D,0.0,0.0,,0.7,D · plan-based · ±70%,K-DIS-2FLU-WHI,Biom White Flushable One Handed Kit Personal Wipes Unscented - 120ct,D253-C6,5,4.0,READY_FOR_ORDER,inferred,2026-11-29,0.0,2026-11-29,FY2026 W44
2026-11-29,1010810949,4572.0,,,,forecast,trailing_4wk_mean,beyond_plan_horizon,BEYOND_PLAN_HORIZON,1728.0,4572.0,2286.0,4,D,1372.0,7772.0,,0.7,D · plan-based · ±70%,P-40WIP-LIT-FRA,Biom Baby Mini Little Messes Hand Wipes Refills Fragrance Free - 40ct,D7,7,24.0,READY_FOR_LAUNCH,exact,2026-12-06,190.5,2026-11-29,FY2026 W44
2026-11-29,1010810951,930.0,,,,forecast,trailing_4wk_mean,beyond_plan_horizon,BEYOND_PLAN_HORIZON,330.0,930.0,465.0,3,D,279.0,1581.0,,0.7,D · plan-based · ±70%,K-6DIS-PER-1LIT,Biom Refillable Mini Dispenser Little Mess Hand Wipes Periwinkle - 40ct,D7,7,6.0,READY_FOR_LAUNCH,exact,2026-12-06,155.0,2026-11-29,FY2026 W44
2026-11-29,1011278742,0.0,,,,forecast,trailing_4wk_mean,beyond_plan_horizon,BEYOND_PLAN_HORIZON,0.0,0.0,0.0,0,D,0.0,0.0,,0.7,D · plan-based · ±70%,P-20WIP-SAN-BER-TRV,Biom Sanitizing Go-Pack Holiday Bergamot Bloom - Hand Wipes - 20ct,D253-C4,5,24.0,READY_FOR_ORDER,exact,2026-11-29,0.0,2026-11-29,FY2026 W44
2026-11-29,1011824789,0.0,,,,forecast,trailing_4wk_mean,beyond_plan_horizon,BEYOND_PLAN_HORIZON,0.0,0.0,0.0,0,D,0.0,0.0,,0.7,D · plan-based · ±70%,P-60WIP-DSN-PIN,Biom Pine Forest Disinfecting Wipes Refill All-Purpose Cleaners - 60ct,D3-C2,5,12.0,READY_FOR_ORDER,unmapped,2026-11-29,0.0,2026-11-29,FY2026 W44
2026-11-29,1012188490,0.0,,,,forecast,trailing_4wk_mean,beyond_plan_horizon,BEYOND_PLAN_HORIZON,0.0,0.0,0.0,0,D,0.0,0.0,,0.7,D · plan-based · ±70%,P-30WIP-LIT-FRA,Biom Little Mess Baby Wipes Go-Pack Unscented - 30ct,D7,7,24.0,READY_FOR_ORDER,exact,2026-12-06,0.0,2026-11-29,FY2026 W44
2026-11-29,1012188491,0.0,,,,forecast,trailing_4wk_mean,beyond_plan_horizon,BEYOND_PLAN_HORIZON,0.0,0.0,0.0,0,D,0.0,0.0,,0.7,D · plan-based · ±70%,P-30WIP-BAB-FRA,Biom Baby Wipes Go-Pack Unscented - 30ct,D7,7,24.0,READY_FOR_ORDER,exact,2026-12-06,0.0,2026-11-29,FY2026 W44
2026-11-29,1012914812,0.0,,,,forecast,trailing_4wk_mean,beyond_plan_horizon,BEYOND_PLAN_HORIZON,0.0,0.0,0.0,0,D,0.0,0.0,,0.7,D · plan-based · ±70%,P-20WIP-AP-STL-TRV,Biom Santal Escape Cleaning Wipe Go-Pack All-Purpose Cleaners - 20ct,D3-C2,5,,READY_FOR_ORDER,unmapped,2026-11-29,,2026-11-29,FY2026 W44
2026-11-29,1012914813,0.0,,,,forecast,trailing_4wk_mean,beyond_plan_horizon,BEYOND_PLAN_HORIZON,0.0,0.0,0.0,0,D,0.0,0.0,,0.7,D · plan-based · ±70%,P-20WIP-DSN-CIT-TRV,Biom Fresh Citrus Disinfecting Wipe Go-Pack All-Purpose Cleaners - 20ct,D3-C2,5,,READY_FOR_ORDER,unmapped,2026-11-29,,2026-11-29,FY2026 W44
2026-12-06,89854821,1749.0,,,,forecast,trailing_4wk_mean,beyond_plan_horizon,BEYOND_PLAN_HORIZON,2154.0,1749.0,1789.5,8,D,525.0,2973.0,,0.7,D · plan-based · ±70%,P-DIS-EUC,Biom Refillable Plant-Based Wipes Dispenser - Eucalyptus,D3-C2,5,6.0,READY_FOR_LAUNCH,exact,2026-12-06,291.5,2026-12-06,FY2026 W45
2026-12-06,89854822,0.0,,,,forecast,trailing_4wk_mean,beyond_plan_horizon,BEYOND_PLAN_HORIZON,0.0,0.0,0.0,0,D,0.0,0.0,,0.7,D · plan-based · ±70%,P-60WIP-AP-LAV,"Biom Lavender Ease All Purpose Cleaning Wipes Refill - 60ct: Safe for Sensitive Skin, Contains Naturally Derived Ingredients, Removes Grease",D3-C2,5,12.0,READY_FOR_LAUNCH,exact,2026-12-06,0.0,2026-12-06,FY2026 W45
2026-12-06,89854823,1322.0,,,,forecast,trailing_4wk_mean,beyond_plan_horizon,BEYOND_PLAN_HORIZON,2340.0,1321.5,1105.5,8,D,397.0,2247.0,,0.7,D · plan-based · ±70%,P-DIS-WHI,"Biom Refillable Plant-Based Wipes Dispenser - White: BPA-Free, Multi-Surface Use, Silicone Components",D3-C2,5,6.0,READY_FOR_LAUNCH,exact,2026-12-06,220.3,2026-12-06,FY2026 W45
2026-12-06,89854824,0.0,,,,forecast,trailing_4wk_mean,beyond_plan_horizon,BEYOND_PLAN_HORIZON,0.0,0.0,0.0,0,D,0.0,0.0,,0.7,D · plan-based · ±70%,P-60WIP-AP-GRA,"Biom Grapefruit Zest All Purpose Cleaning Wipes Refill - 60ct: Safe for Sensitive Skin, Contains Naturally Derived Ingredients, Multi-Surface Cleaner",D3-C2,5,12.0,READY_FOR_LAUNCH,exact,2026-12-06,0.0,2026-12-06,FY2026 W45
2026-12-06,89854825,1722.0,,,,forecast,trailing_4wk_mean,beyond_plan_horizon,BEYOND_PLAN_HORIZON,1320.0,1722.0,1765.5,8,D,517.0,2927.0,,0.7,D · plan-based · ±70%,P-DIS-TAN,Biom Refillable Plant-Based Wipes Dispenser - Sand,D3-C2,5,6.0,READY_FOR_LAUNCH,exact,2026-12-06,287.0,2026-12-06,FY2026 W45
2026-12-06,89854826,1401.0,,,,forecast,trailing_4wk_mean,beyond_plan_horizon,BEYOND_PLAN_HORIZON,1020.0,1401.0,2289.0,8,D,420.0,2382.0,,0.7,D · plan-based · ±70%,P-60WIP-AP-STL,Biom Plant Based Refillable All Purpose Wipes - Santal Escape - 60ct,D3-C2,5,12.0,READY_FOR_LAUNCH,exact,2026-12-06,116.8,2026-12-06,FY2026 W45
2026-12-06,93197977,498.0,,,,forecast,trailing_4wk_mean,beyond_plan_horizon,BEYOND_PLAN_HORIZON,456.0,498.0,877.5,8,D,149.0,847.0,,0.7,D · plan-based · ±70%,P-60WIP-AP-NER,Biom Plant Based Refillable All Purpose Wipes - Neroli Dream - 60ct,D3-C2,5,12.0,READY_FOR_LAUNCH,exact,2026-12-06,41.5,2026-12-06,FY2026 W45
2026-12-06,93197978,0.0,,,,forecast,trailing_4wk_mean,beyond_plan_horizon,BEYOND_PLAN_HORIZON,0.0,0.0,0.0,0,D,0.0,0.0,,0.7,D · plan-based · ±70%,,Biom Refillable Wipe Dispenser,D3-C2,5,,,unmapped,2026-12-06,,2026-12-06,FY2026 W45
2026-12-06,93197979,2217.0,,,,forecast,trailing_4wk_mean,beyond_plan_horizon,BEYOND_PLAN_HORIZON,3096.0,2217.0,2322.0,8,D,665.0,3769.0,,0.7,D · plan-based · ±70%,P-60WIP-AP-FRA,Biom Plant Based Refillable All Purpose Wipes - Fragrance Free - 60ct,D3-C2,5,12.0,READY_FOR_LAUNCH,exact,2026-12-06,184.8,2026-12-06,FY2026 W45
2026-12-06,94643458,27.0,,,,forecast,trailing_4wk_mean,beyond_plan_horizon,BEYOND_PLAN_HORIZON,24.0,27.0,24.0,8,D,8.0,46.0,,0.7,D · plan-based · ±70%,P-DIS-DGR,"Biom Refillable Wipes Dispenser - Hunter Green: BPA-Free, Silicone Material",D3-C2,5,6.0,READY_FOR_LAUNCH,exact,2026-12-06,4.5,2026-12-06,FY2026 W45
2026-12-06,94643459,60.0,,,,forecast,trailing_4wk_mean,beyond_plan_horizon,BEYOND_PLAN_HORIZON,36.0,60.0,58.5,8,D,18.0,102.0,,0.7,D · plan-based · ±70%,P-DIS-BLK,"Biom Refillable Wipes Dispenser - Black: BPA-Free, Silicone, Cleaning Tools and Accessories",D3-C2,5,6.0,READY_FOR_LAUNCH,exact,2026-12-06,10.0,2026-12-06,FY2026 W45
2026-12-06,94643460,56.0,,,,forecast,trailing_4wk_mean,beyond_plan_horizon,BEYOND_PLAN_HORIZON,36.0,55.5,53.25,8,D,17.0,95.0,,0.7,D · plan-based · ±70%,P-DIS-LGR,"Biom Refillable Wipes Dispenser - Seafoam: BPA-Free, Silicone, 8 Inch Height",D3-C2,5,6.0,READY_FOR_LAUNCH,exact,2026-12-06,9.3,2026-12-06,FY2026 W45
2026-12-06,94723685,0.0,,,,forecast,trailing_4wk_mean,beyond_plan_horizon,BEYOND_PLAN_HORIZON,0.0,0.0,0.0,0,D,0.0,0.0,,0.7,D · plan-based · ±70%,P-60WIP-AP-FIR,"Biom Fraser Fir All-Purpose Cleaning Wipes Refill - 60ct: Removes Dirt, Grease, Multi-Surface Use",D3-C2,5,12.0,READY_FOR_LAUNCH,exact,2026-12-06,0.0,2026-12-06,FY2026 W45
2026-12-06,94723686,0.0,,,,forecast,trailing_4wk_mean,beyond_plan_horizon,BEYOND_PLAN_HORIZON,0.0,0.0,0.0,0,D,0.0,0.0,,0.7,D · plan-based · ±70%,P-60WIP-AP-PEP,Biom Peppermint All-Purpose Cleaning Wipes Refill - 60ct,D3-C2,5,12.0,READY_FOR_LAUNCH,exact,2026-12-06,0.0,2026-12-06,FY2026 W45
2026-12-06,94723687,0.0,,,,forecast,trailing_4wk_mean,beyond_plan_horizon,BEYOND_PLAN_HORIZON,0.0,0.0,0.0,0,D,0.0,0.0,,0.7,D · plan-based · ±70%,P-6DIS-WHI,"Biom Mini Refillable Wipe Dispenser - Bone: BPA-Free, Silicone, 6 Height",D3-C2,5,6.0,READY_FOR_LAUNCH,exact,2026-12-06,0.0,2026-12-06,FY2026 W45
2026-12-06,94723688,0.0,,,,forecast,trailing_4wk_mean,beyond_plan_horizon,BEYOND_PLAN_HORIZON,0.0,0.0,0.0,0,D,0.0,0.0,,0.7,D · plan-based · ±70%,P-DIS-TER,Biom Refillable Plant-Based Wipes Dispenser - Terracotta,D3-C2,5,6.0,READY_FOR_LAUNCH,exact,2026-12-06,0.0,2026-12-06,FY2026 W45
2026-12-06,94723689,0.0,,,,forecast,trailing_4wk_mean,beyond_plan_horizon,BEYOND_PLAN_HORIZON,0.0,0.0,0.0,0,D,0.0,0.0,,0.7,D · plan-based · ±70%,P-40WIP-6IN-AP-VAN,"Biom Tres Vanille All-Purpose Cleaning Mini Wipes - 40ct: Refill Pouch, Removes Dirt",D3-C2,5,12.0,READY_FOR_LAUNCH,exact,2026-12-06,0.0,2026-12-06,FY2026 W45
2026-12-06,94799734,242.0,,,,forecast,trailing_4wk_mean,beyond_plan_horizon,BEYOND_PLAN_HORIZON,80.0,242.0,386.5,8,D,73.0,411.0,,0.7,D · plan-based · ±70%,K-DIS-2BAB-WHI,"Biom 99% Water Hypoallergenic Baby Starter Kit - White - Fragrance Free - 120 wipes: Face, Hands, Nose, Whole Body, Diaper Area",D7,7,4.0,READY_FOR_LAUNCH,exact,2026-12-13,60.5,2026-12-06,FY2026 W45
2026-12-06,94799736,0.0,,,,forecast,trailing_4wk_mean,beyond_plan_horizon,BEYOND_PLAN_HORIZON,0.0,0.0,200.0,4,D,0.0,0.0,,0.7,D · plan-based · ±70%,K-DIS-2BAB-LGR,"Biom 99% Water Hypoallergenic Baby Starter Kit - Seafoam Green - Fragrance Free - 120ct: Refillable, Alcohol-Free, Aloe & Vitamin E",D7,7,4.0,READY_FOR_LAUNCH,exact,2026-12-13,0.0,2026-12-06,FY2026 W45
2026-12-06,94799737,1173.0,,,,forecast,trailing_4wk_mean,beyond_plan_horizon,BEYOND_PLAN_HORIZON,396.0,1173.0,1992.0,8,D,352.0,1994.0,,0.7,D · plan-based · ±70%,P-60WIP-BAB-FRA,"Biom 99% Water Hypoallergenic Baby Wipes - Fragrance Free - 60ct: Alcohol-Free, Contains Aloe, Refill Pouch",D7,7,12.0,READY_FOR_LAUNCH,exact,2026-12-13,97.8,2026-12-06,FY2026 W45
2026-12-06,94799738,0.0,,,,forecast,trailing_4wk_mean,beyond_plan_horizon,BEYOND_PLAN_HORIZON,0.0,0.0,31.0,4,D,0.0,0.0,,0.7,D · plan-based · ±70%,K-DIS-2BAB-PUR,"Biom 99% Water Hypoallergenic Baby Starter Kit - Lilac - Fragrance Free - 120ct: Refillable Container, Contains Aloe, Contains Vitamin E",D7,7,6.0,READY_FOR_LAUNCH,exact,2026-12-13,0.0,2026-12-06,FY2026 W45
2026-12-06,94799739,650.0,,,,forecast,trailing_4wk_mean,beyond_plan_horizon,BEYOND_PLAN_HORIZON,153.0,650.25,998.625,8,D,195.0,1105.0,,0.7,D · plan-based · ±70%,K-60WIP-BAB-FRA-4PK,"Biom 99% Water Hypoallergenic Baby Wipes -Fragrance Free - 240ct: Face, Hands, Nose, Whole Body, Diaper Area",D7,7,3.0,READY_FOR_LAUNCH,exact,2026-12-13,216.7,2026-12-06,FY2026 W45
2026-12-06,94799740,724.0,,,,forecast,trailing_4wk_mean,beyond_plan_horizon,BEYOND_PLAN_HORIZON,175.0,724.0,582.75,8,D,217.0,1231.0,,0.7,D · plan-based · ±70%,K-60WIP-BAB-FRA-12PK,"Biom 99% Water Hypoallergenic Baby Wipes - Fragrance Free - 720ct: Face & Body Application, Refill Pouch, With Aloe & Vitamin E",D7,7,1.0,READY_FOR_LAUNCH,exact,2026-12-13,724.0,2026-12-06,FY2026 W45
2026-12-06,94928289,0.0,,,,forecast,trailing_4wk_mean,beyond_plan_horizon,BEYOND_PLAN_HORIZON,0.0,0.0,0.0,0,D,0.0,0.0,,0.7,D · plan-based · ±70%,P-60WIP-DSN-ALP,Biom Plastic Free Plant Based Disinfecting Wipes - Alpine Mint - 60ct,D3-C2,5,12.0,READY_FOR_LAUNCH,exact,2026-12-06,0.0,2026-12-06,FY2026 W45
2026-12-06,94928290,429.0,,,,forecast,trailing_4wk_mean,beyond_plan_horizon,BEYOND_PLAN_HORIZON,740.0,429.0,501.0,8,D,129.0,729.0,,0.7,D · plan-based · ±70%,P-DIS-SS-BRU,Biom Refillable Plant-Based Wipes Dispenser - Brushed Stainless,D3-C2,5,4.0,READY_FOR_LAUNCH,exact,2026-12-06,107.2,2026-12-06,FY2026 W45
2026-12-06,94928291,518.0,,,,forecast,trailing_4wk_mean,beyond_plan_horizon,BEYOND_PLAN_HORIZON,912.0,518.0,669.0,8,D,155.0,881.0,,0.7,D · plan-based · ±70%,K-60WIP-DSN-COM-3PK,"Biom Plastic Free Plant Based Disinfecting Wipes - Variety - 3pk/180ct: Ammonia-Free, Paraben-Free, Mint Scent",D3-C2,5,4.0,READY_FOR_LAUNCH,exact,2026-12-06,129.5,2026-12-06,FY2026 W45
2026-12-06,94928292,366.0,,,,forecast,trailing_4wk_mean,beyond_plan_horizon,BEYOND_PLAN_HORIZON,528.0,366.0,877.5,8,D,110.0,622.0,,0.7,D · plan-based · ±70%,P-60WIP-DSN-CIT,"Biom Plastic Free Plant Based Disinfecting Wipes - Fresh Citrus - 60ct: Ammonia-Free, Aluminum-Free, Paraben-Free",D3-C2,5,12.0,READY_FOR_LAUNCH,exact,2026-12-06,30.5,2026-12-06,FY2026 W45
2026-12-06,94928293,690.0,,,,forecast,trailing_4wk_mean,beyond_plan_horizon,BEYOND_PLAN_HORIZON,1096.0,690.0,1583.5,8,D,207.0,1173.0,,0.7,D · plan-based · ±70%,K-60WIP-AP-COM,Biom Plant Based Refillable All Purpose Wipes Variety - 3pk/180ct,D3-C2,5,4.0,READY_FOR_LAUNCH,exact,2026-12-06,172.5,2026-12-06,FY2026 W45
2026-12-06,94979715,876.0,,,,forecast,trailing_4wk_mean,beyond_plan_horizon,BEYOND_PLAN_HORIZON,384.0,876.0,1344.0,8,D,263.0,1489.0,,0.7,D · plan-based · ±70%,P-30WIP-BOD-NAT-TRV,Biom Travel Pack Biodegradable Body Wipes - Naturally Fresh - 30ct,D253-C4,5,24.0,READY_FOR_LAUNCH,exact,2026-12-06,36.5,2026-12-06,FY2026 W45
2026-12-06,94979716,0.0,,,,forecast,trailing_4wk_mean,beyond_plan_horizon,BEYOND_PLAN_HORIZON,0.0,0.0,369.0,2,D,0.0,0.0,,0.7,D · plan-based · ±70%,P-20WIP-SAN-STL-TRV,Biom Travel Pack Biodegradable Hand Sanitizing Wipes - Santal Escape - 20ct,D253-C4,5,24.0,READY_FOR_LAUNCH,exact,2026-12-06,0.0,2026-12-06,FY2026 W45
2026-12-06,94979717,884.0,,,,forecast,trailing_4wk_mean,beyond_plan_horizon,BEYOND_PLAN_HORIZON,942.0,883.5,865.5,8,D,265.0,1503.0,,0.7,D · plan-based · ±70%,K-6DIS-WHI-1SAN-STL,Biom Mini Dispenser with Biodegradable Hand Sanitizing Wipes - Santal Escape - 40ct,D253-C4,5,6.0,READY_FOR_LAUNCH,exact,2026-12-06,147.3,2026-12-06,FY2026 W45
2026-12-06,94979718,1512.0,,,,forecast,trailing_4wk_mean,beyond_plan_horizon,BEYOND_PLAN_HORIZON,1800.0,1512.0,1728.0,8,D,454.0,2570.0,,0.7,D · plan-based · ±70%,P-40WIP-6IN-SAN-STL,Biom Mini Biodegradable Refillable Hand Sanitizing Wipes - Santal Escape - 40ct,D253-C4,5,24.0,READY_FOR_LAUNCH,exact,2026-12-06,63.0,2026-12-06,FY2026 W45
2026-12-06,95285660,0.0,,,,forecast,trailing_4wk_mean,beyond_plan_horizon,BEYOND_PLAN_HORIZON,0.0,0.0,0.0,0,D,0.0,0.0,,0.7,D · plan-based · ±70%,P-60WIP-FLU-FRA-2PK,Biom Flushable Personal Wipes Fragrance Free - 120ct,D253-C6,5,12.0,READY_FOR_ORDER,inferred,2026-12-06,0.0,2026-12-06,FY2026 W45
2026-12-06,95285661,28.0,,,,forecast,trailing_4wk_mean,beyond_plan_horizon,BEYOND_PLAN_HORIZON,112.0,28.0,14.0,1,D,8.0,48.0,,0.7,D · plan-based · ±70%,K-60WIP-FLU-FRA-3Pk,Biom Flushable Personal Wipes Unscented - 180ct,D253-C6,5,4.0,READY_FOR_ORDER,exact,2026-12-06,7.0,2026-12-06,FY2026 W45
2026-12-06,95285662,0.0,,,,forecast,trailing_4wk_mean,beyond_plan_horizon,BEYOND_PLAN_HORIZON,0.0,0.0,0.0,0,D,0.0,0.0,,0.7,D · plan-based · ±70%,K-DIS-2FLU-WHI,Biom White Flushable One Handed Kit Personal Wipes Unscented - 120ct,D253-C6,5,4.0,READY_FOR_ORDER,inferred,2026-12-06,0.0,2026-12-06,FY2026 W45
2026-12-06,1010810949,4572.0,,,,forecast,trailing_4wk_mean,beyond_plan_horizon,BEYOND_PLAN_HORIZON,1728.0,4572.0,2286.0,4,D,1372.0,7772.0,,0.7,D · plan-based · ±70%,P-40WIP-LIT-FRA,Biom Baby Mini Little Messes Hand Wipes Refills Fragrance Free - 40ct,D7,7,24.0,READY_FOR_LAUNCH,exact,2026-12-13,190.5,2026-12-06,FY2026 W45
2026-12-06,1010810951,930.0,,,,forecast,trailing_4wk_mean,beyond_plan_horizon,BEYOND_PLAN_HORIZON,330.0,930.0,465.0,3,D,279.0,1581.0,,0.7,D · plan-based · ±70%,K-6DIS-PER-1LIT,Biom Refillable Mini Dispenser Little Mess Hand Wipes Periwinkle - 40ct,D7,7,6.0,READY_FOR_LAUNCH,exact,2026-12-13,155.0,2026-12-06,FY2026 W45
2026-12-06,1011278742,0.0,,,,forecast,trailing_4wk_mean,beyond_plan_horizon,BEYOND_PLAN_HORIZON,0.0,0.0,0.0,0,D,0.0,0.0,,0.7,D · plan-based · ±70%,P-20WIP-SAN-BER-TRV,Biom Sanitizing Go-Pack Holiday Bergamot Bloom - Hand Wipes - 20ct,D253-C4,5,24.0,READY_FOR_ORDER,exact,2026-12-06,0.0,2026-12-06,FY2026 W45
2026-12-06,1011824789,0.0,,,,forecast,trailing_4wk_mean,beyond_plan_horizon,BEYOND_PLAN_HORIZON,0.0,0.0,0.0,0,D,0.0,0.0,,0.7,D · plan-based · ±70%,P-60WIP-DSN-PIN,Biom Pine Forest Disinfecting Wipes Refill All-Purpose Cleaners - 60ct,D3-C2,5,12.0,READY_FOR_ORDER,unmapped,2026-12-06,0.0,2026-12-06,FY2026 W45
2026-12-06,1012188490,0.0,,,,forecast,trailing_4wk_mean,beyond_plan_horizon,BEYOND_PLAN_HORIZON,0.0,0.0,0.0,0,D,0.0,0.0,,0.7,D · plan-based · ±70%,P-30WIP-LIT-FRA,Biom Little Mess Baby Wipes Go-Pack Unscented - 30ct,D7,7,24.0,READY_FOR_ORDER,exact,2026-12-13,0.0,2026-12-06,FY2026 W45
2026-12-06,1012188491,0.0,,,,forecast,trailing_4wk_mean,beyond_plan_horizon,BEYOND_PLAN_HORIZON,0.0,0.0,0.0,0,D,0.0,0.0,,0.7,D · plan-based · ±70%,P-30WIP-BAB-FRA,Biom Baby Wipes Go-Pack Unscented - 30ct,D7,7,24.0,READY_FOR_ORDER,exact,2026-12-13,0.0,2026-12-06,FY2026 W45
2026-12-06,1012914812,0.0,,,,forecast,trailing_4wk_mean,beyond_plan_horizon,BEYOND_PLAN_HORIZON,0.0,0.0,0.0,0,D,0.0,0.0,,0.7,D · plan-based · ±70%,P-20WIP-AP-STL-TRV,Biom Santal Escape Cleaning Wipe Go-Pack All-Purpose Cleaners - 20ct,D3-C2,5,,READY_FOR_ORDER,unmapped,2026-12-06,,2026-12-06,FY2026 W45
2026-12-06,1012914813,0.0,,,,forecast,trailing_4wk_mean,beyond_plan_horizon,BEYOND_PLAN_HORIZON,0.0,0.0,0.0,0,D,0.0,0.0,,0.7,D · plan-based · ±70%,P-20WIP-DSN-CIT-TRV,Biom Fresh Citrus Disinfecting Wipe Go-Pack All-Purpose Cleaners - 20ct,D3-C2,5,,READY_FOR_ORDER,unmapped,2026-12-06,,2026-12-06,FY2026 W45
2026-12-13,89854821,1749.0,,,,forecast,trailing_4wk_mean,beyond_plan_horizon,BEYOND_PLAN_HORIZON,2154.0,1749.0,1789.5,8,D,525.0,2973.0,,0.7,D · plan-based · ±70%,P-DIS-EUC,Biom Refillable Plant-Based Wipes Dispenser - Eucalyptus,D3-C2,5,6.0,READY_FOR_LAUNCH,exact,2026-12-13,291.5,2026-12-13,FY2026 W46
2026-12-13,89854822,0.0,,,,forecast,trailing_4wk_mean,beyond_plan_horizon,BEYOND_PLAN_HORIZON,0.0,0.0,0.0,0,D,0.0,0.0,,0.7,D · plan-based · ±70%,P-60WIP-AP-LAV,"Biom Lavender Ease All Purpose Cleaning Wipes Refill - 60ct: Safe for Sensitive Skin, Contains Naturally Derived Ingredients, Removes Grease",D3-C2,5,12.0,READY_FOR_LAUNCH,exact,2026-12-13,0.0,2026-12-13,FY2026 W46
2026-12-13,89854823,1322.0,,,,forecast,trailing_4wk_mean,beyond_plan_horizon,BEYOND_PLAN_HORIZON,2340.0,1321.5,1105.5,8,D,397.0,2247.0,,0.7,D · plan-based · ±70%,P-DIS-WHI,"Biom Refillable Plant-Based Wipes Dispenser - White: BPA-Free, Multi-Surface Use, Silicone Components",D3-C2,5,6.0,READY_FOR_LAUNCH,exact,2026-12-13,220.3,2026-12-13,FY2026 W46
2026-12-13,89854824,0.0,,,,forecast,trailing_4wk_mean,beyond_plan_horizon,BEYOND_PLAN_HORIZON,0.0,0.0,0.0,0,D,0.0,0.0,,0.7,D · plan-based · ±70%,P-60WIP-AP-GRA,"Biom Grapefruit Zest All Purpose Cleaning Wipes Refill - 60ct: Safe for Sensitive Skin, Contains Naturally Derived Ingredients, Multi-Surface Cleaner",D3-C2,5,12.0,READY_FOR_LAUNCH,exact,2026-12-13,0.0,2026-12-13,FY2026 W46
2026-12-13,89854825,1722.0,,,,forecast,trailing_4wk_mean,beyond_plan_horizon,BEYOND_PLAN_HORIZON,1320.0,1722.0,1765.5,8,D,517.0,2927.0,,0.7,D · plan-based · ±70%,P-DIS-TAN,Biom Refillable Plant-Based Wipes Dispenser - Sand,D3-C2,5,6.0,READY_FOR_LAUNCH,exact,2026-12-13,287.0,2026-12-13,FY2026 W46
2026-12-13,89854826,1401.0,,,,forecast,trailing_4wk_mean,beyond_plan_horizon,BEYOND_PLAN_HORIZON,1020.0,1401.0,2289.0,8,D,420.0,2382.0,,0.7,D · plan-based · ±70%,P-60WIP-AP-STL,Biom Plant Based Refillable All Purpose Wipes - Santal Escape - 60ct,D3-C2,5,12.0,READY_FOR_LAUNCH,exact,2026-12-13,116.8,2026-12-13,FY2026 W46
2026-12-13,93197977,498.0,,,,forecast,trailing_4wk_mean,beyond_plan_horizon,BEYOND_PLAN_HORIZON,456.0,498.0,877.5,8,D,149.0,847.0,,0.7,D · plan-based · ±70%,P-60WIP-AP-NER,Biom Plant Based Refillable All Purpose Wipes - Neroli Dream - 60ct,D3-C2,5,12.0,READY_FOR_LAUNCH,exact,2026-12-13,41.5,2026-12-13,FY2026 W46
2026-12-13,93197978,0.0,,,,forecast,trailing_4wk_mean,beyond_plan_horizon,BEYOND_PLAN_HORIZON,0.0,0.0,0.0,0,D,0.0,0.0,,0.7,D · plan-based · ±70%,,Biom Refillable Wipe Dispenser,D3-C2,5,,,unmapped,2026-12-13,,2026-12-13,FY2026 W46
2026-12-13,93197979,2217.0,,,,forecast,trailing_4wk_mean,beyond_plan_horizon,BEYOND_PLAN_HORIZON,3096.0,2217.0,2322.0,8,D,665.0,3769.0,,0.7,D · plan-based · ±70%,P-60WIP-AP-FRA,Biom Plant Based Refillable All Purpose Wipes - Fragrance Free - 60ct,D3-C2,5,12.0,READY_FOR_LAUNCH,exact,2026-12-13,184.8,2026-12-13,FY2026 W46
2026-12-13,94643458,27.0,,,,forecast,trailing_4wk_mean,beyond_plan_horizon,BEYOND_PLAN_HORIZON,24.0,27.0,24.0,8,D,8.0,46.0,,0.7,D · plan-based · ±70%,P-DIS-DGR,"Biom Refillable Wipes Dispenser - Hunter Green: BPA-Free, Silicone Material",D3-C2,5,6.0,READY_FOR_LAUNCH,exact,2026-12-13,4.5,2026-12-13,FY2026 W46
2026-12-13,94643459,60.0,,,,forecast,trailing_4wk_mean,beyond_plan_horizon,BEYOND_PLAN_HORIZON,36.0,60.0,58.5,8,D,18.0,102.0,,0.7,D · plan-based · ±70%,P-DIS-BLK,"Biom Refillable Wipes Dispenser - Black: BPA-Free, Silicone, Cleaning Tools and Accessories",D3-C2,5,6.0,READY_FOR_LAUNCH,exact,2026-12-13,10.0,2026-12-13,FY2026 W46
2026-12-13,94643460,56.0,,,,forecast,trailing_4wk_mean,beyond_plan_horizon,BEYOND_PLAN_HORIZON,36.0,55.5,53.25,8,D,17.0,95.0,,0.7,D · plan-based · ±70%,P-DIS-LGR,"Biom Refillable Wipes Dispenser - Seafoam: BPA-Free, Silicone, 8 Inch Height",D3-C2,5,6.0,READY_FOR_LAUNCH,exact,2026-12-13,9.3,2026-12-13,FY2026 W46
2026-12-13,94723685,0.0,,,,forecast,trailing_4wk_mean,beyond_plan_horizon,BEYOND_PLAN_HORIZON,0.0,0.0,0.0,0,D,0.0,0.0,,0.7,D · plan-based · ±70%,P-60WIP-AP-FIR,"Biom Fraser Fir All-Purpose Cleaning Wipes Refill - 60ct: Removes Dirt, Grease, Multi-Surface Use",D3-C2,5,12.0,READY_FOR_LAUNCH,exact,2026-12-13,0.0,2026-12-13,FY2026 W46
2026-12-13,94723686,0.0,,,,forecast,trailing_4wk_mean,beyond_plan_horizon,BEYOND_PLAN_HORIZON,0.0,0.0,0.0,0,D,0.0,0.0,,0.7,D · plan-based · ±70%,P-60WIP-AP-PEP,Biom Peppermint All-Purpose Cleaning Wipes Refill - 60ct,D3-C2,5,12.0,READY_FOR_LAUNCH,exact,2026-12-13,0.0,2026-12-13,FY2026 W46
2026-12-13,94723687,0.0,,,,forecast,trailing_4wk_mean,beyond_plan_horizon,BEYOND_PLAN_HORIZON,0.0,0.0,0.0,0,D,0.0,0.0,,0.7,D · plan-based · ±70%,P-6DIS-WHI,"Biom Mini Refillable Wipe Dispenser - Bone: BPA-Free, Silicone, 6 Height",D3-C2,5,6.0,READY_FOR_LAUNCH,exact,2026-12-13,0.0,2026-12-13,FY2026 W46
2026-12-13,94723688,0.0,,,,forecast,trailing_4wk_mean,beyond_plan_horizon,BEYOND_PLAN_HORIZON,0.0,0.0,0.0,0,D,0.0,0.0,,0.7,D · plan-based · ±70%,P-DIS-TER,Biom Refillable Plant-Based Wipes Dispenser - Terracotta,D3-C2,5,6.0,READY_FOR_LAUNCH,exact,2026-12-13,0.0,2026-12-13,FY2026 W46
2026-12-13,94723689,0.0,,,,forecast,trailing_4wk_mean,beyond_plan_horizon,BEYOND_PLAN_HORIZON,0.0,0.0,0.0,0,D,0.0,0.0,,0.7,D · plan-based · ±70%,P-40WIP-6IN-AP-VAN,"Biom Tres Vanille All-Purpose Cleaning Mini Wipes - 40ct: Refill Pouch, Removes Dirt",D3-C2,5,12.0,READY_FOR_LAUNCH,exact,2026-12-13,0.0,2026-12-13,FY2026 W46
2026-12-13,94799734,242.0,,,,forecast,trailing_4wk_mean,beyond_plan_horizon,BEYOND_PLAN_HORIZON,80.0,242.0,386.5,8,D,73.0,411.0,,0.7,D · plan-based · ±70%,K-DIS-2BAB-WHI,"Biom 99% Water Hypoallergenic Baby Starter Kit - White - Fragrance Free - 120 wipes: Face, Hands, Nose, Whole Body, Diaper Area",D7,7,4.0,READY_FOR_LAUNCH,exact,2026-12-20,60.5,2026-12-13,FY2026 W46
2026-12-13,94799736,0.0,,,,forecast,trailing_4wk_mean,beyond_plan_horizon,BEYOND_PLAN_HORIZON,0.0,0.0,200.0,4,D,0.0,0.0,,0.7,D · plan-based · ±70%,K-DIS-2BAB-LGR,"Biom 99% Water Hypoallergenic Baby Starter Kit - Seafoam Green - Fragrance Free - 120ct: Refillable, Alcohol-Free, Aloe & Vitamin E",D7,7,4.0,READY_FOR_LAUNCH,exact,2026-12-20,0.0,2026-12-13,FY2026 W46
2026-12-13,94799737,1173.0,,,,forecast,trailing_4wk_mean,beyond_plan_horizon,BEYOND_PLAN_HORIZON,396.0,1173.0,1992.0,8,D,352.0,1994.0,,0.7,D · plan-based · ±70%,P-60WIP-BAB-FRA,"Biom 99% Water Hypoallergenic Baby Wipes - Fragrance Free - 60ct: Alcohol-Free, Contains Aloe, Refill Pouch",D7,7,12.0,READY_FOR_LAUNCH,exact,2026-12-20,97.8,2026-12-13,FY2026 W46
2026-12-13,94799738,0.0,,,,forecast,trailing_4wk_mean,beyond_plan_horizon,BEYOND_PLAN_HORIZON,0.0,0.0,31.0,4,D,0.0,0.0,,0.7,D · plan-based · ±70%,K-DIS-2BAB-PUR,"Biom 99% Water Hypoallergenic Baby Starter Kit - Lilac - Fragrance Free - 120ct: Refillable Container, Contains Aloe, Contains Vitamin E",D7,7,6.0,READY_FOR_LAUNCH,exact,2026-12-20,0.0,2026-12-13,FY2026 W46
2026-12-13,94799739,650.0,,,,forecast,trailing_4wk_mean,beyond_plan_horizon,BEYOND_PLAN_HORIZON,153.0,650.25,998.625,8,D,195.0,1105.0,,0.7,D · plan-based · ±70%,K-60WIP-BAB-FRA-4PK,"Biom 99% Water Hypoallergenic Baby Wipes -Fragrance Free - 240ct: Face, Hands, Nose, Whole Body, Diaper Area",D7,7,3.0,READY_FOR_LAUNCH,exact,2026-12-20,216.7,2026-12-13,FY2026 W46
2026-12-13,94799740,724.0,,,,forecast,trailing_4wk_mean,beyond_plan_horizon,BEYOND_PLAN_HORIZON,175.0,724.0,582.75,8,D,217.0,1231.0,,0.7,D · plan-based · ±70%,K-60WIP-BAB-FRA-12PK,"Biom 99% Water Hypoallergenic Baby Wipes - Fragrance Free - 720ct: Face & Body Application, Refill Pouch, With Aloe & Vitamin E",D7,7,1.0,READY_FOR_LAUNCH,exact,2026-12-20,724.0,2026-12-13,FY2026 W46
2026-12-13,94928289,0.0,,,,forecast,trailing_4wk_mean,beyond_plan_horizon,BEYOND_PLAN_HORIZON,0.0,0.0,0.0,0,D,0.0,0.0,,0.7,D · plan-based · ±70%,P-60WIP-DSN-ALP,Biom Plastic Free Plant Based Disinfecting Wipes - Alpine Mint - 60ct,D3-C2,5,12.0,READY_FOR_LAUNCH,exact,2026-12-13,0.0,2026-12-13,FY2026 W46
2026-12-13,94928290,429.0,,,,forecast,trailing_4wk_mean,beyond_plan_horizon,BEYOND_PLAN_HORIZON,740.0,429.0,501.0,8,D,129.0,729.0,,0.7,D · plan-based · ±70%,P-DIS-SS-BRU,Biom Refillable Plant-Based Wipes Dispenser - Brushed Stainless,D3-C2,5,4.0,READY_FOR_LAUNCH,exact,2026-12-13,107.2,2026-12-13,FY2026 W46
2026-12-13,94928291,518.0,,,,forecast,trailing_4wk_mean,beyond_plan_horizon,BEYOND_PLAN_HORIZON,912.0,518.0,669.0,8,D,155.0,881.0,,0.7,D · plan-based · ±70%,K-60WIP-DSN-COM-3PK,"Biom Plastic Free Plant Based Disinfecting Wipes - Variety - 3pk/180ct: Ammonia-Free, Paraben-Free, Mint Scent",D3-C2,5,4.0,READY_FOR_LAUNCH,exact,2026-12-13,129.5,2026-12-13,FY2026 W46
2026-12-13,94928292,366.0,,,,forecast,trailing_4wk_mean,beyond_plan_horizon,BEYOND_PLAN_HORIZON,528.0,366.0,877.5,8,D,110.0,622.0,,0.7,D · plan-based · ±70%,P-60WIP-DSN-CIT,"Biom Plastic Free Plant Based Disinfecting Wipes - Fresh Citrus - 60ct: Ammonia-Free, Aluminum-Free, Paraben-Free",D3-C2,5,12.0,READY_FOR_LAUNCH,exact,2026-12-13,30.5,2026-12-13,FY2026 W46
2026-12-13,94928293,690.0,,,,forecast,trailing_4wk_mean,beyond_plan_horizon,BEYOND_PLAN_HORIZON,1096.0,690.0,1583.5,8,D,207.0,1173.0,,0.7,D · plan-based · ±70%,K-60WIP-AP-COM,Biom Plant Based Refillable All Purpose Wipes Variety - 3pk/180ct,D3-C2,5,4.0,READY_FOR_LAUNCH,exact,2026-12-13,172.5,2026-12-13,FY2026 W46
2026-12-13,94979715,876.0,,,,forecast,trailing_4wk_mean,beyond_plan_horizon,BEYOND_PLAN_HORIZON,384.0,876.0,1344.0,8,D,263.0,1489.0,,0.7,D · plan-based · ±70%,P-30WIP-BOD-NAT-TRV,Biom Travel Pack Biodegradable Body Wipes - Naturally Fresh - 30ct,D253-C4,5,24.0,READY_FOR_LAUNCH,exact,2026-12-13,36.5,2026-12-13,FY2026 W46
2026-12-13,94979716,0.0,,,,forecast,trailing_4wk_mean,beyond_plan_horizon,BEYOND_PLAN_HORIZON,0.0,0.0,369.0,2,D,0.0,0.0,,0.7,D · plan-based · ±70%,P-20WIP-SAN-STL-TRV,Biom Travel Pack Biodegradable Hand Sanitizing Wipes - Santal Escape - 20ct,D253-C4,5,24.0,READY_FOR_LAUNCH,exact,2026-12-13,0.0,2026-12-13,FY2026 W46
2026-12-13,94979717,884.0,,,,forecast,trailing_4wk_mean,beyond_plan_horizon,BEYOND_PLAN_HORIZON,942.0,883.5,865.5,8,D,265.0,1503.0,,0.7,D · plan-based · ±70%,K-6DIS-WHI-1SAN-STL,Biom Mini Dispenser with Biodegradable Hand Sanitizing Wipes - Santal Escape - 40ct,D253-C4,5,6.0,READY_FOR_LAUNCH,exact,2026-12-13,147.3,2026-12-13,FY2026 W46
2026-12-13,94979718,1512.0,,,,forecast,trailing_4wk_mean,beyond_plan_horizon,BEYOND_PLAN_HORIZON,1800.0,1512.0,1728.0,8,D,454.0,2570.0,,0.7,D · plan-based · ±70%,P-40WIP-6IN-SAN-STL,Biom Mini Biodegradable Refillable Hand Sanitizing Wipes - Santal Escape - 40ct,D253-C4,5,24.0,READY_FOR_LAUNCH,exact,2026-12-13,63.0,2026-12-13,FY2026 W46
2026-12-13,95285660,0.0,,,,forecast,trailing_4wk_mean,beyond_plan_horizon,BEYOND_PLAN_HORIZON,0.0,0.0,0.0,0,D,0.0,0.0,,0.7,D · plan-based · ±70%,P-60WIP-FLU-FRA-2PK,Biom Flushable Personal Wipes Fragrance Free - 120ct,D253-C6,5,12.0,READY_FOR_ORDER,inferred,2026-12-13,0.0,2026-12-13,FY2026 W46
2026-12-13,95285661,28.0,,,,forecast,trailing_4wk_mean,beyond_plan_horizon,BEYOND_PLAN_HORIZON,112.0,28.0,14.0,1,D,8.0,48.0,,0.7,D · plan-based · ±70%,K-60WIP-FLU-FRA-3Pk,Biom Flushable Personal Wipes Unscented - 180ct,D253-C6,5,4.0,READY_FOR_ORDER,exact,2026-12-13,7.0,2026-12-13,FY2026 W46
2026-12-13,95285662,0.0,,,,forecast,trailing_4wk_mean,beyond_plan_horizon,BEYOND_PLAN_HORIZON,0.0,0.0,0.0,0,D,0.0,0.0,,0.7,D · plan-based · ±70%,K-DIS-2FLU-WHI,Biom White Flushable One Handed Kit Personal Wipes Unscented - 120ct,D253-C6,5,4.0,READY_FOR_ORDER,inferred,2026-12-13,0.0,2026-12-13,FY2026 W46
2026-12-13,1010810949,4572.0,,,,forecast,trailing_4wk_mean,beyond_plan_horizon,BEYOND_PLAN_HORIZON,1728.0,4572.0,2286.0,4,D,1372.0,7772.0,,0.7,D · plan-based · ±70%,P-40WIP-LIT-FRA,Biom Baby Mini Little Messes Hand Wipes Refills Fragrance Free - 40ct,D7,7,24.0,READY_FOR_LAUNCH,exact,2026-12-20,190.5,2026-12-13,FY2026 W46
2026-12-13,1010810951,930.0,,,,forecast,trailing_4wk_mean,beyond_plan_horizon,BEYOND_PLAN_HORIZON,330.0,930.0,465.0,3,D,279.0,1581.0,,0.7,D · plan-based · ±70%,K-6DIS-PER-1LIT,Biom Refillable Mini Dispenser Little Mess Hand Wipes Periwinkle - 40ct,D7,7,6.0,READY_FOR_LAUNCH,exact,2026-12-20,155.0,2026-12-13,FY2026 W46
2026-12-13,1011278742,0.0,,,,forecast,trailing_4wk_mean,beyond_plan_horizon,BEYOND_PLAN_HORIZON,0.0,0.0,0.0,0,D,0.0,0.0,,0.7,D · plan-based · ±70%,P-20WIP-SAN-BER-TRV,Biom Sanitizing Go-Pack Holiday Bergamot Bloom - Hand Wipes - 20ct,D253-C4,5,24.0,READY_FOR_ORDER,exact,2026-12-13,0.0,2026-12-13,FY2026 W46
2026-12-13,1011824789,0.0,,,,forecast,trailing_4wk_mean,beyond_plan_horizon,BEYOND_PLAN_HORIZON,0.0,0.0,0.0,0,D,0.0,0.0,,0.7,D · plan-based · ±70%,P-60WIP-DSN-PIN,Biom Pine Forest Disinfecting Wipes Refill All-Purpose Cleaners - 60ct,D3-C2,5,12.0,READY_FOR_ORDER,unmapped,2026-12-13,0.0,2026-12-13,FY2026 W46
2026-12-13,1012188490,0.0,,,,forecast,trailing_4wk_mean,beyond_plan_horizon,BEYOND_PLAN_HORIZON,0.0,0.0,0.0,0,D,0.0,0.0,,0.7,D · plan-based · ±70%,P-30WIP-LIT-FRA,Biom Little Mess Baby Wipes Go-Pack Unscented - 30ct,D7,7,24.0,READY_FOR_ORDER,exact,2026-12-20,0.0,2026-12-13,FY2026 W46
2026-12-13,1012188491,0.0,,,,forecast,trailing_4wk_mean,beyond_plan_horizon,BEYOND_PLAN_HORIZON,0.0,0.0,0.0,0,D,0.0,0.0,,0.7,D · plan-based · ±70%,P-30WIP-BAB-FRA,Biom Baby Wipes Go-Pack Unscented - 30ct,D7,7,24.0,READY_FOR_ORDER,exact,2026-12-20,0.0,2026-12-13,FY2026 W46
2026-12-13,1012914812,0.0,,,,forecast,trailing_4wk_mean,beyond_plan_horizon,BEYOND_PLAN_HORIZON,0.0,0.0,0.0,0,D,0.0,0.0,,0.7,D · plan-based · ±70%,P-20WIP-AP-STL-TRV,Biom Santal Escape Cleaning Wipe Go-Pack All-Purpose Cleaners - 20ct,D3-C2,5,,READY_FOR_ORDER,unmapped,2026-12-13,,2026-12-13,FY2026 W46
2026-12-13,1012914813,0.0,,,,forecast,trailing_4wk_mean,beyond_plan_horizon,BEYOND_PLAN_HORIZON,0.0,0.0,0.0,0,D,0.0,0.0,,0.7,D · plan-based · ±70%,P-20WIP-DSN-CIT-TRV,Biom Fresh Citrus Disinfecting Wipe Go-Pack All-Purpose Cleaners - 20ct,D3-C2,5,,READY_FOR_ORDER,unmapped,2026-12-13,,2026-12-13,FY2026 W46
