tcin,week_start,sales,orders,receipts,oh_start,oh_end,source
89854821,2026-08-30,1350.9044179027437,2058.0,2094.0,10773.0,11516.095582097256,plan
89854821,2026-09-06,1891.266185063841,2712.0,1176.0,11516.095582097256,10800.829397033414,plan
89854821,2026-09-13,1891.266185063841,1902.0,2154.0,10800.829397033414,11063.563211969573,plan
89854821,2026-09-20,1891.266185063841,1092.0,2058.0,11063.563211969573,11230.297026905731,plan
89854821,2026-09-27,1891.2661850638412,3000.0,2712.0,11230.297026905731,12051.03084184189,plan
89854821,2026-10-04,1891.266185063841,3306.0,1902.0,12051.03084184189,12061.764656778048,plan
89854821,2026-10-11,1891.266185063841,7920.0,1092.0,12061.764656778048,11262.498471714207,plan_forward
89854821,2026-10-18,1891.266185063841,5004.0,3000.0,11262.498471714207,12371.232286650365,plan
89854821,2026-10-25,1891.266185063841,2694.0,3306.0,12371.232286650365,13785.966101586524,plan
89854821,2026-11-01,1891.266185063841,1975.2763962466038,7920.0,13785.966101586524,19814.699916522684,controller
89854821,2026-11-08,1891.266185063841,1598.4805328130938,5004.0,19814.699916522684,22927.433731458845,controller
89854821,2026-11-15,1891.266185063841,1403.9346693795837,2694.0,22927.433731458845,23730.167546395005,controller
89854821,2026-11-22,1891.266185063841,1353.7638059460737,1975.2763962466038,23730.167546395005,23814.17775757777,controller
89854821,2026-11-29,1891.2661850638412,1348.5131677471513,1598.4805328130938,23814.17775757777,23521.392105327024,controller
89854821,2026-12-06,1891.266185063841,1366.8122710128225,1403.9346693795837,23521.392105327024,23034.06058964277,controller
89854821,2026-12-13,1891.266185063841,1397.2704907430884,1353.7638059460737,23034.06058964277,22496.558210525003,controller
89854821,2026-12-20,1891.266185063841,1430.8643894379488,1348.5131677471513,22496.558210525003,21953.805193208314,controller
89854821,2026-12-27,1891.2661850638412,1464.7864530202423,1366.8122710128225,21953.805193208314,21429.351279157298,controller
89854821,2027-01-03,1891.266185063841,1497.5648226484304,1397.2704907430884,21429.351279157298,20935.355584836547,controller
89854821,2027-01-10,1891.266185063841,1528.4395535434774,1430.8643894379488,20935.355584836547,20474.953789210656,controller
89854821,2027-01-17,1891.266185063841,1557.2146657700955,1464.7864530202423,20474.953789210656,20048.47405716706,controller
89854821,2027-01-24,1891.266185063841,1583.8696490228203,1497.5648226484304,20048.47405716706,19654.77269475165,controller
89854821,2027-01-31,1891.2661850638415,1608.4759841737841,1528.4395535434774,19654.77269475165,19291.946063231284,controller
89854821,2027-02-07,1891.2661850638415,1631.152648643807,1557.2146657700955,19291.946063231284,18957.89454393754,controller
89854821,2027-02-14,1891.2661850638415,1652.030868599666,1583.8696490228203,18957.89454393754,18650.498007896516,controller
89854821,2027-02-21,1891.2661850638415,1671.24315210223,1608.4759841737841,18650.498007896516,18367.70780700646,controller
89854821,2027-02-28,1891.266185063841,1688.9175396578578,1631.152648643807,18367.70780700646,18107.59427058643,controller
89854821,2027-03-07,1891.266185063841,1705.1746356841097,1652.030868599666,18107.59427058643,17868.358954122254,controller
89854821,2027-03-14,1891.266185063841,1720.1268429631207,1671.24315210223,17868.358954122254,17648.335921160644,controller
89854821,2027-03-21,1891.266185063841,1733.8782825232213,1688.9175396578578,17648.335921160644,17445.987275754662,controller
89854821,2027-03-28,1967.8445715074195,1861.3926525264628,1705.1746356841097,17445.987275754662,17183.317339931353,controller
89854821,2027-04-04,2069.9490867655236,2030.9662964025758,1720.1268429631207,17183.317339931353,16833.49509612895,controller
89854821,2027-04-11,2069.9490867655236,2052.830186640226,1733.8782825232213,16833.49509612895,16497.42429188665,controller
89854821,2027-04-18,2069.9490867655236,2073.8346119053695,1861.3926525264628,16497.42429188665,16288.867857647589,controller
89854821,2027-04-25,2069.9490867673057,2086.8693890479844,2030.9662964025758,16288.867857647589,16249.88506728286,controller
89854821,2027-05-02,2069.949086777998,2089.3058134618186,2052.830186640226,16249.88506728286,16232.766167145086,controller
89854821,2027-05-09,2069.949086777998,2090.3757447204293,2073.8346119053695,16232.766167145086,16236.651692272457,controller
89854821,2027-05-16,2069.949086777998,2090.1328993999687,2086.8693890479844,16236.651692272457,16253.57199454244,controller
89854821,2027-05-23,2069.949086777998,2089.075380508095,2089.3058134618186,16253.57199454244,16272.928721226262,controller
89854821,2027-05-30,2069.9490867690874,2087.8655850769896,2090.3757447204293,16272.928721226262,16293.355379177603,controller
89854821,2027-06-06,2069.9490867655236,2086.588918949685,2090.1328993999687,16293.355379177603,16313.539191812046,controller
89854821,2027-06-13,2069.9490867655236,2085.3274306600324,2089.075380508095,16313.539191812046,16332.665485554617,controller
89854821,2027-06-20,2069.9490867655236,2084.1320373011217,2087.8655850769896,16332.665485554617,16350.581983866081,controller
89854821,2027-06-27,2069.9490867708696,2083.0122561646745,2086.588918949685,16350.581983866081,16367.221816044897,controller
89854821,2027-07-04,2069.949086777998,2081.972266664191,2085.3274306600324,16367.221816044897,16382.600159926931,controller
89854821,2027-07-11,2069.949086777998,2081.011120171564,2084.1320373011217,16382.600159926931,16396.783110450055,controller
89854821,2027-07-18,2069.949086777998,2080.124685763869,2083.0122561646745,16396.783110450055,16409.846279836733,controller
89854821,2027-07-25,2069.949086777998,2079.3082376772018,2081.972266664191,16409.846279836733,16421.869459722926,controller
89854821,2027-08-01,2069.949086777998,2078.5567889343147,2081.011120171564,16421.869459722926,16432.93149311649,controller
89854821,2027-08-08,2069.949086777998,2077.865411847217,2080.124685763869,16432.93149311649,16443.107092102364,controller
89854821,2027-08-15,2069.949086777998,2077.2294369105994,2079.3082376772018,16443.107092102364,16452.466243001567,controller
89854821,2027-08-22,2069.949086777998,2076.6444899793996,2078.5567889343147,16452.466243001567,16461.073945157885,controller
89854821,2027-08-29,2069.9490867708696,2076.1065085839364,2077.865411847217,16461.073945157885,16468.990270234233,controller
89854821,2027-09-05,2069.9490867655236,2075.611738258646,2077.2294369105994,16468.990270234233,16476.27062037931,controller
89854821,2027-09-12,2069.9490867655236,2075.1567163745785,2076.6444899793996,16476.27062037931,16482.966023593188,controller
89854821,2027-09-19,2069.9490867655236,2074.7382536737114,2076.1065085839364,16482.966023593188,16489.123445411602,controller
89854821,2027-09-26,2069.9490867690874,2074.353414815406,2075.611738258646,16489.123445411602,16494.78609690116,controller
89854821,2027-10-03,2069.949086777998,2073.999499110675,2075.1567163745785,16494.78609690116,16499.99372649774,controller
89854821,2027-10-10,2069.949086777998,2073.6740222608887,2074.7382536737114,16499.99372649774,16504.782893393458,controller
89854821,2027-10-17,2069.949086777998,2073.3746993299064,2074.353414815406,16504.782893393458,16509.187221430868,controller
89854821,2027-10-24,2069.949086777998,2073.099428827568,2073.999499110675,16509.187221430868,16513.237633763547,controller
89854821,2027-10-31,2069.9490867673057,2072.846278040737,2073.6740222608887,16513.237633763547,16516.96256925713,controller
89854821,2027-11-07,2069.9490867655236,2072.6134695697147,2073.3746993299064,16516.96256925713,16520.388181821516,controller
89854821,2027-11-14,2069.9490867655236,2072.3993687844404,2073.099428827568,16520.388181821516,16523.538523883562,controller
89854821,2027-11-21,2069.9490867655236,2072.2024724055627,2072.846278040737,16523.538523883562,16526.43571515878,controller
89854821,2027-11-28,2069.9490867726518,2072.0213979615537,2072.6134695697147,16526.43571515878,16529.10009795584,controller
89854821,2027-12-05,2069.949086777998,2071.8548740447573,2072.3993687844404,16529.10009795584,16531.550379962286,controller
89854821,2027-12-12,2069.949086777998,2071.7017314193545,2072.2024724055627,16531.550379962286,16533.80376558985,controller
89854821,2027-12-19,2069.949086777998,2071.5608948176314,2072.0213979615537,16533.80376558985,16535.87607677341,controller
89854821,2027-12-26,1774.2420743811413,1627.8708567733738,2071.8548740447573,16535.87607677341,16833.488876437026,controller
89854821,2028-01-02,1947.875,1869.7194452226859,2071.7017314193545,16833.488876437026,16957.31560785638,controller
89854821,2028-01-09,1947.875,1861.9802745089762,2071.5608948176314,16957.31560785638,17081.00150267401,controller
89854821,2028-01-16,1947.875,1854.2499060828743,1627.8708567733738,17081.00150267401,16760.997359447385,controller
89854821,2028-01-23,1947.875,1874.2501650345384,1869.7194452226859,16760.997359447385,16682.84180467007,controller
89854821,2028-01-30,1947.875,1879.1348872081205,1861.9802745089762,16682.84180467007,16596.947079179048,controller
89854821,2028-02-06,1947.875,1884.5033075513095,1854.2499060828743,16596.947079179048,16503.321985261922,controller
89854822,2026-08-30,3.125,4.6875,0.0,0.0,0.0,controller
89854822,2026-09-06,4.375,6.5625,0.0,0.0,0.0,controller
89854822,2026-09-13,4.375,6.5625,0.0,0.0,0.0,controller
89854822,2026-09-20,4.375,6.5625,4.6875,0.0,0.3125,controller
89854822,2026-09-27,4.375,6.54296875,6.5625,0.3125,2.5,controller
89854822,2026-10-04,4.375,6.40625,6.5625,2.5,4.6875,controller
89854822,2026-10-11,4.375,6.26953125,6.5625,4.6875,6.875,controller
89854822,2026-10-18,4.375,6.1328125,6.54296875,6.875,9.04296875,controller
89854822,2026-10-25,4.375,5.997314453125,6.40625,9.04296875,11.07421875,controller
89854822,2026-11-01,4.375,5.870361328125,6.26953125,11.07421875,12.96875,controller
89854822,2026-11-08,4.375,5.751953125,6.1328125,12.96875,14.7265625,controller
89854822,2026-11-15,4.375,5.64208984375,5.997314453125,14.7265625,16.348876953125,controller
89854822,2026-11-22,4.375,5.5406951904296875,5.870361328125,16.348876953125,17.84423828125,controller
89854822,2026-11-29,4.375,5.447235107421875,5.751953125,17.84423828125,19.22119140625,controller
89854822,2026-12-06,4.375,5.361175537109375,5.64208984375,19.22119140625,20.48828125,controller
89854822,2026-12-13,4.375,5.281982421875,5.5406951904296875,20.48828125,21.653976440429688,controller
89854822,2026-12-20,4.375,5.2091264724731445,5.447235107421875,21.653976440429688,22.726211547851562,controller
89854822,2026-12-27,4.375,5.142111778259277,5.361175537109375,22.726211547851562,23.712387084960938,controller
89854822,2027-01-03,4.375,5.080475807189941,5.281982421875,23.712387084960938,24.619369506835938,controller
89854822,2027-01-10,4.375,5.023789405822754,5.2091264724731445,24.619369506835938,25.453495979309082,controller
89854822,2027-01-17,4.375,4.971656501293182,5.142111778259277,25.453495979309082,26.22060775756836,controller
89854822,2027-01-24,4.375,4.9237120151519775,5.080475807189941,26.22060775756836,26.9260835647583,controller
89854822,2027-01-31,4.375,4.879619777202606,5.023789405822754,26.9260835647583,27.574872970581055,controller
89854822,2027-02-07,4.375,4.839070439338684,4.971656501293182,27.574872970581055,28.171529471874237,controller
89854822,2027-02-14,4.375,4.80177940800786,4.9237120151519775,28.171529471874237,28.720241487026215,controller
89854822,2027-02-21,4.375,4.767484907060862,4.879619777202606,28.720241487026215,29.22486126422882,controller
89854822,2027-02-28,4.375,4.735946170985699,4.839070439338684,29.22486126422882,29.688931703567505,controller
89854822,2027-03-07,4.375,4.706941768527031,4.80177940800786,29.688931703567505,30.115711111575365,controller
89854822,2027-03-14,4.375,4.68026805552654,4.767484907060862,30.115711111575365,30.508196018636227,controller
89854822,2027-03-21,4.375,4.655737748835236,4.735946170985699,30.508196018636227,30.869142189621925,controller
89854822,2027-03-28,4.375,4.63317861314863,4.706941768527031,30.869142189621925,31.201083958148956,controller
89854822,2027-04-04,4.375,4.61243225261569,4.68026805552654,31.201083958148956,31.506352013675496,controller
89854822,2027-04-11,4.375,4.5933529991452815,4.655737748835236,31.506352013675496,31.787089762510732,controller
89854822,2027-04-18,4.375,4.575806889843079,4.63317861314863,31.787089762510732,32.04526837565936,controller
89854822,2027-04-25,4.375,4.55967072652129,4.61243225261569,32.04526837565936,32.28270062827505,controller
89854822,2027-05-02,4.375,4.544831210732809,4.5933529991452815,32.28270062827505,32.50105362742033,controller
89854822,2027-05-09,4.375,4.531184148286229,4.575806889843079,32.50105362742033,32.70186051726341,controller
89854822,2027-05-16,4.375,4.518633717671037,4.55967072652129,32.70186051726341,32.8865312437847,controller
89854822,2027-05-23,4.375,4.507091797263456,4.544831210732809,32.8865312437847,33.05636245451751,controller
89854822,2027-05-30,4.375,4.4964773465926555,4.531184148286229,33.05636245451751,33.21254660280374,controller
89854822,2027-06-06,4.375,4.486715837324766,4.518633717671037,33.21254660280374,33.35618032047478,controller
89854822,2027-06-13,4.375,4.477738729970326,4.507091797263456,33.35618032047478,33.488272117738234,controller
89854822,2027-06-20,4.375,4.46948299264136,4.4964773465926555,33.488272117738234,33.60974946433089,controller
89854822,2027-06-27,4.375,4.461890658479319,4.486715837324766,33.60974946433089,33.721465301655655,controller
89854822,2027-07-04,4.375,4.4549084186465215,4.477738729970326,33.721465301655655,33.82420403162598,controller
89854822,2027-07-11,4.375,4.448487248023376,4.46948299264136,33.82420403162598,33.91868702426734,controller
89854822,2027-07-18,4.375,4.442582060983291,4.461890658479319,33.91868702426734,34.00557768274666,controller
89854822,2027-07-25,4.375,4.437151394828334,4.4549084186465215,34.00557768274666,34.08548610139319,controller
89854822,2027-08-01,4.375,4.432157118662926,4.448487248023376,34.08548610139319,34.15897334941656,controller
89854822,2027-08-08,4.375,4.427564165661465,4.442582060983291,34.15897334941656,34.226555410399854,controller
89854822,2027-08-15,4.375,4.423340286850009,4.437151394828334,34.226555410399854,34.28870680522819,controller
89854822,2027-08-22,4.375,4.419455824673238,4.432157118662926,34.28870680522819,34.345863923891116,controller
89854822,2027-08-29,4.375,4.415883504756805,4.427564165661465,34.345863923891116,34.39842808955258,controller
89854822,2027-09-05,4.375,4.412598244402964,4.423340286850009,34.39842808955258,34.44676837640259,controller
89854822,2027-09-12,4.375,4.409576976474838,4.419455824673238,34.44676837640259,34.49122420107582,controller
89854822,2027-09-19,4.375,4.406798487432761,4.415883504756805,34.49122420107582,34.53210770583263,controller
89854822,2027-09-26,4.375,4.404243268385461,4.412598244402964,34.53210770583263,34.569705950235594,controller
89854822,2027-10-03,4.375,4.401893378110275,4.409576976474838,34.569705950235594,34.60428292671043,controller
89854822,2027-10-10,4.375,4.399732317080598,4.406798487432761,34.60428292671043,34.63608141414319,controller
89854822,2027-10-17,4.375,4.3977449116160505,4.404243268385461,34.63608141414319,34.66532468252865,controller
89854822,2027-10-24,4.375,4.3959172073419595,4.401893378110275,34.66532468252865,34.69221806063892,controller
89854822,2027-10-31,4.375,4.394236371210067,4.399732317080598,34.69221806063892,34.71695037771952,controller
89854822,2027-11-07,4.375,4.39269060139253,4.3977449116160505,34.71695037771952,34.73969528933557,controller
89854822,2027-11-14,4.375,4.391269044416527,4.3959172073419595,34.73969528933557,34.76061249667753,controller
89854822,2027-11-21,4.375,4.389961718957654,4.394236371210067,34.76061249667753,34.7798488678876,controller
89854822,2027-11-28,4.375,4.3887594457570245,4.39269060139253,34.7798488678876,34.79753946928013,controller
89854822,2027-12-05,4.375,4.387653783169991,4.391269044416527,34.79753946928013,34.81380851369666,controller
89854822,2027-12-12,4.375,4.386636967893959,4.389961718957654,34.81380851369666,34.82877023265431,controller
89854822,2027-12-19,4.375,4.385701860459106,4.3887594457570245,34.82877023265431,34.84252967841133,controller
89854822,2027-12-26,3.75,3.447341895099292,4.387653783169991,34.84252967841133,35.48018346158132,controller
89854822,2028-01-02,4.375,4.3449885336511676,4.386636967893959,35.48018346158132,35.491820429475275,controller
89854822,2028-01-09,4.375,4.344261223157796,4.385701860459106,35.491820429475275,35.50252228993438,controller
89854822,2028-01-16,4.375,4.3435923568791015,3.447341895099292,35.50252228993438,34.574864185033675,controller
89854822,2028-01-23,4.375,4.401570988435395,4.3449885336511676,34.574864185033675,34.544852718684844,controller
89854822,2028-01-30,4.375,4.403446705082198,4.344261223157796,34.544852718684844,34.51411394184264,controller
89854822,2028-02-06,4.375,4.405367878634835,4.3435923568791015,34.51411394184264,34.48270629872174,controller
89854823,2026-08-30,1075.9507374265565,1296.0,954.0,13300.0,13178.049262573444,plan
89854823,2026-09-06,1506.331032397179,2022.0,918.0,13178.049262573444,12589.718230176266,plan
89854823,2026-09-13,1506.331032397179,1446.0,2340.0,12589.718230176266,13423.387197779088,plan
89854823,2026-09-20,1506.331032397179,948.0,1296.0,13423.387197779088,13213.05616538191,plan
89854823,2026-09-27,1506.3310323971791,2706.0,2022.0,13213.05616538191,13728.725132984731,plan
89854823,2026-10-04,1506.3310323971791,2886.0,1446.0,13728.725132984731,13668.394100587553,plan
89854823,2026-10-11,1506.3310323971791,7020.0,948.0,13668.394100587553,13110.063068190375,plan_forward
89854823,2026-10-18,1506.3310323971791,4296.0,2706.0,13110.063068190375,14309.732035793197,plan
89854823,2026-10-25,1506.3310323971791,2196.0,2886.0,14309.732035793197,15689.401003396018,plan
89854823,2026-11-01,1506.331032397179,1278.9089858835173,7020.0,15689.401003396018,21203.06997099884,controller
89854823,2026-11-08,1506.331032397179,934.3046754083408,4296.0,21203.06997099884,23992.738938601662,controller
89854823,2026-11-15,1506.331032397179,759.9503649331645,2196.0,23992.738938601662,24682.407906204484,controller
89854823,2026-11-22,1506.331032397179,716.8460544579881,1278.9089858835173,24682.407906204484,24454.985859690823,controller
89854823,2026-11-29,1506.3310323971791,731.0599323650922,934.3046754083408,24454.985859690823,23882.959502701986,controller
89854823,2026-12-06,1506.3310323971791,766.8115796768946,759.9503649331645,23882.959502701986,23136.57883523797,controller
89854823,2026-12-13,1506.3310323971791,813.4603713933955,716.8460544579881,23136.57883523797,22347.09385729878,controller
89854823,2026-12-20,1506.3310323971791,862.8031825145949,731.0599323650922,22347.09385729878,21571.822757266695,controller
89854823,2026-12-27,1506.3310323971791,911.2576262666003,766.8115796768946,21571.822757266695,20832.30330454641,controller
89854823,2027-01-03,1506.3310323971791,957.477592061618,813.4603713933955,20832.30330454641,20139.432643542626,controller
89854823,2027-01-10,1506.3310323971791,1000.7820083743545,862.8031825145949,20139.432643542626,19495.904793660044,controller
89854823,2027-01-17,1506.3310323971791,1041.002498992016,911.2576262666003,19495.904793660044,18900.831387529466,controller
89854823,2027-01-24,1506.3310323971791,1078.194586875177,957.477592061618,18900.831387529466,18351.977947193907,controller
89854823,2027-01-31,1506.3310323971791,1112.4979268961495,1000.7820083743545,18351.977947193907,17846.428923171083,controller
89854823,2027-02-07,1506.3310323971793,1144.0947408975762,1041.002498992016,17846.428923171083,17381.10038976592,controller
89854823,2027-02-14,1506.3310323971793,1173.1777742353988,1078.194586875177,17381.10038976592,16952.96394424392,controller
89854823,2027-02-21,1506.3310323971793,1199.936302080524,1112.4979268961495,16952.96394424392,16559.13083874289,controller
89854823,2027-02-28,1506.3310323971791,1224.550871174338,1144.0947408975762,16559.13083874289,16196.89454724329,controller
89854823,2027-03-07,1506.3310323971791,1247.190639393063,1173.1777742353988,16196.89454724329,15863.74128908151,controller
89854823,2027-03-14,1506.3310323971791,1268.0127180281743,1199.936302080524,15863.74128908151,15557.346558764857,controller
89854823,2027-03-21,1506.3310323971791,1287.162388672965,1224.550871174338,15557.346558764857,15275.566397542018,controller
89854823,2027-03-28,1572.9209336362512,1404.6585006080008,1247.190639393063,15275.566397542018,14949.836103298829,controller
89854823,2027-04-04,1661.7074686216806,1558.1964464763441,1268.0127180281743,14949.836103298829,14556.141352705323,controller
89854823,2027-04-11,1661.7074686216806,1582.8023683884383,1287.162388672965,14556.141352705323,14181.596272756608,controller
89854823,2027-04-18,1661.7074686216806,1606.211435885233,1404.6585006080008,14181.596272756608,13924.547304742928,controller
89854823,2027-04-25,1661.7074686274727,1622.2769963947762,1558.1964464763441,13924.547304742928,13821.036282591798,controller
89854823,2027-05-02,1661.7074686622234,1628.7464353313476,1582.8023683884383,13821.036282591798,13742.131182318013,controller
89854823,2027-05-09,1661.7074686622234,1633.6780040984593,1606.211435885233,13742.131182318013,13686.635149541022,controller
89854823,2027-05-16,1661.7074686622234,1637.1465061470212,1622.2769963947762,13686.635149541022,13647.204677273574,controller
89854823,2027-05-23,1661.7074686622234,1639.6109106637368,1628.7464353313476,13647.204677273574,13614.243643942698,controller
89854823,2027-05-30,1661.7074686332644,1641.670975203478,1633.6780040984593,13614.243643942698,13586.214179407893,controller
89854823,2027-06-06,1661.7074686216806,1643.4228167195276,1637.1465061470212,13586.214179407893,13561.653216933233,controller
89854823,2027-06-13,1661.7074686216806,1644.957876874194,1639.6109106637368,13561.653216933233,13539.556658975289,controller
89854823,2027-06-20,1661.7074686216806,1646.3389117465654,1641.670975203478,13539.556658975289,13519.520165557087,controller
89854823,2027-06-27,1661.707468639056,1647.5911926112663,1643.4228167195276,13519.520165557087,13501.235513637559,controller
89854823,2027-07-04,1661.7074686622234,1648.7339833909878,1644.957876874194,13501.235513637559,13484.48592184953,controller
89854823,2027-07-11,1661.7074686622234,1649.7808328777396,1646.3389117465654,13484.48592184953,13469.11736493387,controller
89854823,2027-07-18,1661.7074686622234,1650.7413676849683,1647.5911926112663,13469.11736493387,13455.001088882913,controller
89854823,2027-07-25,1661.7074686622234,1651.623634938153,1648.7339833909878,13455.001088882913,13442.027603611677,controller
89854823,2027-08-01,1661.7074686622234,1652.4344777676051,1649.7808328777396,13442.027603611677,13430.100967827193,controller
89854823,2027-08-08,1661.7074686622234,1653.1798925041355,1650.7413676849683,13430.100967827193,13419.134866849938,controller
89854823,2027-08-15,1661.7074686622234,1653.865273815214,1651.623634938153,13419.134866849938,13409.051033125867,controller
89854823,2027-08-22,1661.7074686622234,1654.4955134229685,1652.4344777676051,13409.051033125867,13399.778042231248,controller
89854823,2027-08-29,1661.707468639056,1655.075075319131,1653.1798925041355,13399.778042231248,13391.250466096328,controller
89854823,2027-09-05,1661.7074686216806,1655.6080488015004,1653.865273815214,13391.250466096328,13383.408271289862,controller
89854823,2027-09-12,1661.7074686216806,1656.0981859769045,1654.4955134229685,13383.408271289862,13376.196316091151,controller
89854823,2027-09-19,1661.7074686216806,1656.548933176824,1655.075075319131,13376.196316091151,13369.563922788602,controller
89854823,2027-09-26,1661.7074686332644,1656.963457775609,1655.6080488015004,13369.563922788602,13363.464502956838,controller
89854823,2027-10-03,1661.7074686622234,1657.3446715585328,1656.0981859769045,13363.464502956838,13357.85522027152,controller
89854823,2027-10-10,1661.7074686622234,1657.695251726365,1656.548933176824,13357.85522027152,13352.69668478612,controller
89854823,2027-10-17,1661.7074686622234,1658.0176601942026,1656.963457775609,13352.69668478612,13347.952673899506,controller
89854823,2027-10-24,1661.7074686622234,1658.314160874616,1657.3446715585328,13347.952673899506,13343.589876795815,controller
89854823,2027-10-31,1661.7074686274727,1658.5868356414708,1657.695251726365,13343.589876795815,13339.577659894709,controller
89854823,2027-11-07,1661.7074686216806,1658.8375991891016,1658.0176601942026,13339.577659894709,13335.88785146723,controller
89854823,2027-11-14,1661.7074686216806,1659.0682122158191,1658.314160874616,13335.88785146723,13332.494543720166,controller
89854823,2027-11-21,1661.7074686216806,1659.2802939500107,1658.5868356414708,13332.494543720166,13329.373910739956,controller
89854823,2027-11-28,1661.707468644848,1659.4753335460246,1658.8375991891016,13329.373910739956,13326.504041284208,controller
89854823,2027-12-05,1661.7074686622234,1659.654700413072,1659.0682122158191,13326.504041284208,13323.864784837804,controller
89854823,2027-12-12,1661.7074686622234,1659.8196539409723,1659.2802939500107,13323.864784837804,13321.437610125591,controller
89854823,2027-12-19,1661.7074686622234,1659.9713523604855,1659.4753335460246,13321.437610125591,13319.205475009392,controller
89854823,2027-12-26,1424.3206874247628,1304.030688949057,1659.654700413072,13319.205475009392,13554.539487997701,controller
89854823,2028-01-02,1457.75,1339.4662820001436,1659.8196539409723,13554.539487997701,13756.609141938674,controller
89854823,2028-01-09,1457.75,1326.836928628833,1659.9713523604855,13756.609141938674,13958.83049429916,controller
89854823,2028-01-16,1457.75,1314.1980941063025,1304.030688949057,13958.83049429916,13805.111183248217,controller
89854823,2028-01-23,1457.75,1323.8055510469865,1339.4662820001436,13805.111183248217,13686.82746524836,controller
89854823,2028-01-30,1457.75,1331.1982834219775,1326.836928628833,13686.82746524836,13555.914393877192,controller
89854823,2028-02-06,1457.75,1339.3803503826755,1314.1980941063025,13555.914393877192,13412.362487983495,controller
89854824,2026-08-30,0.0,0.0,0.0,1.0,1.0,controller
89854824,2026-09-06,0.0,0.0,0.0,1.0,1.0,controller
89854824,2026-09-13,0.0,0.0,0.0,1.0,1.0,controller
89854824,2026-09-20,0.0,0.0,0.0,1.0,1.0,controller
89854824,2026-09-27,0.0,0.0,0.0,1.0,1.0,controller
89854824,2026-10-04,0.0,0.0,0.0,1.0,1.0,controller
89854824,2026-10-11,0.0,0.0,0.0,1.0,1.0,controller
89854824,2026-10-18,0.0,0.0,0.0,1.0,1.0,controller
89854824,2026-10-25,0.0,0.0,0.0,1.0,1.0,controller
89854824,2026-11-01,0.0,0.0,0.0,1.0,1.0,controller
89854824,2026-11-08,0.0,0.0,0.0,1.0,1.0,controller
89854824,2026-11-15,0.0,0.0,0.0,1.0,1.0,controller
89854824,2026-11-22,0.0,0.0,0.0,1.0,1.0,controller
89854824,2026-11-29,0.0,0.0,0.0,1.0,1.0,controller
89854824,2026-12-06,0.0,0.0,0.0,1.0,1.0,controller
89854824,2026-12-13,0.0,0.0,0.0,1.0,1.0,controller
89854824,2026-12-20,0.0,0.0,0.0,1.0,1.0,controller
89854824,2026-12-27,0.0,0.0,0.0,1.0,1.0,controller
89854824,2027-01-03,0.0,0.0,0.0,1.0,1.0,controller
89854824,2027-01-10,0.0,0.0,0.0,1.0,1.0,controller
89854824,2027-01-17,0.0,0.0,0.0,1.0,1.0,controller
89854824,2027-01-24,0.0,0.0,0.0,1.0,1.0,controller
89854824,2027-01-31,0.0,0.0,0.0,1.0,1.0,controller
89854824,2027-02-07,0.0,0.0,0.0,1.0,1.0,controller
89854824,2027-02-14,0.0,0.0,0.0,1.0,1.0,controller
89854824,2027-02-21,0.0,0.0,0.0,1.0,1.0,controller
89854824,2027-02-28,0.0,0.0,0.0,1.0,1.0,controller
89854824,2027-03-07,0.0,0.0,0.0,1.0,1.0,controller
89854824,2027-03-14,0.0,0.0,0.0,1.0,1.0,controller
89854824,2027-03-21,0.0,0.0,0.0,1.0,1.0,controller
89854824,2027-03-28,0.0,0.0,0.0,1.0,1.0,controller
89854824,2027-04-04,0.0,0.0,0.0,1.0,1.0,controller
89854824,2027-04-11,0.0,0.0,0.0,1.0,1.0,controller
89854824,2027-04-18,0.0,0.0,0.0,1.0,1.0,controller
89854824,2027-04-25,0.0,0.0,0.0,1.0,1.0,controller
89854824,2027-05-02,0.0,0.0,0.0,1.0,1.0,controller
89854824,2027-05-09,0.0,0.0,0.0,1.0,1.0,controller
89854824,2027-05-16,0.0,0.0,0.0,1.0,1.0,controller
89854824,2027-05-23,0.0,0.0,0.0,1.0,1.0,controller
89854824,2027-05-30,0.0,0.0,0.0,1.0,1.0,controller
89854824,2027-06-06,0.0,0.0,0.0,1.0,1.0,controller
89854824,2027-06-13,0.0,0.0,0.0,1.0,1.0,controller
89854824,2027-06-20,0.0,0.0,0.0,1.0,1.0,controller
89854824,2027-06-27,0.0,0.0,0.0,1.0,1.0,controller
89854824,2027-07-04,0.0,0.0,0.0,1.0,1.0,controller
89854824,2027-07-11,0.0,0.0,0.0,1.0,1.0,controller
89854824,2027-07-18,0.0,0.0,0.0,1.0,1.0,controller
89854824,2027-07-25,0.0,0.0,0.0,1.0,1.0,controller
89854824,2027-08-01,0.0,0.0,0.0,1.0,1.0,controller
89854824,2027-08-08,0.0,0.0,0.0,1.0,1.0,controller
89854824,2027-08-15,0.0,0.0,0.0,1.0,1.0,controller
89854824,2027-08-22,0.0,0.0,0.0,1.0,1.0,controller
89854824,2027-08-29,0.0,0.0,0.0,1.0,1.0,controller
89854824,2027-09-05,0.0,0.0,0.0,1.0,1.0,controller
89854824,2027-09-12,0.0,0.0,0.0,1.0,1.0,controller
89854824,2027-09-19,0.0,0.0,0.0,1.0,1.0,controller
89854824,2027-09-26,0.0,0.0,0.0,1.0,1.0,controller
89854824,2027-10-03,0.0,0.0,0.0,1.0,1.0,controller
89854824,2027-10-10,0.0,0.0,0.0,1.0,1.0,controller
89854824,2027-10-17,0.0,0.0,0.0,1.0,1.0,controller
89854824,2027-10-24,0.0,0.0,0.0,1.0,1.0,controller
89854824,2027-10-31,0.0,0.0,0.0,1.0,1.0,controller
89854824,2027-11-07,0.0,0.0,0.0,1.0,1.0,controller
89854824,2027-11-14,0.0,0.0,0.0,1.0,1.0,controller
89854824,2027-11-21,0.0,0.0,0.0,1.0,1.0,controller
89854824,2027-11-28,0.0,0.0,0.0,1.0,1.0,controller
89854824,2027-12-05,0.0,0.0,0.0,1.0,1.0,controller
89854824,2027-12-12,0.0,0.0,0.0,1.0,1.0,controller
89854824,2027-12-19,0.0,0.0,0.0,1.0,1.0,controller
89854824,2027-12-26,0.0,0.0,0.0,1.0,1.0,controller
89854824,2028-01-02,0.0,0.0,0.0,1.0,1.0,controller
89854824,2028-01-09,0.0,0.0,0.0,1.0,1.0,controller
89854824,2028-01-16,0.0,0.0,0.0,1.0,1.0,controller
89854824,2028-01-23,0.0,0.0,0.0,1.0,1.0,controller
89854824,2028-01-30,0.0,0.0,0.0,1.0,1.0,controller
89854824,2028-02-06,0.0,0.0,0.0,1.0,1.0,controller
89854825,2026-08-30,1188.1878874155334,642.0,3060.0,9905.0,11776.812112584466,plan
89854825,2026-09-06,1663.4630423817466,3648.0,882.0,11776.812112584466,10995.34907020272,plan
89854825,2026-09-13,1663.4630423817466,1764.0,1320.0,10995.34907020272,10651.886027820972,plan
89854825,2026-09-20,1663.4630423817466,1122.0,642.0,10651.886027820972,9630.422985439225,plan
89854825,2026-09-27,1663.4630423817466,1188.0,3648.0,9630.422985439225,11614.959943057478,plan
89854825,2026-10-04,1663.4630423817466,1302.0,1764.0,11614.959943057478,11715.496900675731,plan
89854825,2026-10-11,1663.4630423817466,1398.0,1122.0,11715.496900675731,11174.033858293984,plan
89854825,2026-10-18,1663.4630423817466,1464.0,1188.0,11174.033858293984,10698.570815912237,plan
89854825,2026-10-25,1663.4630423817466,1314.0,1302.0,10698.570815912237,10337.10777353049,plan
89854825,2026-11-01,1663.4630423817466,1849.1253277269643,1398.0,10337.10777353049,10071.644731148743,controller
89854825,2026-11-08,1663.4630423817466,1865.7167678758235,1464.0,10071.644731148743,9872.181688766996,controller
89854825,2026-11-15,1663.4630423817466,1878.1832080246827,1314.0,9872.181688766996,9522.718646385249,controller
89854825,2026-11-22,1663.4630423817466,1900.024648173542,1849.1253277269643,9522.718646385249,9708.380931730466,controller
89854825,2026-11-29,1663.4630423817466,1888.4207553394658,1865.7167678758235,9708.380931730466,9910.634657224542,controller
89854825,2026-12-06,1663.4630423817466,1875.779897496086,1878.1832080246827,9910.634657224542,10125.354822867477,controller
89854825,2026-12-13,1663.4630423817466,1862.3598871434026,1900.024648173542,10125.354822867477,10361.916428659271,controller
89854825,2026-12-20,1663.4630423817466,1847.5747867814155,1888.4207553394658,10361.916428659271,10586.87414161699,controller
89854825,2026-12-27,1663.4630423817466,1833.514929721558,1875.779897496086,10586.87414161699,10799.19099673133,controller
89854825,2027-01-03,1663.4630423817466,1820.2451262769118,1862.3598871434026,10799.19099673133,10998.087841492985,controller
89854825,2027-01-10,1663.4630423817466,1807.8140734793083,1847.5747867814155,10998.087841492985,11182.199585892653,controller
89854825,2027-01-17,1663.4630423817466,1796.3070894543291,1833.514929721558,11182.199585892653,11352.251473232463,controller
89854825,2027-01-24,1663.4630423817466,1785.678846495591,1820.2451262769118,11352.251473232463,11509.033557127628,controller
89854825,2027-01-31,1663.4630423817466,1775.8799662521433,1807.8140734793083,11509.033557127628,11653.38458822519,controller
89854825,2027-02-07,1663.4630423817466,1766.8580268085457,1796.3070894543291,11653.38458822519,11786.228635297772,controller
89854825,2027-02-14,1663.4630423817466,1758.5552738665092,1785.678846495591,11786.228635297772,11908.444439411616,controller
89854825,2027-02-21,1663.4630423817466,1750.9167861093938,1775.8799662521433,11908.444439411616,12020.861363282012,controller
89854825,2027-02-28,1663.4630423817468,1743.8907283674944,1766.8580268085457,12020.861363282012,12124.256347708812,controller
89854825,2027-03-07,1663.4630423817466,1737.4285418408192,1758.5552738665092,12124.256347708812,12219.348579193575,controller
89854825,2027-03-14,1663.4630423817466,1731.4852773730215,1750.9167861093938,12219.348579193575,12306.802322921221,controller
89854825,2027-03-21,1663.4630423817466,1726.0194183900435,1743.8907283674944,12306.802322921221,12387.230008906969,controller
89854825,2027-03-28,1731.2959551107251,1822.7420571094021,1737.4285418408192,12387.230008906969,12393.362595637063,controller
89854825,2027-04-04,1821.7398387493633,1958.0245958967284,1731.4852773730215,12393.362595637063,12303.108034260722,controller
89854825,2027-04-11,1821.7398387493633,1963.66550598275,1726.0194183900435,12303.108034260722,12207.387613901403,controller
89854825,2027-04-18,1821.7398387493633,1969.6480322552075,1822.7420571094021,12207.387613901403,12208.389832261442,controller
89854825,2027-04-25,1821.7398387551552,1969.5853936163926,1958.0245958967284,12208.389832261442,12344.674589403015,controller
89854825,2027-05-02,1821.7398387899061,1961.0675963471708,1963.66550598275,12344.674589403015,12486.600256595859,controller
89854825,2027-05-09,1821.7398387899061,1952.197242147618,1969.6480322552075,12486.600256595859,12634.50845006116,controller
89854825,2027-05-16,1821.7398387899061,1942.9529800560367,1969.5853936163926,12634.50845006116,12782.354004887646,controller
89854825,2027-05-23,1821.7398387899061,1933.7126328793813,1961.0675963471708,12782.354004887646,12921.68176244491,controller
89854825,2027-05-30,1821.739838760947,1925.0046479886134,1952.197242147618,12921.68176244491,13052.139165831582,controller
89854825,2027-06-06,1821.7398387493633,1916.851060259571,1942.9529800560367,13052.139165831582,13173.352307138255,controller
89854825,2027-06-13,1821.7398387493633,1909.275238927904,1933.7126328793813,13173.352307138255,13285.325101268274,controller
89854825,2027-06-20,1821.7398387493633,1902.276939294778,1925.0046479886134,13285.325101268274,13388.589910507524,controller
89854825,2027-06-27,1821.7398387667388,1895.822888743388,1916.851060259571,13388.589910507524,13483.701132000357,controller
89854825,2027-07-04,1821.7398387899061,1889.878437434837,1909.275238927904,13483.701132000357,13571.236532138353,controller
89854825,2027-07-11,1821.7398387899061,1884.4074749262122,1902.276939294778,13571.236532138353,13651.773632643224,controller
89854825,2027-07-18,1821.7398387899061,1879.3739061446577,1895.822888743388,13651.773632643224,13725.856682596705,controller
89854825,2027-07-25,1821.7398387899061,1874.7437155225653,1889.878437434837,13725.856682596705,13793.995281241636,controller
89854825,2027-08-01,1821.7398387899061,1870.485053107257,1884.4074749262122,13793.995281241636,13856.662917377942,controller
89854825,2027-08-08,1821.7398387899061,1866.568325848738,1879.3739061446577,13856.662917377942,13914.296984732693,controller
89854825,2027-08-15,1821.7398387899061,1862.9661966390659,1874.7437155225653,13914.296984732693,13967.300861465352,controller
89854825,2027-08-22,1821.7398387899061,1859.6534543432747,1870.485053107257,13967.300861465352,14016.046075782702,controller
89854825,2027-08-29,1821.7398387667388,1856.6068784136892,1866.568325848738,14016.046075782702,14060.874562864701,controller
89854825,2027-09-05,1821.7398387493633,1853.8050979450013,1862.9661966390659,14060.874562864701,14102.100920754405,controller
89854825,2027-09-12,1821.7398387493633,1851.2284505768948,1859.6534543432747,14102.100920754405,14140.014536348317,controller
89854825,2027-09-19,1821.7398387493633,1848.8588496022753,1856.6068784136892,14140.014536348317,14174.881576012644,controller
89854825,2027-09-26,1821.739838760947,1846.6796596406302,1853.8050979450013,14174.881576012644,14206.946835196699,controller
89854825,2027-10-03,1821.7398387899061,1844.6755809850656,1851.2284505768948,14206.946835196699,14236.435446983687,controller
89854825,2027-10-10,1821.7398387899061,1842.8325427483787,1848.8588496022753,14236.435446983687,14263.554457796055,controller
89854825,2027-10-17,1821.7398387899061,1841.1376045726056,1846.6796596406302,14263.554457796055,14288.494278646778,controller
89854825,2027-10-24,1821.7398387899061,1839.5788657694357,1844.6755809850656,14288.494278646778,14311.430020841937,controller
89854825,2027-10-31,1821.7398387551552,1838.1453818301118,1842.8325427483787,14311.430020841937,14332.522724835162,controller
89854825,2027-11-07,1821.7398387493633,1836.8270878218473,1841.1376045726056,14332.522724835162,14351.920490658405,controller
89854825,2027-11-14,1821.7398387493633,1835.6147274578948,1839.5788657694357,14351.920490658405,14369.759517678478,controller
89854825,2027-11-21,1821.7398387493633,1834.49978826914,1838.1453818301118,14369.759517678478,14386.165060759227,controller
89854825,2027-11-28,1821.7398387725307,1833.4744418613443,1836.8270878218473,14386.165060759227,14401.252309808544,controller
89854825,2027-12-05,1821.7398387899061,1832.5314888218252,1835.6147274578948,14401.252309808544,14415.127198476532,controller
89854825,2027-12-12,1821.7398387899061,1831.664308280076,1834.49978826914,14415.127198476532,14427.887147955766,controller
89854825,2027-12-19,1821.7398387899061,1830.8668114376237,1833.4744418613443,14427.887147955766,14439.621751027204,controller
89854825,2027-12-26,1561.4912903913482,1439.7605761478221,1832.5314888218252,14439.621751027204,14710.66194945768,controller
89854825,2028-01-02,1731.0,1677.083628158895,1831.664308280076,14710.66194945768,14811.326257737757,controller
89854825,2028-01-09,1731.0,1670.7921088913902,1830.8668114376237,14811.326257737757,14911.19306917538,controller
89854825,2028-01-16,1731.0,1664.5504331765387,1439.7605761478221,14911.19306917538,14619.953645323203,controller
89854825,2028-01-23,1731.0,1682.7528971672998,1677.083628158895,14619.953645323203,14566.037273482098,controller
89854825,2028-01-30,1731.0,1686.1226704073688,1670.7921088913902,14566.037273482098,14505.829382373488,controller
89854825,2028-02-06,1731.0,1689.8856636016571,1664.5504331765387,14505.829382373488,14439.379815550026,controller
89854826,2026-08-30,1968.2814847845,1536.0,588.0,25600.0,24219.7185152155,plan
89854826,2026-09-06,2755.5940786982997,3144.0,1248.0,24219.7185152155,22712.1244365172,plan
89854826,2026-09-13,2755.5940786982997,3468.0,1020.0,22712.1244365172,20976.530357818898,plan
89854826,2026-09-20,2755.5940786982997,3600.0,1536.0,20976.530357818898,19756.936279120597,plan
89854826,2026-09-27,2781.090317806373,3984.0,3144.0,19756.936279120597,20119.845961314222,plan
89854826,2026-10-04,2815.085303283804,3612.0,3468.0,20119.845961314222,20772.76065803042,plan
89854826,2026-10-11,2815.085303283804,3864.0,3600.0,20772.76065803042,21557.675354746614,plan
89854826,2026-10-18,2815.085303283804,3936.0,3984.0,21557.675354746614,22726.59005146281,plan
89854826,2026-10-25,2815.085303283804,3900.0,3612.0,22726.59005146281,23523.504748179002,plan
89854826,2026-11-01,2877.551088393765,2846.10758582946,3864.0,23523.504748179002,24509.95365978524,controller
89854826,2026-11-08,2877.551088393765,2784.4545288540703,3936.0,24509.95365978524,25568.402571391474,controller
89854826,2026-11-15,2877.551088393765,2718.3014718786803,3900.0,25568.402571391474,26590.85148299771,controller
89854826,2026-11-22,2877.551088393765,2654.3984149032904,2846.10758582946,26590.85148299771,26559.407980433407,controller
89854826,2026-11-29,2924.400427442314,2726.637642386383,2784.4545288540703,26559.407980433407,26419.462081845166,controller
89854826,2026-12-06,2943.1401630617343,2763.4938644772783,2718.3014718786803,26419.462081845166,26194.623390662113,controller
89854826,2026-12-13,2943.1401630617343,2777.5462826762196,2654.3984149032904,26194.623390662113,25905.88164250367,controller
89854826,2026-12-20,2943.1401630617343,2795.592641936122,2726.637642386383,25905.88164250367,25689.379121828322,controller
89854826,2026-12-27,2962.8168855182607,2838.639133163121,2763.4938644772783,25689.379121828322,25490.05610078734,controller
89854826,2027-01-03,3012.0086916595783,2924.8845311901587,2777.5462826762196,25490.05610078734,25255.59369180398,controller
89854826,2027-01-10,3012.0086916595783,2939.5384317516186,2795.592641936122,25255.59369180398,25039.17764208052,controller
89854826,2027-01-17,3012.0086916595783,2953.064434859335,2838.639133163121,25039.17764208052,24865.808083584063,controller
89854826,2027-01-24,3012.0086916595783,2963.9000322653637,2924.8845311901587,24865.808083584063,24778.68392311464,controller
89854826,2027-01-31,3073.9903672429773,3062.3178056698007,2939.5384317516186,24778.68392311464,24644.23198762328,controller
89854826,2027-02-07,3084.3206465068774,3086.216470533861,2953.064434859335,24644.23198762328,24512.975775975738,controller
89854826,2027-02-14,3084.3206465068774,3094.4199837618326,2963.9000322653637,24512.975775975738,24392.555161734224,controller
89854826,2027-02-21,3084.3206465068774,3101.946272151927,3062.3178056698007,24392.555161734224,24370.55232089715,controller
89854826,2027-02-28,3149.401405783524,3200.942588619214,3086.216470533861,24370.55232089715,24307.36738564749,controller
89854826,2027-03-07,3160.2481989962985,3221.1618368914797,3094.4199837618326,24307.36738564749,24241.539170413023,controller
89854826,2027-03-14,3160.2481989962985,3225.2761003436335,3101.946272151927,24241.539170413023,24183.237243568652,controller
89854826,2027-03-21,3160.2481989962985,3228.919970771407,3200.942588619214,24183.237243568652,24223.93163319157,controller
89854826,2027-03-28,3365.252591011781,3533.8831594431986,3221.1618368914797,24223.93163319157,24079.840879071267,controller
89854826,2027-04-04,3638.591780365758,3952.897615606683,3225.2761003436335,24079.840879071267,23666.525199049145,controller
89854826,2027-04-11,3638.591780365758,3978.7298456080653,3228.919970771407,23666.525199049145,23256.853389454795,controller
89854826,2027-04-18,3638.591780365758,4004.334333707712,3533.8831594431986,23256.853389454795,23152.144768532235,controller
89854826,2027-04-25,3581.646115900677,3925.460125817751,3952.897615606683,23152.144768532235,23523.39626823824,controller
89854826,2027-05-02,3239.9721291101905,3389.7459269003957,3978.7298456080653,23523.39626823824,24262.153984736113,controller
89854826,2027-05-09,3239.9721291101905,3343.5735696192787,4004.334333707712,24262.153984736113,25026.516189333634,controller
89854826,2027-05-16,3239.9721291101905,3295.8009318319337,3925.460125817751,25026.516189333634,25712.004186041195,controller
89854826,2027-05-23,3239.9721291101905,3252.957932037711,3389.7459269003957,25712.004186041195,25861.7779838314,controller
89854826,2027-05-30,3628.020566410312,3825.669725626005,3343.5735696192787,25861.7779838314,25577.33098704037,controller
89854826,2027-06-06,3783.2399413303606,4076.276725305518,3295.8009318319337,25577.33098704037,25089.89197754194,controller
89854826,2027-06-13,3783.2399413303606,4106.74166339917,3252.957932037711,25089.89197754194,24559.609968249293,controller
89854826,2027-06-20,3783.2399413303606,4139.88428897996,3825.669725626005,24559.609968249293,24602.039752544937,controller
89854826,2027-06-27,3783.239941330361,4137.232427461483,4076.276725305518,24602.039752544937,24895.076536520093,controller
89854826,2027-07-04,3783.2399413303606,4118.917628463035,4106.74166339917,24895.076536520093,25218.578258588903,controller
89854826,2027-07-11,3783.2399413303606,4098.698770833735,4139.88428897996,25218.578258588903,25575.2226062385,controller
89854826,2027-07-18,3783.2399413303606,4076.4084991056343,4137.232427461483,25575.2226062385,25929.215092369624,controller
89854826,2027-07-25,3783.2399413303606,4054.2839687224396,4118.917628463035,25929.215092369624,26264.892779502297,controller
89854826,2027-08-01,3783.2399413303606,4033.3041132766475,4098.698770833735,26264.892779502297,26580.35160900567,controller
89854826,2027-08-08,3783.2399413303606,4013.5879364326865,4076.4084991056343,26580.35160900567,26873.52016678094,controller
89854826,2027-08-15,3783.2399413303606,3995.264901571732,4054.2839687224396,26873.52016678094,27144.56419417302,controller
89854826,2027-08-22,3783.2399413303606,3978.3246498597273,4033.3041132766475,27144.56419417302,27394.62836611931,controller
89854826,2027-08-29,3783.239941330361,3962.695639113085,4013.5879364326865,27394.62836611931,27624.976361221634,controller
89854826,2027-09-05,3783.2399413303606,3948.2988894191885,3995.264901571732,27624.976361221634,27837.001321463005,controller
89854826,2027-09-12,3783.2399413303606,3935.047329404103,3978.3246498597273,27837.001321463005,28032.08602999237,controller
89854826,2027-09-19,3783.2399413303606,3922.8545351210178,3962.695639113085,28032.08602999237,28211.541727775093,controller
89854826,2027-09-26,3783.23994133036,3911.638554009597,3948.2988894191885,28211.541727775093,28376.60067586392,controller
89854826,2027-10-03,3783.2399413303606,3901.322369754046,3935.047329404103,28376.60067586392,28528.408063937663,controller
89854826,2027-10-10,3783.2399413303606,3891.8344079994367,3922.8545351210178,28528.408063937663,28668.02265772832,controller
89854826,2027-10-17,3783.2399413303606,3883.108495887521,3911.638554009597,28668.02265772832,28796.421270407558,controller
89854826,2027-10-24,3783.2399413303606,3875.0835825950685,3901.322369754046,28796.421270407558,28914.503698831242,controller
89854826,2027-10-31,3783.2399413303606,3867.7034308185885,3891.8344079994367,28914.503698831242,29023.098165500316,controller
89854826,2027-11-07,3783.2399413303606,3860.916276651771,3883.108495887521,29023.098165500316,29122.966720057473,controller
89854826,2027-11-14,3783.2399413303606,3854.674491991949,3875.0835825950685,29122.966720057473,29214.81036132218,controller
89854826,2027-11-21,3783.2399413303606,3848.9342644129047,3867.7034308185885,29214.81036132218,29299.273850810405,controller
89854826,2027-11-28,3783.23994133036,3843.65529631989,3860.916276651771,29299.273850810405,29376.950186131817,controller
89854826,2027-12-05,3783.2399413303606,3838.8005253623023,3854.674491991949,29376.950186131817,29448.384736793403,controller
89854826,2027-12-12,3783.2399413303606,3834.335865945953,3848.9342644129047,29448.384736793403,29514.079059875945,controller
89854826,2027-12-19,3783.2399413303606,3830.2299707532943,3843.65529631989,29514.079059875945,29574.494414865472,controller
89854826,2027-12-26,3242.7770925688806,3015.759737924229,3838.8005253623023,29574.494414865472,30170.51784765889,controller
89854826,2028-01-02,2673.5,2124.5926345213193,3834.335865945953,30170.51784765889,31331.353713604847,controller
89854826,2028-01-09,2673.5,2052.040392899697,3830.2299707532943,31331.353713604847,32488.083684358142,controller
89854826,2028-01-16,2673.5,1979.7447697276161,3015.759737924229,32488.083684358142,32830.34342228237,controller
89854826,2028-01-23,2673.5,1958.3535361073518,2124.5926345213193,32830.34342228237,32281.436056803694,controller
89854826,2028-01-30,2673.5,1992.6602464497691,2052.040392899697,32281.436056803694,31659.97644970339,controller
89854826,2028-02-06,2673.5,2031.501471893538,1979.7447697276161,31659.97644970339,30966.221219431005,controller
93197977,2026-08-30,751.0642476972367,324.0,432.0,20470.0,20150.935752302765,plan
93197977,2026-09-06,1051.4899467761315,1152.0,192.0,20150.935752302765,19291.445805526633,plan
93197977,2026-09-13,1051.4899467761315,1368.0,456.0,19291.445805526633,18695.9558587505,plan
93197977,2026-09-20,1051.4899467761315,1380.0,324.0,18695.9558587505,17968.46591197437,plan
93197977,2026-09-27,1061.6884423378299,1308.0,1152.0,17968.46591197437,18058.77746963654,plan
93197977,2026-10-04,1075.2864364200943,1140.0,1368.0,18058.77746963654,18351.491033216447,plan
93197977,2026-10-11,1075.2864364200943,1200.0,1380.0,18351.491033216447,18656.204596796353,plan
93197977,2026-10-18,1075.2864364200943,1236.0,1308.0,18656.204596796353,18888.91816037626,plan
93197977,2026-10-25,1075.2864364200943,1092.0,1140.0,18888.91816037626,18953.631723956165,plan
93197977,2026-11-01,1100.2727506543174,465.8071432342158,1200.0,18953.631723956165,19053.35897330185,controller
93197977,2026-11-08,1100.2727506543174,459.57419015011055,1236.0,19053.35897330185,19189.086222647533,controller
93197977,2026-11-15,1100.2727506543174,451.0912370660053,1092.0,19189.086222647533,19180.813471993217,controller
93197977,2026-11-22,1100.2727506543174,451.60828398190006,465.8071432342158,19180.813471993217,18546.347864573116,controller
93197977,2026-11-29,1119.0124862715097,519.3719878714448,459.57419015011055,18546.347864573116,17886.909568451716,controller
93197977,2026-12-06,1126.5083805183865,571.8307227493475,451.0912370660053,17886.909568451716,17211.492424999335,controller
93197977,2026-12-13,1126.5083805183865,614.0442942151213,451.60828398190006,17211.492424999335,16536.592328462848,controller
93197977,2026-12-20,1126.5083805183865,656.2255502486518,519.3719878714448,16536.592328462848,15929.455935815906,controller
93197977,2026-12-27,1134.3790694742659,705.9776082229047,571.8307227493475,15929.455935815906,15366.907589090986,controller
93197977,2027-01-03,1154.055791863964,770.6519634777594,614.0442942151213,15366.907589090986,14826.896091442144,controller
93197977,2027-01-10,1154.055791863964,804.402682080812,656.2255502486518,14826.896091442144,14329.065849826831,controller
93197977,2027-01-17,1154.055791863964,835.5170721817691,705.9776082229047,14329.065849826831,13880.987666185772,controller
93197977,2027-01-24,1154.055791863964,863.5219586593353,770.6519634777594,13880.987666185772,13497.583837799568,controller
93197977,2027-01-31,1178.8484620973238,924.6737032835127,804.402682080812,13497.583837799568,13123.138057783057,controller
93197977,2027-02-07,1182.9805738028838,954.2747320928846,835.5170721817691,13123.138057783057,12775.674556161941,controller
93197977,2027-02-14,1182.9805738028838,975.9912009442044,863.5219586593353,12775.674556161941,12456.215941018392,controller
93197977,2027-02-21,1182.9805738028838,995.9573643906762,924.6737032835127,12456.215941018392,12197.909070499021,controller
93197977,2027-02-28,1209.0128775937367,1051.1499994844162,954.2747320928846,12197.909070499021,11943.170924998169,controller
93197977,2027-03-07,1213.3515948922122,1073.5792095259328,975.9912009442044,11943.170924998169,11705.810531050161,controller
93197977,2027-03-14,1213.3515948922122,1088.4142341476831,995.9573643906762,11705.810531050161,11488.416300548626,controller
93197977,2027-03-21,1213.3515948922122,1102.0013735540292,1051.1499994844162,11488.416300548626,11326.21470514083,controller
93197977,2027-03-28,1295.3533517411756,1235.1416085404617,1073.5792095259328,11326.21470514083,11104.440562925587,controller
93197977,2027-04-04,1404.6890275397934,1413.006006126841,1088.4142341476831,11104.440562925587,10788.165769533478,controller
93197977,2027-04-11,1404.6890275397934,1432.7731807138478,1102.0013735540292,10788.165769533478,10485.478115547714,controller
93197977,2027-04-18,1404.6890275397934,1451.691159087958,1235.1416085404617,10485.478115547714,10315.930696548383,controller
93197977,2027-04-25,1381.9107617528698,1428.1204740950307,1413.006006126841,10315.930696548383,10347.025940922354,controller
93197977,2027-05-02,1245.241167031329,1221.1726292393464,1432.7731807138478,10347.025940922354,10534.557954604874,controller
93197977,2027-05-09,1245.241167031329,1209.451878384189,1451.691159087958,10534.557954604874,10741.007946661504,controller
93197977,2027-05-16,1245.241167031329,1196.5487538806497,1428.1204740950307,10741.007946661504,10923.887253725206,controller
93197977,2027-05-23,1245.241167031329,1185.1187971891682,1221.1726292393464,10923.887253725206,10899.818715933225,controller
93197977,2027-05-30,1269.1583460654967,1222.4988493524186,1209.451878384189,10899.818715933225,10840.112248251917,controller
93197977,2027-06-06,1278.7252176791637,1240.5808110030007,1196.5487538806497,10840.112248251917,10757.935784453402,controller
93197977,2027-06-13,1278.7252176791637,1245.716839990408,1185.1187971891682,10757.935784453402,10664.329363963407,controller
93197977,2027-06-20,1278.7252176791637,1251.5672412710328,1222.4988493524186,10664.329363963407,10608.10299563666,controller
93197977,2027-06-27,1293.7930405308352,1277.6831235689615,1240.5808110030007,10608.10299563666,10554.890766108827,controller
93197977,2027-07-04,1313.8834709997304,1311.144533617794,1245.716839990408,10554.890766108827,10486.724135099505,controller
93197977,2027-07-11,1313.8834709997304,1315.4049480558765,1251.5672412710328,10486.724135099505,10424.407905370806,controller
93197977,2027-07-18,1313.8834709997304,1319.2997124139201,1277.6831235689615,10424.407905370806,10388.207557940039,controller
93197977,2027-07-25,1313.8834709997304,1321.5622341283433,1311.144533617794,10388.207557940039,10385.468620558104,controller
93197977,2027-08-01,1350.799636906799,1377.107666575317,1315.4049480558765,10385.468620558104,10350.073931707182,controller
93197977,2027-08-08,1350.799636906799,1379.3198346284994,1319.2997124139201,10350.073931707182,10318.574007214303,controller
93197977,2027-08-15,1350.799636906799,1381.2885799093044,1321.5622341283433,10318.574007214303,10289.336604435848,controller
93197977,2027-08-22,1350.799636906799,1383.115917582958,1377.107666575317,10289.336604435848,10315.644634104367,controller
93197977,2027-08-29,1372.9493364554955,1414.6962150517204,1379.3198346284994,10315.644634104367,10322.01513227737,controller
93197977,2027-09-05,1389.561611117018,1439.2164709081912,1381.2885799093044,10322.01513227737,10313.742101069656,controller
93197977,2027-09-12,1389.561611117018,1439.7335353586734,1383.115917582958,10313.742101069656,10307.296407535596,controller
93197977,2027-09-19,1389.561611117018,1440.1363912045522,1414.6962150517204,10307.296407535596,10332.431011470298,controller
93197977,2027-09-26,1401.190203357941,1456.008366820018,1439.2164709081912,10332.431011470298,10370.45727902055,controller
93197977,2027-10-03,1430.261683960249,1497.2389460015893,1439.7335353586734,10370.45727902055,10379.929130418974,controller
93197977,2027-10-10,1430.261683960249,1496.6469552891876,1440.1363912045522,10379.929130418974,10389.803837663278,controller
93197977,2027-10-17,1430.261683960249,1496.0297860864187,1456.008366820018,10389.803837663278,10415.550520523047,controller
93197977,2027-10-24,1430.261683960249,1494.420618407683,1497.2389460015893,10415.550520523047,10482.527782564388,controller
93197977,2027-10-31,1466.8917496069696,1545.1796380001801,1496.6469552891876,10482.527782564388,10512.282988246607,controller
93197977,2027-11-07,1472.9967605480895,1552.4774540567214,1496.0297860864187,10512.282988246607,10535.316013784937,controller
93197977,2027-11-14,1472.9967605480895,1551.0378899605757,1494.420618407683,10535.316013784937,10556.739871644531,controller
93197977,2027-11-21,1472.9967605480895,1549.6988988443509,1545.1796380001801,10556.739871644531,10628.922749096622,controller
93197977,2027-11-28,1498.63780632998,1583.6490376764314,1552.4774540567214,10628.922749096622,10682.762396823364,controller
93197977,2027-12-05,1517.868590666398,1609.1302361981366,1551.0378899605757,10682.762396823364,10715.931696117541,controller
93197977,2027-12-12,1517.868590666398,1607.0571549922506,1549.6988988443509,10715.931696117541,10747.762004295493,controller
93197977,2027-12-19,1517.868590666398,1605.0677607311286,1583.6490376764314,10747.762004295493,10813.542451305528,controller
93197977,2027-12-26,1301.0302205711982,1275.6989276502018,1609.1302361981366,10813.542451305528,11121.642466932466,controller
93197977,2028-01-02,982.75,779.0223458167209,1607.0571549922506,11121.642466932466,11745.949621924716,controller
93197977,2028-01-09,982.75,740.0031486297053,1605.0677607311286,11745.949621924716,12368.267382655844,controller
93197977,2028-01-16,982.75,701.1082885840098,1275.6989276502018,12368.267382655844,12661.216310306045,controller
93197977,2028-01-23,982.75,682.7989806058722,779.0223458167209,12661.216310306045,12457.488656122765,controller
93197977,2028-01-30,982.75,695.5319589923272,740.0031486297053,12457.488656122765,12214.74180475247,controller
93197977,2028-02-06,982.75,710.7036372029706,701.1082885840098,12214.74180475247,11933.10009333648,controller
93197978,2026-08-30,0.0,0.0,0.0,0.0,0.0,controller
93197978,2026-09-06,0.0,0.0,0.0,0.0,0.0,controller
93197978,2026-09-13,0.0,0.0,0.0,0.0,0.0,controller
93197978,2026-09-20,0.0,0.0,0.0,0.0,0.0,controller
93197978,2026-09-27,0.0,0.0,0.0,0.0,0.0,controller
93197978,2026-10-04,0.0,0.0,0.0,0.0,0.0,controller
93197978,2026-10-11,0.0,0.0,0.0,0.0,0.0,controller
93197978,2026-10-18,0.0,0.0,0.0,0.0,0.0,controller
93197978,2026-10-25,0.0,0.0,0.0,0.0,0.0,controller
93197978,2026-11-01,0.0,0.0,0.0,0.0,0.0,controller
93197978,2026-11-08,0.0,0.0,0.0,0.0,0.0,controller
93197978,2026-11-15,0.0,0.0,0.0,0.0,0.0,controller
93197978,2026-11-22,0.0,0.0,0.0,0.0,0.0,controller
93197978,2026-11-29,0.0,0.0,0.0,0.0,0.0,controller
93197978,2026-12-06,0.0,0.0,0.0,0.0,0.0,controller
93197978,2026-12-13,0.0,0.0,0.0,0.0,0.0,controller
93197978,2026-12-20,0.0,0.0,0.0,0.0,0.0,controller
93197978,2026-12-27,0.0,0.0,0.0,0.0,0.0,controller
93197978,2027-01-03,0.0,0.0,0.0,0.0,0.0,controller
93197978,2027-01-10,0.0,0.0,0.0,0.0,0.0,controller
93197978,2027-01-17,0.0,0.0,0.0,0.0,0.0,controller
93197978,2027-01-24,0.0,0.0,0.0,0.0,0.0,controller
93197978,2027-01-31,0.0,0.0,0.0,0.0,0.0,controller
93197978,2027-02-07,0.0,0.0,0.0,0.0,0.0,controller
93197978,2027-02-14,0.0,0.0,0.0,0.0,0.0,controller
93197978,2027-02-21,0.0,0.0,0.0,0.0,0.0,controller
93197978,2027-02-28,0.0,0.0,0.0,0.0,0.0,controller
93197978,2027-03-07,0.0,0.0,0.0,0.0,0.0,controller
93197978,2027-03-14,0.0,0.0,0.0,0.0,0.0,controller
93197978,2027-03-21,0.0,0.0,0.0,0.0,0.0,controller
93197978,2027-03-28,0.0,0.0,0.0,0.0,0.0,controller
93197978,2027-04-04,0.0,0.0,0.0,0.0,0.0,controller
93197978,2027-04-11,0.0,0.0,0.0,0.0,0.0,controller
93197978,2027-04-18,0.0,0.0,0.0,0.0,0.0,controller
93197978,2027-04-25,0.0,0.0,0.0,0.0,0.0,controller
93197978,2027-05-02,0.0,0.0,0.0,0.0,0.0,controller
93197978,2027-05-09,0.0,0.0,0.0,0.0,0.0,controller
93197978,2027-05-16,0.0,0.0,0.0,0.0,0.0,controller
93197978,2027-05-23,0.0,0.0,0.0,0.0,0.0,controller
93197978,2027-05-30,0.0,0.0,0.0,0.0,0.0,controller
93197978,2027-06-06,0.0,0.0,0.0,0.0,0.0,controller
93197978,2027-06-13,0.0,0.0,0.0,0.0,0.0,controller
93197978,2027-06-20,0.0,0.0,0.0,0.0,0.0,controller
93197978,2027-06-27,0.0,0.0,0.0,0.0,0.0,controller
93197978,2027-07-04,0.0,0.0,0.0,0.0,0.0,controller
93197978,2027-07-11,0.0,0.0,0.0,0.0,0.0,controller
93197978,2027-07-18,0.0,0.0,0.0,0.0,0.0,controller
93197978,2027-07-25,0.0,0.0,0.0,0.0,0.0,controller
93197978,2027-08-01,0.0,0.0,0.0,0.0,0.0,controller
93197978,2027-08-08,0.0,0.0,0.0,0.0,0.0,controller
93197978,2027-08-15,0.0,0.0,0.0,0.0,0.0,controller
93197978,2027-08-22,0.0,0.0,0.0,0.0,0.0,controller
93197978,2027-08-29,0.0,0.0,0.0,0.0,0.0,controller
93197978,2027-09-05,0.0,0.0,0.0,0.0,0.0,controller
93197978,2027-09-12,0.0,0.0,0.0,0.0,0.0,controller
93197978,2027-09-19,0.0,0.0,0.0,0.0,0.0,controller
93197978,2027-09-26,0.0,0.0,0.0,0.0,0.0,controller
93197978,2027-10-03,0.0,0.0,0.0,0.0,0.0,controller
93197978,2027-10-10,0.0,0.0,0.0,0.0,0.0,controller
93197978,2027-10-17,0.0,0.0,0.0,0.0,0.0,controller
93197978,2027-10-24,0.0,0.0,0.0,0.0,0.0,controller
93197978,2027-10-31,0.0,0.0,0.0,0.0,0.0,controller
93197978,2027-11-07,0.0,0.0,0.0,0.0,0.0,controller
93197978,2027-11-14,0.0,0.0,0.0,0.0,0.0,controller
93197978,2027-11-21,0.0,0.0,0.0,0.0,0.0,controller
93197978,2027-11-28,0.0,0.0,0.0,0.0,0.0,controller
93197978,2027-12-05,0.0,0.0,0.0,0.0,0.0,controller
93197978,2027-12-12,0.0,0.0,0.0,0.0,0.0,controller
93197978,2027-12-19,0.0,0.0,0.0,0.0,0.0,controller
93197978,2027-12-26,0.0,0.0,0.0,0.0,0.0,controller
93197978,2028-01-02,0.0,0.0,0.0,0.0,0.0,controller
93197978,2028-01-09,0.0,0.0,0.0,0.0,0.0,controller
93197978,2028-01-16,0.0,0.0,0.0,0.0,0.0,controller
93197978,2028-01-23,0.0,0.0,0.0,0.0,0.0,controller
93197978,2028-01-30,0.0,0.0,0.0,0.0,0.0,controller
93197978,2028-02-06,0.0,0.0,0.0,0.0,0.0,controller
93197979,2026-08-30,1839.5912175383035,2724.0,1944.0,16546.0,16650.408782461698,plan
93197979,2026-09-06,2575.427704553625,2856.0,2148.0,16650.408782461698,16222.981077908073,plan
93197979,2026-09-13,2575.427704553625,2784.0,3096.0,16222.981077908073,16743.553373354447,plan
93197979,2026-09-20,2575.427704553625,2964.0,2724.0,16743.553373354447,16892.12566880082,plan
93197979,2026-09-27,2597.524445224445,3000.0,2856.0,16892.12566880082,17150.601223576377,plan
93197979,2026-10-04,2626.9867661188723,2820.0,2784.0,17150.601223576377,17307.614457457505,plan
93197979,2026-10-11,2626.9867661188723,2796.0,2964.0,17307.614457457505,17644.627691338632,plan
93197979,2026-10-18,2626.9867661188723,2808.0,3000.0,17644.627691338632,18017.64092521976,plan
93197979,2026-10-25,2626.9867661188723,2724.0,2820.0,18017.64092521976,18210.654159100886,plan
93197979,2026-11-01,2681.1237803320055,2883.519785554203,2796.0,18210.654159100886,18325.530378768883,controller
93197979,2026-11-08,2681.1237803320055,2876.340021824953,2808.0,18325.530378768883,18452.40659843688,controller
93197979,2026-11-15,2681.1237803320055,2868.4102580957033,2724.0,18452.40659843688,18495.282818104875,controller
93197979,2026-11-22,2681.1237803320055,2865.7304943664535,2883.519785554203,18495.282818104875,18697.67882332707,controller
93197979,2026-11-29,2721.7265404739337,2913.9848842529586,2876.340021824953,18697.67882332707,18852.29230467809,controller
93197979,2026-12-06,2737.9676445307055,2928.6831977536776,2868.4102580957033,18852.29230467809,18982.734918243088,controller
93197979,2026-12-13,2737.9676445307055,2920.530534405865,2865.7304943664535,18982.734918243088,19110.497768078836,controller
93197979,2026-12-20,2737.9676445307055,2912.5453562911307,2913.9848842529586,19110.497768078836,19286.51500780109,controller
93197979,2026-12-27,2755.020804117775,2927.1240181890944,2928.6831977536776,19286.51500780109,19460.17740143699,controller
93197979,2027-01-03,2797.65370308545,2980.2194670383633,2920.530534405865,19460.17740143699,19583.054232757408,controller
93197979,2027-01-10,2797.65370308545,2972.539665080837,2912.5453562911307,19583.054232757408,19697.94588596309,controller
93197979,2027-01-17,2797.65370308545,2965.3589367554823,2927.1240181890944,19697.94588596309,19827.416201066735,controller
93197979,2027-01-24,2797.65370308545,2957.267042061504,2980.2194670383633,19827.416201066735,20009.981965019648,controller
93197979,2027-01-31,2851.3711551145248,3026.432859858059,2972.539665080837,20009.981965019648,20131.15047498596,controller
93197979,2027-02-07,2860.3240637860376,3032.2891909924338,2965.3589367554823,20131.15047498596,20236.185347955405,controller
93197979,2027-02-14,2860.3240637860376,3025.724511431844,2957.267042061504,20236.185347955405,20333.12832623087,controller
93197979,2027-02-21,2860.3240637860376,3019.6655752896268,3026.432859858059,20333.12832623087,20499.237122302893,controller
93197979,2027-02-28,2916.7273886356684,3093.8887628095717,3032.2891909924338,20499.237122302893,20614.79892465966,controller
93197979,2027-03-07,2926.127942777274,3100.766981374682,3025.724511431844,20614.79892465966,20714.395493314227,controller
93197979,2027-03-14,2926.127942777274,3094.5421958337715,3019.6655752896268,20714.395493314227,20807.933125826577,controller
93197979,2027-03-21,2926.127942777274,3088.6960938017496,3093.8887628095717,20807.933125826577,20975.693945858875,controller
93197979,2027-03-28,3103.798415669348,3344.7167518878423,3100.766981374682,20975.693945858875,20972.66251156421,controller
93197979,2027-04-04,3340.6923795254465,3700.247162315407,3094.5421958337715,20972.66251156421,20726.512327872533,controller
93197979,2027-04-11,3340.6923795254465,3715.6315487961365,3088.6960938017496,20726.512327872533,20474.516042148836,controller
93197979,2027-04-18,3340.6923795254465,3731.3813166538675,3344.7167518878423,20474.516042148836,20478.54041451123,controller
93197979,2027-04-25,3291.3394703850468,3657.1004296706183,3700.247162315407,20478.54041451123,20887.448106441592,controller
93197979,2027-05-02,2995.2220155426476,3187.367516661372,3715.6315487961365,20887.448106441592,21607.85763969508,controller
93197979,2027-05-09,2995.2220155426476,3142.341920833029,3731.3813166538675,21607.85763969508,22344.0169408063,controller
93197979,2027-05-16,2995.2220155426476,3096.3319645135775,3657.1004296706183,22344.0169408063,23005.895354934273,controller
93197979,2027-05-23,2995.2220155426476,3054.9645636305795,3187.367516661372,23005.895354934273,23198.040856052998,controller
93197979,2027-05-30,3047.042570138953,3120.6863017051173,3142.341920833029,23198.040856052998,23293.340206747074,controller
93197979,2027-06-06,3067.7707919774757,3145.8224250445214,3096.3319645135775,23293.340206747074,23321.901379283176,controller
93197979,2027-06-13,3067.7707919774757,3144.037351761015,3054.9645636305795,23321.901379283176,23309.09515093628,controller
93197979,2027-06-20,3067.7707919774757,3144.837741032696,3120.6863017051173,23309.09515093628,23362.01066066392,controller
93197979,2027-06-27,3100.41774153621,3190.5009460128204,3145.8224250445214,23362.01066066392,23407.41534417223,controller
93197979,2027-07-04,3143.947007614523,3252.9570524110204,3144.037351761015,23407.41534417223,23407.50568831872,controller
93197979,2027-07-11,3143.947007614523,3252.9514059018647,3144.837741032696,23407.50568831872,23408.396421736896,controller
93197979,2027-07-18,3143.947007614523,3252.8957350632286,3190.5009460128204,23408.396421736896,23454.950360135193,controller
93197979,2027-07-25,3143.947007614523,3249.986113913335,3252.9570524110204,23454.950360135193,23563.96040493169,controller
93197979,2027-08-01,3223.9320337620984,3363.150525334917,3252.9514059018647,23563.96040493169,23592.979777071458,controller
93197979,2027-08-08,3223.9320337620984,3361.3368145761815,3252.8957350632286,23592.979777071458,23621.94347837259,controller
93197979,2027-08-15,3223.9320337620984,3359.526583244861,3249.986113913335,23621.94347837259,23647.997558523824,controller
93197979,2027-08-22,3223.9320337620984,3357.898203235409,3363.150525334917,23647.997558523824,23787.216050096642,controller
93197979,2027-08-29,3271.9230490942246,3421.1835705102967,3361.3368145761815,23787.216050096642,23876.6298155786,controller
93197979,2027-09-05,3307.91631059332,3469.5851024163176,3359.526583244861,23876.6298155786,23928.24008823014,controller
93197979,2027-09-12,3307.91631059332,3466.359460375596,3357.898203235409,23928.24008823014,23978.22198087223,controller
93197979,2027-09-19,3307.91631059332,3463.235592085465,3421.1835705102967,23978.22198087223,24091.489240789208,controller
93197979,2027-09-26,3333.1115939425235,3493.94931336446,3469.5851024163176,24091.489240789208,24227.962749263002,controller
93197979,2027-10-03,3396.099802315533,3579.902031644362,3466.359460375596,24227.962749263002,24298.222407323065,controller
93197979,2027-10-10,3396.099802315533,3575.510803015608,3463.235592085465,24298.222407323065,24365.358197092995,controller
93197979,2027-10-17,3396.099802315533,3571.314816154987,3493.94931336446,24365.358197092995,24463.207708141923,controller
93197979,2027-10-24,3396.099802315533,3565.1992217144293,3579.902031644362,24463.207708141923,24647.00993747075,controller
93197979,2027-10-31,3406.954588848306,3569.9937621805366,3575.510803015608,24647.00993747075,24815.566151638053,controller
93197979,2027-11-07,3408.763719937101,3562.172695428273,3571.314816154987,24815.566151638053,24978.11724785594,controller
93197979,2027-11-14,3408.763719937101,3552.0132519146555,3565.1992217144293,24978.11724785594,25134.552749633265,controller
93197979,2027-11-21,3408.763719937101,3542.2360330535726,3569.9937621805366,25134.552749633265,25295.7827918767,controller
93197979,2027-11-28,3408.7637197767126,3532.159155172775,3562.172695428273,25295.7827918767,25449.19176752826,controller
93197979,2027-12-05,3408.763719656421,3522.5710940141153,3552.0132519146555,25449.19176752826,25592.441299786497,controller
93197979,2027-12-12,3408.763719656421,3513.6179982479753,3542.2360330535726,25592.441299786497,25725.91361318365,controller
93197979,2027-12-19,3408.763719656421,3505.2759786606534,3532.159155172775,25725.91361318365,25849.309048700004,controller
93197979,2027-12-26,2921.797473991218,2767.1143954430763,3522.5710940141153,25849.309048700004,26450.082668722902,controller
93197979,2028-01-02,2636.75,2301.994833204819,3513.6179982479753,26450.082668722902,27326.95066697088,controller
93197979,2028-01-09,2636.75,2247.19058331432,3505.2759786606534,27326.95066697088,28195.476645631534,controller
93197979,2028-01-16,2636.75,2192.907709648029,2767.1143954430763,28195.476645631534,28325.84104107461,controller
93197979,2028-01-23,2636.75,2184.7599349328366,2301.994833204819,28325.84104107461,27991.08587427943,controller
93197979,2028-01-30,2636.75,2205.6821328575356,2247.19058331432,27991.08587427943,27601.52645759375,controller
93197979,2028-02-06,2636.75,2230.029596400391,2192.907709648029,27601.52645759375,27157.68416724178,controller
94643458,2026-08-30,13.59139574322293,6.0,24.0,0.0,10.40860425677707,plan
94643458,2026-09-06,19.027954040512103,6.0,30.0,10.40860425677707,21.380650216264964,plan
94643458,2026-09-13,19.027954040512103,12.0,24.0,21.380650216264964,26.352696175752865,plan
94643458,2026-09-20,19.027954040512103,30.0,6.0,26.352696175752865,13.324742135240765,plan
94643458,2026-09-27,19.027954040338347,12.0,6.0,13.324742135240765,0.29678809490241775,plan
94643458,2026-10-04,19.027954040106675,12.0,12.0,0.29678809490241775,0.0,plan
94643458,2026-10-11,19.027954040106675,12.0,30.0,0.0,10.972045959893325,plan
94643458,2026-10-18,19.027954040106675,12.0,12.0,10.972045959893325,3.9440919197866506,plan
94643458,2026-10-25,19.027954040106675,18.0,12.0,3.9440919197866506,0.0,plan
94643458,2026-11-01,19.027954040512103,28.541931060768157,12.0,0.0,0.0,controller
94643458,2026-11-08,19.027954040512103,28.541931060768157,12.0,0.0,0.0,controller
94643458,2026-11-15,19.027954040512103,28.541931060768157,18.0,0.0,0.0,controller
94643458,2026-11-22,19.027954040512103,28.541931060768157,28.541931060768157,0.0,9.513977020256053,controller
94643458,2026-11-29,19.02795404022251,27.947307496567763,28.541931060768157,9.513977020256053,19.027954040801703,controller
94643458,2026-12-06,19.027954040106675,27.352683932609906,28.541931060768157,19.027954040801703,28.541931061463185,controller
94643458,2026-12-13,19.027954040106675,26.758060368818562,28.541931060768157,28.541931061463185,38.05590808212466,controller
94643458,2026-12-20,19.027954040106675,26.16343680502722,27.947307496567763,38.05590808212466,46.97526153858574,controller
94643458,2026-12-27,19.02795404010668,25.605977213998408,27.352683932609906,46.97526153858574,55.29999143108897,controller
94643458,2027-01-03,19.027954040106675,25.085681595716952,26.758060368818562,55.29999143108897,63.03009775980085,controller
94643458,2027-01-10,19.027954040106675,24.60254995017246,26.16343680502722,63.03009775980085,70.16558052472139,controller
94643458,2027-01-17,19.027954040106675,24.156582277364926,25.605977213998408,70.16558052472139,76.74360369861311,controller
94643458,2027-01-24,19.027954040106675,23.745455828996693,25.085681595716952,76.74360369861311,82.80133125422338,controller
94643458,2027-01-31,19.027954040335803,23.36684785711474,24.60254995017246,82.80133125422338,88.37592716406004,controller
94643458,2027-02-07,19.02795404037399,23.018435612807234,24.156582277364926,88.37592716406004,93.50455540105096,controller
94643458,2027-02-14,19.02795404037399,22.697896347995304,23.745455828996693,93.50455540105096,98.22205718967368,controller
94643458,2027-02-21,19.02795404037399,22.403052486206384,23.36684785711474,98.22205718967368,102.56095100641443,controller
94643458,2027-02-28,19.027954040144863,22.131871622316392,23.018435612807234,102.56095100641443,106.5514325790768,controller
94643458,2027-03-07,19.027954040106675,21.88246652396771,22.697896347995304,106.5514325790768,110.22137488696542,controller
94643458,2027-03-14,19.027954040106675,21.653095129724672,22.403052486206384,110.22137488696542,113.59647333306513,controller
94643458,2027-03-21,19.027954040106675,21.442151476843442,22.131871622316392,113.59647333306513,116.70039091527484,controller
94643458,2027-03-28,19.02795404028043,21.24815662821597,21.88246652396771,116.70039091527484,119.55490339896213,controller
94643458,2027-04-04,19.027954040512103,21.069749598333022,21.653095129724672,119.55490339896213,122.1800444881747,controller
94643458,2027-04-11,19.027954040512103,20.905678280257234,21.442151476843442,122.1800444881747,124.59424192450604,controller
94643458,2027-04-18,19.027954040512103,20.75479094048653,21.24815662821597,124.59424192450604,126.81444451220992,controller
94643458,2027-04-25,19.027954040454183,20.616028278668153,21.069749598333022,126.81444451220992,128.85624007008877,controller
94643458,2027-05-02,19.027954040106675,20.488416055779464,20.905678280257234,128.85624007008877,130.73396431023934,controller
94643458,2027-05-09,19.027954040106675,20.37105829077005,20.75479094048653,130.73396431023934,132.46080121061922,controller
94643458,2027-05-16,19.027954040106675,20.26313098449631,20.616028278668153,132.46080121061922,134.0488754491807,controller
94643458,2027-05-23,19.027954040106675,20.163876344586217,20.488416055779464,134.0488754491807,135.5093374648535,controller
94643458,2027-05-30,19.027954040396267,20.072597469041057,20.37105829077005,135.5093374648535,136.85244171522731,controller
94643458,2027-06-06,19.027954040512103,19.98865345356645,20.26313098449631,136.85244171522731,138.08761865921153,controller
94643458,2027-06-13,19.027954040512103,19.911454894567434,20.163876344586217,138.08761865921153,139.22354096328564,controller
94643458,2027-06-20,19.027954040512103,19.8404597505628,20.072597469041057,139.22354096328564,140.2681843918146,controller
94643458,2027-06-27,19.027954040338347,19.775169536019106,19.98865345356645,140.2681843918146,141.2288838050427,controller
94643458,2027-07-04,19.027954040106675,19.715125822344845,19.911454894567434,141.2288838050427,142.11238465950348,controller
94643458,2027-07-11,19.027954040106675,19.659907018941045,19.8404597505628,142.11238465950348,142.92489036995963,controller
94643458,2027-07-18,19.027954040106675,19.609125412037535,19.775169536019106,142.92489036995963,143.67210586587206,controller
94643458,2027-07-25,19.027954040106675,19.56242444354301,19.715125822344845,143.67210586587206,144.35927764811024,controller
94643458,2027-08-01,19.027954040106675,19.519476207153122,19.659907018941045,144.35927764811024,144.99123062694463,controller
94643458,2027-08-08,19.027954040106675,19.479979145975975,19.609125412037535,144.99123062694463,145.5724019988755,controller
94643458,2027-08-15,19.027954040106675,19.443655935230293,19.56242444354301,145.5724019988755,146.10687240231184,controller
94643458,2027-08-22,19.027954040106675,19.410251535015522,19.519476207153122,146.10687240231184,146.5983945693583,controller
94643458,2027-08-29,19.027954040338347,19.379531399922627,19.479979145975975,146.5983945693583,147.05041967499594,controller
94643458,2027-09-05,19.027954040512103,19.35127983108091,19.443655935230293,147.05041967499594,147.46612156971412,controller
94643458,2027-09-12,19.027954040512103,19.325298462661024,19.410251535015522,147.46612156971412,147.84841906421755,controller
94643458,2027-09-19,19.027954040512103,19.301404869254558,19.379531399922627,147.84841906421755,148.19999642362808,controller
94643458,2027-09-26,19.027954040396267,19.279431284117646,19.35127983108091,148.19999642362808,148.5233222143127,controller
94643458,2027-10-03,19.027954040106675,19.25922342176547,19.325298462661024,148.5233222143127,148.82066663686706,controller
94643458,2027-10-10,19.027954040106675,19.24063939535582,19.301404869254558,148.82066663686706,149.09411746601495,controller
94643458,2027-10-17,19.027954040106675,19.223548718534076,19.279431284117646,149.09411746601495,149.34559471002592,controller
94643458,2027-10-24,19.027954040106675,19.20783139078339,19.25922342176547,149.34559471002592,149.5768640916847,controller
94643458,2027-10-31,19.027954040454183,19.19337705495098,19.24063939535582,149.5768640916847,149.78954944658636,controller
94643458,2027-11-07,19.027954040512103,19.180084220356505,19.223548718534076,149.78954944658636,149.98514412460833,controller
94643458,2027-11-14,19.027954040512103,19.167859552980133,19.20783139078339,149.98514412460833,150.1650214748796,controller
94643458,2027-11-21,19.027954040512103,19.15661721858818,19.19337705495098,150.1650214748796,150.3304444893185,controller
94643458,2027-11-28,19.02795404028043,19.146278279838242,19.180084220356505,150.3304444893185,150.48257466939455,controller
94643458,2027-12-05,19.027954040106675,19.136770143322853,19.167859552980133,150.48257466939455,150.62248018226802,controller
94643458,2027-12-12,19.027954040106675,19.128026048768263,19.15661721858818,150.62248018226802,150.75114336074952,controller
94643458,2027-12-19,19.027954040106675,19.119984600113167,19.146278279838242,150.75114336074952,150.8694676004811,controller
94643458,2027-12-26,16.309674891520007,15.035170612249942,19.136770143322853,150.8694676004811,153.69656285228393,controller
94643458,2028-01-02,24.0,26.393964821732254,19.128026048768263,153.69656285228393,148.8245889010522,controller
94643458,2028-01-09,24.0,26.698463193684237,19.119984600113167,148.8245889010522,143.94457350116537,controller
94643458,2028-01-16,24.0,27.003464156177166,15.035170612249942,143.94457350116537,134.9797441134153,controller
94643458,2028-01-23,24.0,27.56376599291154,26.393964821732254,134.9797441134153,137.37370893514756,controller
94643458,2028-01-30,24.0,27.41414319155328,26.698463193684237,137.37370893514756,140.0721721288318,controller
94643458,2028-02-06,24.0,27.245489241948015,27.003464156177166,140.0721721288318,143.07563628500895,controller
94643459,2026-08-30,28.75587990772038,12.0,66.0,25.0,62.244120092279616,plan
94643459,2026-09-06,40.25823187080854,12.0,66.0,62.244120092279616,87.98588822147107,plan
94643459,2026-09-13,40.25823187080854,6.0,36.0,87.98588822147107,83.72765635066253,plan
94643459,2026-09-20,40.25823187080854,30.0,12.0,83.72765635066253,55.46942447985399,plan
94643459,2026-09-27,40.25823187063477,36.0,12.0,55.46942447985399,27.21119260921921,plan
94643459,2026-10-04,40.258231870403094,18.0,6.0,27.21119260921921,0.0,plan
94643459,2026-10-11,40.258231870403094,18.0,30.0,0.0,0.0,plan
94643459,2026-10-18,40.258231870403094,24.0,36.0,0.0,0.0,plan
94643459,2026-10-25,40.258231870403094,18.0,18.0,0.0,0.0,plan
94643459,2026-11-01,40.25823187080854,60.3873478062128,18.0,0.0,0.0,controller
94643459,2026-11-08,40.25823187080854,60.3873478062128,24.0,0.0,0.0,controller
94643459,2026-11-15,40.25823187080854,60.3873478062128,18.0,0.0,0.0,controller
94643459,2026-11-22,40.25823187080854,60.3873478062128,60.3873478062128,0.0,20.129115935404265,controller
94643459,2026-11-29,40.25823187051894,59.12927805981565,60.3873478062128,20.129115935404265,40.25823187109812,controller
94643459,2026-12-06,40.258231870403094,57.87120831366101,60.3873478062128,40.25823187109812,60.387347806907826,controller
94643459,2026-12-13,40.258231870403094,56.613138567672905,60.3873478062128,60.387347806907826,80.51646374271753,controller
94643459,2026-12-20,40.258231870403094,55.355068821684796,59.12927805981565,80.51646374271753,99.38750993213007,controller
94643459,2026-12-27,40.2582318704031,54.17562843484652,57.87120831366101,99.38750993213007,117.00048637538796,controller
94643459,2027-01-03,40.258231870403094,53.074817407142895,56.613138567672905,117.00048637538796,133.35539307265776,controller
94643459,2027-01-10,40.258231870403094,52.05263573856353,55.355068821684796,133.35539307265776,148.45223002393948,controller
94643459,2027-01-17,40.258231870403094,51.10908342910842,54.17562843484652,148.45223002393948,162.3696265883829,controller
94643459,2027-01-24,40.258231870403094,50.23924614383071,53.074817407142895,162.3696265883829,175.18621212512272,controller
94643459,2027-01-31,40.25823187063222,49.438209548128164,52.05263573856353,175.18621212512272,186.98061599305404,controller
94643459,2027-02-07,40.25823187067041,48.70105930643973,51.10908342910842,186.98061599305404,197.83146755149207,controller
94643459,2027-02-14,40.25823187067041,48.02288108403736,50.23924614383071,197.83146755149207,207.81248182465237,controller
94643459,2027-02-21,40.25823187067041,47.39906769196484,49.438209548128164,207.81248182465237,216.9924595021101,controller
94643459,2027-02-28,40.258231870441286,46.82531908678005,48.70105930643973,216.9924595021101,225.43528693810853,controller
94643459,2027-03-07,40.258231870403094,46.297642371972856,48.02288108403736,225.43528693810853,233.1999361517428,controller
94643459,2027-03-14,40.258231870403094,45.812351796120716,47.39906769196484,233.1999361517428,240.34077197330453,controller
94643459,2027-03-21,40.258231870403094,45.36604955727311,46.82531908678005,240.34077197330453,246.90785918968146,controller
94643459,2027-03-28,40.25823187057686,44.955606606510194,46.297642371972856,246.90785918968146,252.94726969107748,controller
94643459,2027-04-04,40.25823187080854,44.578143450520464,45.812351796120716,252.94726969107748,258.5013896163897,controller
94643459,2027-04-11,40.25823187080854,44.23101095518845,45.36604955727311,258.5013896163897,263.6092073028543,controller
94643459,2027-04-18,40.25823187080854,43.911772349784414,44.955606606510194,263.6092073028543,268.306582038556,controller
94643459,2027-04-25,40.25823187075061,43.61818642871617,44.578143450520464,268.306582038556,272.62649361832587,controller
94643459,2027-05-02,40.258231870403094,43.348191954459274,44.23101095518845,272.62649361832587,276.59927270311124,controller
94643459,2027-05-09,40.258231870403094,43.099893261660185,43.911772349784414,276.59927270311124,280.25281318249256,controller
94643459,2027-05-16,40.258231870403094,42.871546981698856,43.61818642871617,280.25281318249256,283.6127677408056,controller
94643459,2027-05-23,40.258231870403094,42.661549821804286,43.348191954459274,283.6127677408056,286.70272782486177,controller
94643459,2027-05-30,40.2582318706927,42.468427316985185,43.099893261660185,286.70272782486177,289.54438921582926,controller
94643459,2027-06-06,40.25823187080854,42.29082348022348,42.871546981698856,289.54438921582926,292.1577043267196,controller
94643459,2027-06-13,40.25823187080854,42.12749128579283,42.661549821804286,292.1577043267196,294.5610222777154,controller
94643459,2027-06-20,40.25823187080854,41.977283913855594,42.468427316985185,294.5610222777154,296.77121772389205,controller
94643459,2027-06-27,40.25823187063477,41.83914669820891,42.29082348022348,296.77121772389205,298.8038093334808,controller
94643459,2027-07-04,40.258231870403094,41.71210972226209,42.12749128579283,298.8038093334808,300.6730687488705,controller
94643459,2027-07-11,40.258231870403094,41.595281008800235,41.977283913855594,300.6730687488705,302.392120792323,controller
94643459,2027-07-18,40.258231870403094,41.48784025608445,41.83914669820891,302.392120792323,303.97303562012877,controller
94643459,2027-07-25,40.258231870403094,41.38903307934659,41.71210972226209,303.97303562012877,305.42691347198775,controller
94643459,2027-08-01,40.258231870403094,41.29816571360541,41.595281008800235,305.42691347198775,306.76396261038485,controller
94643459,2027-08-08,40.258231870403094,41.21460014245559,41.48784025608445,306.76396261038485,307.9935709960662,controller
94643459,2027-08-15,40.258231870403094,41.137749618350504,41.38903307934659,307.9935709960662,309.12437220500965,controller
94643459,2027-08-22,40.258231870403094,41.06707454279154,41.29816571360541,309.12437220500965,310.1643060482119,controller
94643459,2027-08-29,40.25823187063477,41.00207867793891,41.21460014245559,310.1643060482119,311.1206743200328,controller
94643459,2027-09-05,40.25823187080854,40.94230566121075,41.137749618350504,311.1206743200328,312.00019206757474,controller
94643459,2027-09-12,40.25823187080854,40.88733580198938,41.06707454279154,312.00019206757474,312.8090347395578,controller
94643459,2027-09-19,40.25823187080854,40.83678313499044,41.00207867793891,312.8090347395578,313.5528815466882,controller
94643459,2027-09-26,40.2582318706927,40.79029270937103,40.94230566121075,313.5528815466882,314.23695533720627,controller
94643459,2027-10-03,40.258231870403094,40.74753809702925,40.88733580198938,314.23695533720627,314.8660592687925,controller
94643459,2027-10-10,40.258231870403094,40.708219101305104,40.83678313499044,314.8660592687925,315.44461053337983,controller
94643459,2027-10-17,40.258231870403094,40.6720596472684,40.79029270937103,315.44461053337983,315.97667137234777,controller
94643459,2027-10-24,40.258231870403094,40.6388058448329,40.74753809702925,315.97667137234777,316.4659775989739,controller
94643459,2027-10-31,40.25823187075061,40.60822420619005,40.708219101305104,316.4659775989739,316.91596482952843,controller
94643459,2027-11-07,40.25823187080854,40.58010000436728,40.6720596472684,316.91596482952843,317.3297926059883,controller
94643459,2027-11-14,40.25823187080854,40.554235768338536,40.6388058448329,317.3297926059883,317.7103665800127,controller
94643459,2027-11-21,40.25823187080854,40.53044989496201,40.60822420619005,317.7103665800127,318.06035891539426,controller
94643459,2027-11-28,40.25823187057686,40.508575373653144,40.58010000436728,318.06035891539426,318.3822270491847,controller
94643459,2027-12-05,40.258231870403094,40.488458615030595,40.554235768338536,318.3822270491847,318.6782309471201,controller
94643459,2027-12-12,40.258231870403094,40.46995837140963,40.53044989496201,318.6782309471201,318.950448971679,controller
94643459,2027-12-19,40.258231870403094,40.4529447448747,40.508575373653144,318.950448971679,319.2007924749291,controller
94643459,2027-12-26,34.50705588891694,31.81053430369234,40.488458615030595,319.2007924749291,325.18219520104276,controller
94643459,2028-01-02,60.25,70.05111279993483,40.46995837140963,325.18219520104276,305.4021535724524,controller
94643459,2028-01-09,60.25,71.28736540172173,40.4529447448747,305.4021535724524,285.6050983173271,controller
94643459,2028-01-16,60.25,72.52468135516706,31.81053430369234,285.6050983173271,257.1656326210194,controller
94643459,2028-01-23,60.25,74.30214796118628,70.05111279993483,257.1656326210194,266.9667454209542,controller
94643459,2028-01-30,60.25,73.68957841119035,71.28736540172173,266.9667454209542,278.00411082267595,controller
94643459,2028-02-06,60.25,72.99974307358275,72.52468135516706,278.00411082267595,290.278792177843,controller
94643460,2026-08-30,25.14777850306409,6.0,54.0,45.0,73.85222149693591,plan
94643460,2026-09-06,35.206889904289724,24.0,60.0,73.85222149693591,98.64533159264617,plan
94643460,2026-09-13,35.206889904289724,18.0,36.0,98.64533159264617,99.43844168835646,plan
94643460,2026-09-20,35.206889904289724,36.0,6.0,99.43844168835646,70.23155178406674,plan
94643460,2026-09-27,35.20688990411597,24.0,24.0,70.23155178406674,59.02466187995077,plan
94643460,2026-10-04,35.206889903884296,30.0,18.0,59.02466187995077,41.817771976066474,plan
94643460,2026-10-11,35.206889903884296,24.0,36.0,41.817771976066474,42.61088207218217,plan
94643460,2026-10-18,35.206889903884296,36.0,24.0,42.61088207218217,31.40399216829787,plan
94643460,2026-10-25,35.206889903884296,36.0,30.0,31.40399216829787,26.197102264413573,plan
94643460,2026-11-01,35.206889904289724,51.17301596490874,24.0,26.197102264413573,14.990212360123849,controller
94643460,2026-11-08,35.206889904289724,51.87344658392685,36.0,14.990212360123849,15.783322455834124,controller
94643460,2026-11-15,35.206889904289724,51.823877202944956,36.0,15.783322455834124,16.5764325515444,controller
94643460,2026-11-22,35.206889904289724,51.77430782196306,51.17301596490874,16.5764325515444,32.54255861216342,controller
94643460,2026-11-29,35.206889904000136,50.77642494273999,51.87344658392685,32.54255861216342,49.20911529209013,controller
94643460,2026-12-06,35.206889903884296,49.734765150070814,51.823877202944956,49.20911529209013,65.8261025911508,controller
94643460,2026-12-13,35.206889903884296,48.69620344387952,51.77430782196306,65.8261025911508,82.39352050922957,controller
94643460,2026-12-20,35.206889903884296,47.66073982399959,50.77642494273999,82.39352050922957,97.96305554808526,controller
94643460,2026-12-27,35.206889903884296,46.687643884071115,49.734765150070814,97.96305554808526,112.49093079427178,controller
94643460,2027-01-03,35.206889903884296,45.77965168118446,48.69620344387952,112.49093079427178,125.98024433426698,controller
94643460,2027-01-10,35.206889903884296,44.93656958493476,47.66073982399959,125.98024433426698,138.43409425438227,controller
94643460,2027-01-17,35.206889903884296,44.15820396492755,46.687643884071115,138.43409425438227,149.9148482345691,controller
94643460,2027-01-24,35.206889903884296,43.440656841165875,45.77965168118446,149.9148482345691,160.48761001186926,controller
94643460,2027-01-31,35.206889904113424,42.77985923042831,44.93656958493476,160.48761001186926,170.2172896926906,controller
94643460,2027-02-07,35.20688990415161,42.17175425043425,44.15820396492755,170.2172896926906,179.16860375346656,controller
94643460,2027-02-14,35.20688990415161,41.612297121635756,43.440656841165875,179.16860375346656,187.4023706904808,controller
94643460,2027-02-21,35.20688990415161,41.097686688072365,42.77985923042831,187.4023706904808,194.9753400167575,controller
94643460,2027-02-28,35.20688990392249,40.62437610483639,42.17175425043425,194.9753400167575,201.9402043632693,controller
94643460,2027-03-07,35.206889903884296,40.18907208312211,41.612297121635756,201.9402043632693,208.34561158102073,controller
94643460,2027-03-14,35.206889903884296,39.78873413201265,41.097686688072365,208.34561158102073,214.2364083652088,controller
94643460,2027-03-21,35.206889903884296,39.420559333000895,40.62437610483639,214.2364083652088,219.6538945661609,controller
94643460,2027-03-28,35.20688990405805,39.08196644570202,40.18907208312211,219.6538945661609,224.63607674522493,controller
94643460,2027-04-04,35.206889904289724,38.77058005985803,39.78873413201265,224.63607674522493,229.21792097294787,controller
94643460,2027-04-11,35.206889904289724,38.48421479562535,39.420559333000895,229.21792097294787,233.43159040165904,controller
94643460,2027-04-18,35.206889904289724,38.2208604563309,39.08196644570202,233.43159040165904,237.30666694307138,controller
94643460,2027-04-25,35.20688990423181,37.97866817240575,38.77058005985803,237.30666694307138,240.8703570986976,controller
94643460,2027-05-02,35.206889903884296,37.75593753715784,38.48421479562535,240.8703570986976,244.14768199043863,controller
94643460,2027-05-09,35.206889903884296,37.55110473142403,38.2208604563309,244.14768199043863,247.16165254288524,controller
94643460,2027-05-16,35.206889903884296,37.36273157189612,37.97866817240575,247.16165254288524,249.93343081140665,controller
94643460,2027-05-23,35.206889903884296,37.189495430113524,37.75593753715784,249.93343081140665,252.48247844468017,controller
94643460,2027-05-30,35.20688990417389,37.03017995346833,37.55110473142403,252.48247844468017,254.82669327193034,controller
94643460,2027-06-06,35.206889904289724,36.88366652693894,37.36273157189612,254.82669327193034,256.9825349395368,controller
94643460,2027-06-13,35.206889904289724,36.74892642271354,37.189495430113524,256.9825349395368,258.9651404653606,controller
94643460,2027-06-20,35.206889904289724,36.62501357734955,37.03017995346833,258.9651404653606,260.78843051453924,controller
94643460,2027-06-27,35.20688990411597,36.51105794901525,36.88366652693894,260.78843051453924,262.4652071373622,controller
94643460,2027-07-04,35.206889903884296,36.40625940974131,36.74892642271354,262.4652071373622,264.00724365619146,controller
94643460,2027-07-11,35.206889903884296,36.30988212731448,36.62501357734955,264.00724365619146,265.4253673296567,controller
94643460,2027-07-18,35.206889903884296,36.2212493977229,36.51105794901525,265.4253673296567,266.72953537478764,controller
94643460,2027-07-25,35.206889903884296,36.139738894902216,36.40625940974131,266.72953537478764,267.92890488064467,controller
94643460,2027-08-01,35.206889903884296,36.06477830078615,36.30988212731448,267.92890488064467,269.03189710407486,controller
94643460,2027-08-08,35.206889903884296,35.995841286821765,36.2212493977229,269.03189710407486,270.04625659791344,controller
94643460,2027-08-15,35.206889903884296,35.93244381845685,36.139738894902216,270.04625659791344,270.97910558893136,controller
94643460,2027-08-22,35.206889903884296,35.87414075651823,36.06477830078615,270.97910558893136,271.8369939858332,controller
94643460,2027-08-29,35.20688990411597,35.82052273205937,35.995841286821765,271.8369939858332,272.62594536853896,controller
94643460,2027-09-05,35.206889904289724,35.7712132709009,35.93244381845685,272.62594536853896,273.35149928270613,controller
94643460,2027-09-12,35.206889904289724,35.72586615126545,35.87414075651823,273.35149928270613,274.01875013493463,controller
94643460,2027-09-19,35.206889904289724,35.68416297300117,35.82052273205937,274.01875013493463,274.6323829627043,controller
94643460,2027-09-26,35.20688990417389,35.64581092109182,35.7712132709009,274.6323829627043,275.1967063294313,controller
94643460,2027-10-03,35.206889903884296,35.61054071023699,35.72586615126545,275.1967063294313,275.71568257681247,controller
94643460,2027-10-10,35.206889903884296,35.57810469477566,35.68416297300117,275.71568257681247,276.1929556459293,controller
94643460,2027-10-17,35.206889903884296,35.54827512795586,35.64581092109182,276.1929556459293,276.63187666313684,controller
94643460,2027-10-24,35.206889903884296,35.52084256438039,35.61054071023699,276.63187666313684,277.0355274694895,controller
94643460,2027-10-31,35.20688990423181,35.49561438950462,35.57810469477566,277.0355274694895,277.4067422600334,controller
94643460,2027-11-07,35.206889904289724,35.4724134651825,35.54827512795586,277.4067422600334,277.7481274836996,controller
94643460,2027-11-14,35.206889904289724,35.45107688870336,35.52084256438039,277.7481274836996,278.06208014379024,controller
94643460,2027-11-21,35.206889904289724,35.4314548474477,35.49561438950462,278.06208014379024,278.35080462900515,controller
94643460,2027-11-28,35.20688990405805,35.413409566774256,35.4724134651825,278.35080462900515,278.6163281901296,controller
94643460,2027-12-05,35.206889903884296,35.39681434394335,35.45107688870336,278.6163281901296,278.86051517494866,controller
94643460,2027-12-12,35.206889903884296,35.38155265739215,35.4314548474477,278.86051517494866,279.08508011851205,controller
94643460,2027-12-19,35.206889903884296,35.36751734841944,35.413409566774256,279.08508011851205,279.291599781402,controller
94643460,2027-12-26,30.177334203329398,27.81027631865647,35.39681434394335,279.291599781402,284.51107992201594,controller
94643460,2028-01-02,51.625,59.655557504874004,35.38155265739215,284.51107992201594,268.2676325794081,controller
94643460,2028-01-09,51.625,60.670772963786995,35.36751734841944,268.2676325794081,252.0101499278275,controller
94643460,2028-01-16,51.625,61.68686562951078,27.81027631865647,252.0101499278275,228.19542624648398,controller
94643460,2028-01-23,51.625,63.17528585959475,59.655557504874004,228.19542624648398,236.225983751358,controller
94643460,2028-01-30,51.625,62.67337601554013,60.670772963786995,236.225983751358,245.271756715145,controller
94643460,2028-02-06,51.625,62.10801520530344,61.68686562951078,245.271756715145,255.33362234465574,controller
94723685,2026-08-30,0.17857142857142855,0.0,0.0,12.0,11.821428571428571,controller
94723685,2026-09-06,0.25,0.0,0.0,11.821428571428571,11.571428571428571,controller
94723685,2026-09-13,0.25,0.0,0.0,11.571428571428571,11.321428571428571,controller
94723685,2026-09-20,0.25,0.0,0.0,11.321428571428571,11.071428571428571,controller
94723685,2026-09-27,0.25,0.0,0.0,11.071428571428571,10.821428571428571,controller
94723685,2026-10-04,0.25,0.0,0.0,10.821428571428571,10.571428571428571,controller
94723685,2026-10-11,0.25,0.0,0.0,10.571428571428571,10.321428571428571,controller
94723685,2026-10-18,0.25,0.0,0.0,10.321428571428571,10.071428571428571,controller
94723685,2026-10-25,0.25,0.0,0.0,10.071428571428571,9.821428571428571,controller
94723685,2026-11-01,0.25,0.0,0.0,9.821428571428571,9.571428571428571,controller
94723685,2026-11-08,0.25,0.0,0.0,9.571428571428571,9.321428571428571,controller
94723685,2026-11-15,0.25,0.0,0.0,9.321428571428571,9.071428571428571,controller
94723685,2026-11-22,0.25,0.0,0.0,9.071428571428571,8.821428571428571,controller
94723685,2026-11-29,0.25,0.0,0.0,8.821428571428571,8.571428571428571,controller
94723685,2026-12-06,0.25,0.0,0.0,8.571428571428571,8.321428571428571,controller
94723685,2026-12-13,0.25,0.0,0.0,8.321428571428571,8.071428571428571,controller
94723685,2026-12-20,0.25,0.0,0.0,8.071428571428571,7.821428571428571,controller
94723685,2026-12-27,0.25000000000000006,0.0,0.0,7.821428571428571,7.571428571428571,controller
94723685,2027-01-03,0.25,0.0,0.0,7.571428571428571,7.321428571428571,controller
94723685,2027-01-10,0.25,0.0,0.0,7.321428571428571,7.071428571428571,controller
94723685,2027-01-17,0.25,0.0,0.0,7.071428571428571,6.821428571428571,controller
94723685,2027-01-24,0.25,0.0,0.0,6.821428571428571,6.571428571428571,controller
94723685,2027-01-31,0.25,0.0,0.0,6.571428571428571,6.321428571428571,controller
94723685,2027-02-07,0.25,0.0,0.0,6.321428571428571,6.071428571428571,controller
94723685,2027-02-14,0.25,0.0,0.0,6.071428571428571,5.821428571428571,controller
94723685,2027-02-21,0.25,0.011160714285714302,0.0,5.821428571428571,5.571428571428571,controller
94723685,2027-02-28,0.25,0.0267857142857143,0.0,5.571428571428571,5.321428571428571,controller
94723685,2027-03-07,0.25,0.0424107142857143,0.0,5.321428571428571,5.071428571428571,controller
94723685,2027-03-14,0.25,0.0580357142857143,0.011160714285714302,5.071428571428571,4.832589285714286,controller
94723685,2027-03-21,0.25,0.07296316964285715,0.0267857142857143,4.832589285714286,4.609375,controller
94723685,2027-03-28,0.25,0.0869140625,0.0424107142857143,4.609375,4.401785714285714,controller
94723685,2027-04-04,0.25,0.09988839285714285,0.0580357142857143,4.401785714285714,4.209821428571429,controller
94723685,2027-04-11,0.25,0.1118861607142857,0.07296316964285715,4.209821428571429,4.032784598214286,controller
94723685,2027-04-18,0.25,0.12295096261160715,0.0869140625,4.032784598214286,3.8696986607142856,controller
94723685,2027-04-25,0.25,0.13314383370535715,0.09988839285714285,3.8696986607142856,3.7195870535714284,controller
94723685,2027-05-02,0.25,0.14252580915178573,0.1118861607142857,3.7195870535714284,3.581473214285714,controller
94723685,2027-05-09,0.25,0.15115792410714288,0.12295096261160715,3.581473214285714,3.454424176897321,controller
94723685,2027-05-16,0.25,0.15909848894391743,0.13314383370535715,3.454424176897321,3.3375680106026784,controller
94723685,2027-05-23,0.25,0.1664019993373326,0.14252580915178573,3.3375680106026784,3.230093819754464,controller
94723685,2027-05-30,0.25,0.173119136265346,0.15115792410714288,3.230093819754464,3.1312517438616068,controller
94723685,2027-06-06,0.25,0.17929676600864958,0.15909848894391743,3.1312517438616068,3.0403502328055243,controller
94723685,2027-06-13,0.25,0.18497811044965473,0.1664019993373326,3.0403502328055243,2.9567522321428568,controller
94723685,2027-06-20,0.25,0.19020298549107145,0.173119136265346,2.9567522321428568,2.8798713684082027,controller
94723685,2027-06-27,0.25,0.19500803947448733,0.17929676600864958,2.8798713684082027,2.8091681344168524,controller
94723685,2027-07-04,0.25,0.19942699159894672,0.18497811044965473,2.8091681344168524,2.7441462448665073,controller
94723685,2027-07-11,0.25,0.2034908596958433,0.19020298549107145,2.7441462448665073,2.684349230357579,controller
94723685,2027-07-18,0.25,0.20722817310265132,0.19500803947448733,2.684349230357579,2.629357269832066,controller
94723685,2027-07-25,0.25,0.21066517063549586,0.19942699159894672,2.629357269832066,2.578784261431013,controller
94723685,2027-08-01,0.25,0.21382598366056169,0.2034908596958433,2.578784261431013,2.5322751211268564,controller
94723685,2027-08-08,0.25,0.21673280492957148,0.20722817310265132,2.5322751211268564,2.489503294229508,controller
94723685,2027-08-15,0.25,0.21940604411065576,0.21066517063549586,2.489503294229508,2.450168464865004,controller
94723685,2027-08-22,0.25,0.22186447094593725,0.21382598366056169,2.450168464865004,2.4139944485255658,controller
94723685,2027-08-29,0.25,0.22412534696715214,0.21673280492957148,2.4139944485255658,2.380727253455137,controller
94723685,2027-09-05,0.25,0.22620454665905393,0.21940604411065576,2.380727253455137,2.350133297565793,controller
94723685,2027-09-12,0.25,0.22811666890213794,0.22186447094593725,2.350133297565793,2.3219977685117303,controller
94723685,2027-09-19,0.25,0.22987513946801685,0.22412534696715214,2.3219977685117303,2.2961231154788826,controller
94723685,2027-09-26,0.25,0.23149230528256984,0.22620454665905393,2.2961231154788826,2.2723276621379367,controller
94723685,2027-10-03,0.25,0.23297952111637896,0.22811666890213794,2.2723276621379367,2.250444331040075,controller
94723685,2027-10-10,0.25,0.23434722930999533,0.22987513946801685,2.250444331040075,2.2303194705080918,controller
94723685,2027-10-17,0.25,0.23560503309324426,0.23149230528256984,2.2303194705080918,2.2118117757906615,controller
94723685,2027-10-24,0.25,0.23676176401308366,0.23297952111637896,2.2118117757906615,2.1947912969070402,controller
94723685,2027-10-31,0.25,0.23782554394330999,0.23434722930999533,2.1947912969070402,2.1791385262170357,controller
94723685,2027-11-07,0.25,0.23880384211143527,0.23560503309324426,2.1791385262170357,2.16474355931028,controller
94723685,2027-11-14,0.25,0.2397035275431075,0.23676176401308366,2.16474355931028,2.1515053233233634,controller
94723685,2027-11-21,0.25,0.2405309172922898,0.23782554394330999,2.1515053233233634,2.1393308672666733,controller
94723685,2027-11-28,0.25,0.24129182079583292,0.23880384211143527,2.1393308672666733,2.1281347093781084,controller
94723685,2027-12-05,0.25,0.24199158066386822,0.2397035275431075,2.1281347093781084,2.117838236921216,controller
94723685,2027-12-12,0.25,0.242635110192424,0.2405309172922898,2.117838236921216,2.1083691542135057,controller
94723685,2027-12-19,0.25,0.2432269278616559,0.24129182079583292,2.1083691542135057,2.0996609750093387,controller
94723685,2027-12-26,0.2142857142857143,0.19019976049048778,0.24199158066386822,2.0996609750093387,2.1273668413874924,controller
94723685,2028-01-02,0.25,0.24203957241328172,0.242635110192424,2.1273668413874924,2.1200019515799164,controller
94723685,2028-01-09,0.25,0.24249987802625522,0.2432269278616559,2.1200019515799164,2.1132288794415723,controller
94723685,2028-01-16,0.25,0.24292319503490173,0.19019976049048778,2.1132288794415723,2.05342863993206,controller
94723685,2028-01-23,0.25,0.24666071000424625,0.24203957241328172,2.05342863993206,2.045468212345342,controller
94723685,2028-01-30,0.25,0.24715823672841614,0.24249987802625522,2.045468212345342,2.037968090371597,controller
94723685,2028-02-06,0.25,0.24762699435177518,0.24292319503490173,2.037968090371597,2.030891285406499,controller
94723686,2026-08-30,0.08928571428571427,0.1339285714285714,0.0,0.0,0.0,controller
94723686,2026-09-06,0.125,0.1875,0.0,0.0,0.0,controller
94723686,2026-09-13,0.125,0.1875,0.0,0.0,0.0,controller
94723686,2026-09-20,0.125,0.1875,0.1339285714285714,0.0,0.008928571428571397,controller
94723686,2026-09-27,0.125,0.1869419642857143,0.1875,0.008928571428571397,0.0714285714285714,controller
94723686,2026-10-04,0.125,0.1830357142857143,0.1875,0.0714285714285714,0.1339285714285714,controller
94723686,2026-10-11,0.125,0.1791294642857143,0.1875,0.1339285714285714,0.1964285714285714,controller
94723686,2026-10-18,0.125,0.1752232142857143,0.1869419642857143,0.1964285714285714,0.2583705357142857,controller
94723686,2026-10-25,0.125,0.17135184151785715,0.1830357142857143,0.2583705357142857,0.31640625,controller
94723686,2026-11-01,0.125,0.167724609375,0.1791294642857143,0.31640625,0.3705357142857143,controller
94723686,2026-11-08,0.125,0.16434151785714285,0.1752232142857143,0.3705357142857143,0.4207589285714286,controller
94723686,2026-11-15,0.125,0.1612025669642857,0.17135184151785715,0.4207589285714286,0.4671107700892858,controller
94723686,2026-11-22,0.125,0.15830557686941965,0.167724609375,0.4671107700892858,0.5098353794642858,controller
94723686,2026-11-29,0.125,0.15563528878348215,0.16434151785714285,0.5098353794642858,0.5491768973214286,controller
94723686,2026-12-06,0.125,0.1531764439174107,0.1612025669642857,0.5491768973214286,0.5853794642857143,controller
94723686,2026-12-13,0.125,0.15091378348214285,0.15830557686941965,0.5853794642857143,0.6186850411551339,controller
94723686,2026-12-20,0.125,0.14883218492780415,0.15563528878348215,0.6186850411551339,0.6493203299386161,controller
94723686,2026-12-27,0.12500000000000003,0.14691747937883654,0.1531764439174107,0.6493203299386161,0.6774967738560268,controller
94723686,2027-01-03,0.125,0.14515645163399832,0.15091378348214285,0.6774967738560268,0.7034105573381697,controller
94723686,2027-01-10,0.125,0.1435368401663644,0.14883218492780415,0.7034105573381697,0.7272427422659739,controller
94723686,2027-01-17,0.125,0.14204732860837663,0.14691747937883654,0.7272427422659739,0.7491602216448103,controller
94723686,2027-01-24,0.125,0.14067748614719935,0.14515645163399832,0.7491602216448103,0.7693166732788086,controller
94723686,2027-01-31,0.125,0.13941770792007446,0.1435368401663644,0.7693166732788086,0.787853513445173,controller
94723686,2027-02-07,0.125,0.1382591554096767,0.14204732860837663,0.787853513445173,0.8049008420535496,controller
94723686,2027-02-14,0.125,0.13719369737165316,0.14067748614719935,0.8049008420535496,0.8205783282007489,controller
94723686,2027-02-21,0.125,0.13621385448745318,0.13941770792007446,0.8205783282007489,0.8349960361208234,controller
94723686,2027-02-28,0.125,0.13531274774244853,0.1382591554096767,0.8349960361208234,0.8482551915305001,controller
94723686,2027-03-07,0.125,0.13448405052934376,0.13719369737165316,0.8482551915305001,0.8604488889021533,controller
94723686,2027-03-14,0.125,0.1337219444436154,0.13621385448745318,0.8604488889021533,0.8716627433896065,controller
94723686,2027-03-21,0.125,0.1330210785381496,0.13531274774244853,0.8716627433896065,0.881975491132055,controller
94723686,2027-03-28,0.125,0.13237653180424658,0.13448405052934376,0.881975491132055,0.8914595416613986,controller
94723686,2027-04-04,0.125,0.13178377864616259,0.1337219444436154,0.8914595416613986,0.9001814861050139,controller
94723686,2027-04-11,0.125,0.13123865711843663,0.1330210785381496,0.9001814861050139,0.9082025646431635,controller
94723686,2027-04-18,0.125,0.13073733970980228,0.13237653180424658,0.9082025646431635,0.9155790964474102,controller
94723686,2027-04-25,0.125,0.13027630647203686,0.13178377864616259,0.9155790964474102,0.9223628750935728,controller
94723686,2027-05-02,0.125,0.1298523203066517,0.13123865711843663,0.9223628750935728,0.9286015322120096,controller
94723686,2027-05-09,0.125,0.1294624042367494,0.13073733970980228,0.9286015322120096,0.934338871921812,controller
94723686,2027-05-16,0.125,0.12910382050488675,0.13027630647203686,0.934338871921812,0.9396151783938489,controller
94723686,2027-05-23,0.125,0.12877405135038444,0.1298523203066517,0.9396151783938489,0.9444674987005006,controller
94723686,2027-05-30,0.125,0.1284707813312187,0.1294624042367494,0.9444674987005006,0.94892990293725,controller
94723686,2027-06-06,0.125,0.12819188106642188,0.12910382050488675,0.94892990293725,0.9530337234421367,controller
94723686,2027-06-13,0.125,0.12793539228486644,0.12877405135038444,0.9530337234421367,0.9568077747925212,controller
94723686,2027-06-20,0.125,0.12769951407546742,0.1284707813312187,0.9568077747925212,0.9602785561237399,controller
94723686,2027-06-27,0.125,0.12748259024226627,0.12819188106642188,0.9602785561237399,0.9634704371901619,controller
94723686,2027-07-04,0.125,0.12728309767561488,0.12793539228486644,0.9634704371901619,0.9664058294750284,controller
94723686,2027-07-11,0.125,0.12709963565781074,0.12769951407546742,0.9664058294750284,0.9691053435504959,controller
94723686,2027-07-18,0.125,0.126930916028094,0.12748259024226627,0.9691053435504959,0.9715879337927622,controller
94723686,2027-07-25,0.125,0.12677575413795236,0.12728309767561488,0.9715879337927622,0.9738710314683772,controller
94723686,2027-08-01,0.125,0.12663306053322643,0.12709963565781074,0.9738710314683772,0.9759706671261879,controller
94723686,2027-08-08,0.125,0.12650183330461326,0.126930916028094,0.9759706671261879,0.9779015831542819,controller
94723686,2027-08-15,0.125,0.12638115105285738,0.12677575413795236,0.9779015831542819,0.9796773372922343,controller
94723686,2027-08-22,0.125,0.12627016641923536,0.12663306053322643,0.9796773372922343,0.9813103978254607,controller
94723686,2027-08-29,0.125,0.1261681001359087,0.12650183330461326,0.9813103978254607,0.982812231130074,controller
94723686,2027-09-05,0.125,0.12607423555437036,0.12638115105285738,0.982812231130074,0.9841933821829314,controller
94723686,2027-09-12,0.125,0.1259879136135668,0.12627016641923536,0.9841933821829314,0.9854635486021668,controller
94723686,2027-09-19,0.125,0.1259085282123646,0.1261681001359087,0.9854635486021668,0.9866316487380755,controller
94723686,2027-09-26,0.125,0.12583552195387027,0.12607423555437036,0.9866316487380755,0.987705884292446,controller
94723686,2027-10-03,0.125,0.12576838223172213,0.1259879136135668,0.987705884292446,0.9886937979060129,controller
94723686,2027-10-10,0.125,0.1257066376308742,0.1259085282123646,0.9886937979060129,0.9896023261183775,controller
94723686,2027-10-17,0.125,0.12564985461760142,0.12583552195387027,0.9896023261183775,0.9904378480722478,controller
94723686,2027-10-24,0.125,0.1255976344954845,0.12576838223172213,0.9904378480722478,0.9912062303039699,controller
94723686,2027-10-31,0.125,0.1255496106060019,0.1257066376308742,0.9912062303039699,0.9919128679348441,controller
94723686,2027-11-07,0.125,0.12550544575407224,0.12564985461760142,0.9919128679348441,0.9925627225524456,controller
94723686,2027-11-14,0.125,0.12546482984047214,0.1255976344954845,0.9925627225524456,0.9931603570479302,controller
94723686,2027-11-21,0.125,0.12542747768450435,0.1255496106060019,0.9931603570479302,0.993709967653932,controller
94723686,2027-11-28,0.125,0.12539312702162925,0.12550544575407224,0.993709967653932,0.9942154134080043,controller
94723686,2027-12-05,0.125,0.12536153666199973,0.12546482984047214,0.9942154134080043,0.9946802432484765,controller
94723686,2027-12-12,0.125,0.12533248479697023,0.12542747768450435,0.9946802432484765,0.9951077209329808,controller
94723686,2027-12-19,0.125,0.1253057674416887,0.12539312702162925,0.9951077209329808,0.9955008479546101,controller
94723686,2027-12-26,0.10714285714285715,0.09849548271712259,0.12536153666199973,0.9955008479546101,1.0137195274737527,controller
94723686,2028-01-02,0.125,0.12414252953289046,0.12533248479697023,1.0137195274737527,1.014052012270723,controller
94723686,2028-01-09,0.125,0.12412174923307981,0.1253057674416887,1.014052012270723,1.0143577797124117,controller
94723686,2028-01-16,0.125,0.12410263876797427,0.09849548271712259,1.0143577797124117,0.9878532624295342,controller
94723686,2028-01-23,0.125,0.1257591710981541,0.12414252953289046,0.9878532624295342,0.9869957919624246,controller
94723686,2028-01-30,0.125,0.12581276300234845,0.12412174923307981,0.9869957919624246,0.9861175411955043,controller
94723686,2028-02-06,0.125,0.12586765367528097,0.12410263876797427,0.9861175411955043,0.9852201799634785,controller
94723687,2026-08-30,-0.4464285714285714,0.0,0.0,0.0,0.4464285714285714,controller
94723687,2026-09-06,-0.625,0.0,0.0,0.4464285714285714,1.0714285714285714,controller
94723687,2026-09-13,-0.625,0.0,0.0,1.0714285714285714,1.6964285714285714,controller
94723687,2026-09-20,-0.625,0.0,0.0,1.6964285714285714,2.321428571428571,controller
94723687,2026-09-27,-0.625,0.0,0.0,2.321428571428571,2.946428571428571,controller
94723687,2026-10-04,-0.625,0.0,0.0,2.946428571428571,3.571428571428571,controller
94723687,2026-10-11,-0.625,0.0,0.0,3.571428571428571,4.196428571428571,controller
94723687,2026-10-18,-0.625,0.0,0.0,4.196428571428571,4.821428571428571,controller
94723687,2026-10-25,-0.625,0.0,0.0,4.821428571428571,5.446428571428571,controller
94723687,2026-11-01,-0.625,0.0,0.0,5.446428571428571,6.071428571428571,controller
94723687,2026-11-08,-0.625,0.0,0.0,6.071428571428571,6.696428571428571,controller
94723687,2026-11-15,-0.625,0.0,0.0,6.696428571428571,7.321428571428571,controller
94723687,2026-11-22,-0.625,0.0,0.0,7.321428571428571,7.946428571428571,controller
94723687,2026-11-29,-0.625,0.0,0.0,7.946428571428571,8.571428571428571,controller
94723687,2026-12-06,-0.625,0.0,0.0,8.571428571428571,9.196428571428571,controller
94723687,2026-12-13,-0.625,0.0,0.0,9.196428571428571,9.821428571428571,controller
94723687,2026-12-20,-0.625,0.0,0.0,9.821428571428571,10.446428571428571,controller
94723687,2026-12-27,-0.625,0.0,0.0,10.446428571428571,11.071428571428571,controller
94723687,2027-01-03,-0.625,0.0,0.0,11.071428571428571,11.696428571428571,controller
94723687,2027-01-10,-0.625,0.0,0.0,11.696428571428571,12.321428571428571,controller
94723687,2027-01-17,-0.625,0.0,0.0,12.321428571428571,12.946428571428571,controller
94723687,2027-01-24,-0.625,0.0,0.0,12.946428571428571,13.571428571428571,controller
94723687,2027-01-31,-0.625,0.0,0.0,13.571428571428571,14.196428571428571,controller
94723687,2027-02-07,-0.625,0.0,0.0,14.196428571428571,14.821428571428571,controller
94723687,2027-02-14,-0.625,0.0,0.0,14.821428571428571,15.446428571428571,controller
94723687,2027-02-21,-0.625,0.0,0.0,15.446428571428571,16.07142857142857,controller
94723687,2027-02-28,-0.625,0.0,0.0,16.07142857142857,16.69642857142857,controller
94723687,2027-03-07,-0.625,0.0,0.0,16.69642857142857,17.32142857142857,controller
94723687,2027-03-14,-0.625,0.0,0.0,17.32142857142857,17.94642857142857,controller
94723687,2027-03-21,-0.625,0.0,0.0,17.94642857142857,18.57142857142857,controller
94723687,2027-03-28,-0.625,0.0,0.0,18.57142857142857,19.19642857142857,controller
94723687,2027-04-04,-0.625,0.0,0.0,19.19642857142857,19.82142857142857,controller
94723687,2027-04-11,-0.625,0.0,0.0,19.82142857142857,20.44642857142857,controller
94723687,2027-04-18,-0.625,0.0,0.0,20.44642857142857,21.07142857142857,controller
94723687,2027-04-25,-0.625,0.0,0.0,21.07142857142857,21.69642857142857,controller
94723687,2027-05-02,-0.625,0.0,0.0,21.69642857142857,22.32142857142857,controller
94723687,2027-05-09,-0.625,0.0,0.0,22.32142857142857,22.94642857142857,controller
94723687,2027-05-16,-0.625,0.0,0.0,22.94642857142857,23.57142857142857,controller
94723687,2027-05-23,-0.625,0.0,0.0,23.57142857142857,24.19642857142857,controller
94723687,2027-05-30,-0.625,0.0,0.0,24.19642857142857,24.82142857142857,controller
94723687,2027-06-06,-0.625,0.0,0.0,24.82142857142857,25.44642857142857,controller
94723687,2027-06-13,-0.625,0.0,0.0,25.44642857142857,26.07142857142857,controller
94723687,2027-06-20,-0.625,0.0,0.0,26.07142857142857,26.69642857142857,controller
94723687,2027-06-27,-0.625,0.0,0.0,26.69642857142857,27.32142857142857,controller
94723687,2027-07-04,-0.625,0.0,0.0,27.32142857142857,27.94642857142857,controller
94723687,2027-07-11,-0.625,0.0,0.0,27.94642857142857,28.57142857142857,controller
94723687,2027-07-18,-0.625,0.0,0.0,28.57142857142857,29.19642857142857,controller
94723687,2027-07-25,-0.625,0.0,0.0,29.19642857142857,29.82142857142857,controller
94723687,2027-08-01,-0.625,0.0,0.0,29.82142857142857,30.44642857142857,controller
94723687,2027-08-08,-0.625,0.0,0.0,30.44642857142857,31.07142857142857,controller
94723687,2027-08-15,-0.625,0.0,0.0,31.07142857142857,31.69642857142857,controller
94723687,2027-08-22,-0.625,0.0,0.0,31.69642857142857,32.32142857142857,controller
94723687,2027-08-29,-0.625,0.0,0.0,32.32142857142857,32.94642857142857,controller
94723687,2027-09-05,-0.625,0.0,0.0,32.94642857142857,33.57142857142857,controller
94723687,2027-09-12,-0.625,0.0,0.0,33.57142857142857,34.19642857142857,controller
94723687,2027-09-19,-0.625,0.0,0.0,34.19642857142857,34.82142857142857,controller
94723687,2027-09-26,-0.625,0.0,0.0,34.82142857142857,35.44642857142857,controller
94723687,2027-10-03,-0.625,0.0,0.0,35.44642857142857,36.07142857142857,controller
94723687,2027-10-10,-0.625,0.0,0.0,36.07142857142857,36.69642857142857,controller
94723687,2027-10-17,-0.625,0.0,0.0,36.69642857142857,37.32142857142857,controller
94723687,2027-10-24,-0.625,0.0,0.0,37.32142857142857,37.94642857142857,controller
94723687,2027-10-31,-0.625,0.0,0.0,37.94642857142857,38.57142857142857,controller
94723687,2027-11-07,-0.625,0.0,0.0,38.57142857142857,39.19642857142857,controller
94723687,2027-11-14,-0.625,0.0,0.0,39.19642857142857,39.82142857142857,controller
94723687,2027-11-21,-0.625,0.0,0.0,39.82142857142857,40.44642857142857,controller
94723687,2027-11-28,-0.625,0.0,0.0,40.44642857142857,41.07142857142857,controller
94723687,2027-12-05,-0.625,0.0,0.0,41.07142857142857,41.69642857142857,controller
94723687,2027-12-12,-0.625,0.0,0.0,41.69642857142857,42.32142857142857,controller
94723687,2027-12-19,-0.625,0.0,0.0,42.32142857142857,42.94642857142857,controller
94723687,2027-12-26,-0.5357142857142857,0.0,0.0,42.94642857142857,43.482142857142854,controller
94723687,2028-01-02,-0.625,0.0,0.0,43.482142857142854,44.107142857142854,controller
94723687,2028-01-09,-0.625,0.0,0.0,44.107142857142854,44.732142857142854,controller
94723687,2028-01-16,-0.625,0.0,0.0,44.732142857142854,45.357142857142854,controller
94723687,2028-01-23,-0.625,0.0,0.0,45.357142857142854,45.982142857142854,controller
94723687,2028-01-30,-0.625,0.0,0.0,45.982142857142854,46.607142857142854,controller
94723687,2028-02-06,-0.625,0.0,0.0,46.607142857142854,47.232142857142854,controller
94723688,2026-08-30,0.7843698705774542,0.0,0.0,25.0,24.215630129422546,controller
94723688,2026-09-06,1.098117818808436,0.13369984512374478,0.0,24.215630129422546,23.11751231061411,controller
94723688,2026-09-13,1.098117818808436,0.20233220879927205,0.0,23.11751231061411,22.019394491805674,controller
94723688,2026-09-20,1.098117818808436,0.2709645724747993,0.0,22.019394491805674,20.921276672997237,controller
94723688,2026-09-27,1.098117818808436,0.3395969361503266,0.13369984512374478,20.921276672997237,19.956858699312544,controller
94723688,2026-10-04,1.098117818808436,0.3998730595056199,0.20233220879927205,19.956858699312544,19.06107308930338,controller
94723688,2026-10-11,1.098117818808436,0.4558596601311926,0.2709645724747993,19.06107308930338,18.233919842969744,controller
94723688,2026-10-18,1.098117818808436,0.5075567380270449,0.3395969361503266,18.233919842969744,17.475398960311633,controller
94723688,2026-10-25,1.098117818808436,0.5549642931931769,0.3998730595056199,17.475398960311633,16.777154201008816,controller
94723688,2026-11-01,1.098117818808436,0.5986045906496029,0.4558596601311926,16.777154201008816,16.134896042331572,controller
94723688,2026-11-08,1.098117818808436,0.6387457255669307,0.5075567380270449,16.134896042331572,15.544334961550181,controller
94723688,2026-11-15,1.098117818808436,0.6756557931157676,0.5549642931931769,15.544334961550181,15.001181435934921,controller
94723688,2026-11-22,1.098117818808436,0.7096028884667214,0.5986045906496029,15.001181435934921,14.501668207776088,controller
94723688,2026-11-29,1.098117818808436,0.7408224652266484,0.6387457255669307,14.501668207776088,14.042296114534583,controller
94723688,2026-12-06,1.098117818808436,0.7695332210542425,0.6756557931157676,14.042296114534583,13.619834088841914,controller
94723688,2026-12-13,1.098117818808436,0.7959370976600343,0.7096028884667214,13.619834088841914,13.231319158500199,controller
94723688,2026-12-20,1.098117818808436,0.8202192808063915,0.7408224652266484,13.231319158500199,12.87402380491841,controller
94723688,2026-12-27,1.098117818808436,0.8425502404052533,0.7695332210542425,12.87402380491841,12.545439207164216,controller
94723688,2027-01-03,1.098117818808436,0.8630867777648904,0.7959370976600343,12.545439207164216,12.243258486015815,controller
94723688,2027-01-10,1.098117818808436,0.8819730728366655,0.8202192808063915,12.243258486015815,11.96535994801377,controller
94723688,2027-01-17,1.098117818808436,0.8993417314617933,0.8425502404052533,11.96535994801377,11.709792369610588,controller
94723688,2027-01-24,1.098117818808436,0.9153147051119922,0.8630867777648904,11.709792369610588,11.474761328567041,controller
94723688,2027-01-31,1.098117818808436,0.9300041451772139,0.8819730728366655,11.474761328567041,11.25861658259527,controller
94723688,2027-02-07,1.098117818808436,0.9435131918004496,0.8993417314617933,11.25861658259527,11.059840495248627,controller
94723688,2027-02-14,1.098117818808436,0.9559366972596147,0.9153147051119922,11.059840495248627,10.877037381552183,controller
94723688,2027-02-21,1.098117818808436,0.9673618918656425,0.9300041451772139,10.877037381552183,10.708923707920961,controller
94723688,2027-02-28,1.098117818808436,0.9778689964675938,0.9435131918004496,10.708923707920961,10.554319080912975,controller
94723688,2027-03-07,1.098117818808436,0.987531785655593,0.9559366972596147,10.554319080912975,10.412137959364154,controller
94723688,2027-03-14,1.098117818808436,0.9964181057523943,0.9673618918656425,10.412137959364154,10.28138203242136,controller
94723688,2027-03-21,1.098117818808436,1.004590351186319,0.9778689964675938,10.28138203242136,10.161133210080518,controller
94723688,2027-03-28,1.098117818808436,1.0121059025826216,0.987531785655593,10.161133210080518,10.050547176927674,controller
94723688,2027-04-04,1.098117818808436,1.0190175296546742,0.9964181057523943,10.050547176927674,9.948847463871632,controller
94723688,2027-04-11,1.098117818808436,1.0253737617206768,1.004590351186319,9.948847463871632,9.855319996249515,controller
94723688,2027-04-18,1.098117818808436,1.0312192284470592,1.0121059025826216,9.855319996249515,9.7693080800237,controller
94723688,2027-04-25,1.098117818808436,1.0365949732111726,1.0190175296546742,9.7693080800237,9.690207790869938,controller
94723688,2027-05-02,1.098117818808436,1.0415387412832828,1.0253737617206768,9.690207790869938,9.617463733782177,controller
94723688,2027-05-09,1.098117818808436,1.0460852448512679,1.0312192284470592,9.617463733782177,9.5505651434208,controller
94723688,2027-05-16,1.098117818808436,1.0502664067488539,1.0365949732111726,9.5505651434208,9.489042297823536,controller
94723688,2027-05-23,1.098117818808436,1.054111584598683,1.0415387412832828,9.489042297823536,9.432463220298382,controller
94723688,2027-05-30,1.098117818808436,1.057647776944005,1.0460852448512679,9.432463220298382,9.380430646341214,controller
94723688,2027-06-06,1.098117818808436,1.060899812816328,1.0502664067488539,9.380430646341214,9.332579234281631,controller
94723688,2027-06-13,1.098117818808436,1.063890526070052,1.054111584598683,9.332579234281631,9.288573000071878,controller
94723688,2027-06-20,1.098117818808436,1.0666409157081616,1.057647776944005,9.288573000071878,9.248102958207447,controller
94723688,2027-06-27,1.098117818808436,1.0691702933246885,1.060899812816328,9.248102958207447,9.210884952215338,controller
94723688,2027-07-04,1.098117818808436,1.0714964186991953,1.063890526070052,9.210884952215338,9.176657659476954,controller
94723688,2027-07-11,1.098117818808436,1.0736356244953442,1.0666409157081616,9.176657659476954,9.145180756376678,controller
94723688,2027-07-18,1.098117818808436,1.0756029309391115,1.0691702933246885,9.145180756376678,9.11623323089293,controller
94723688,2027-07-25,1.098117818808436,1.0774121512818458,1.0714964186991953,9.11623323089293,9.08961183078369,controller
94723688,2027-08-01,1.098117818808436,1.0790759887886732,1.0736356244953442,9.08961183078369,9.065129636470598,controller
94723688,2027-08-08,1.098117818808436,1.0806061259332416,1.0756029309391115,9.065129636470598,9.042614748601274,controller
94723688,2027-08-15,1.098117818808436,1.0820133064250743,1.0774121512818458,9.042614748601274,9.021909081074684,controller
94723688,2027-08-22,1.098117818808436,1.083307410645486,1.0790759887886732,9.021909081074684,9.002867251054921,controller
94723688,2027-08-29,1.098117818808436,1.0844975250217215,1.0806061259332416,9.002867251054921,8.985355558179727,controller
94723688,2027-09-05,1.098117818808436,1.085592005826421,1.0820133064250743,8.985355558179727,8.969251045796364,controller
94723688,2027-09-12,1.098117818808436,1.086598537850381,1.083307410645486,8.969251045796364,8.954440637633414,controller
94723688,2027-09-19,1.098117818808436,1.0875241883605655,1.0844975250217215,8.954440637633414,8.940820343846699,controller
94723688,2027-09-26,1.098117818808436,1.0883754567222352,1.085592005826421,8.940820343846699,8.928294530864683,controller
94723688,2027-10-03,1.098117818808436,1.0891583200336112,1.086598537850381,8.928294530864683,8.916775249906628,controller
94723688,2027-10-10,1.098117818808436,1.0898782750934897,1.0875241883605655,8.916775249906628,8.906181619458756,controller
94723688,2027-10-17,1.098117818808436,1.0905403769964817,1.0883754567222352,8.906181619458756,8.896439257372556,controller
94723688,2027-10-24,1.098117818808436,1.0911492746268692,1.0891583200336112,8.896439257372556,8.887479758597731,controller
94723688,2027-10-31,1.098117818808436,1.0917092433002957,1.0898782750934897,8.887479758597731,8.879240214882785,controller
94723688,2027-11-07,1.098117818808436,1.0922242147824799,1.0905403769964817,8.879240214882785,8.87166277307083,controller
94723688,2027-11-14,1.098117818808436,1.0926978048957272,1.0911492746268692,8.87166277307083,8.864694228889261,controller
94723688,2027-11-21,1.098117818808436,1.0931333389070752,1.0917092433002957,8.864694228889261,8.85828565338112,controller
94723688,2027-11-28,1.098117818808436,1.093533874876334,1.0922242147824799,8.85828565338112,8.852392049355164,controller
94723688,2027-12-05,1.098117818808436,1.0939022251279562,1.0926978048957272,8.852392049355164,8.846972035442455,controller
94723688,2027-12-12,1.098117818808436,1.0942409759975005,1.0931333389070752,8.846972035442455,8.841987555541094,controller
94723688,2027-12-19,1.098117818808436,1.0945525059913357,1.093533874876334,8.841987555541094,8.837403611608991,controller
94723688,2027-12-26,0.9412438446929451,0.8595280413138557,1.0939022251279562,8.837403611608991,8.990061992044001,controller
94723688,2028-01-02,1.875,2.2506211254972497,1.0942409759975005,8.990061992044001,8.209302968041502,controller
94723688,2028-01-09,1.875,2.2994185644974063,1.0945525059913357,8.209302968041502,7.428855474032838,controller
94723688,2028-01-16,1.875,2.3481965328729477,0.8595280413138557,7.428855474032838,6.413383515346695,controller
94723688,2028-01-23,1.875,2.4116635302908316,2.2506211254972497,6.413383515346695,6.789004640843945,controller
94723688,2028-01-30,1.875,2.3881872099472536,2.2994185644974063,6.789004640843945,7.213423205341352,controller
94723688,2028-02-06,1.875,2.3616610496661656,2.3481965328729477,7.213423205341352,7.686619738214299,controller
94723689,2026-08-30,0.5357142857142858,0.053571428571428714,0.0,12.0,11.464285714285714,controller
94723689,2026-09-06,0.75,0.4084821428571429,0.0,11.464285714285714,10.714285714285714,controller
94723689,2026-09-13,0.75,0.4553571428571429,0.0,10.714285714285714,9.964285714285714,controller
94723689,2026-09-20,0.75,0.5022321428571429,0.053571428571428714,9.964285714285714,9.267857142857142,controller
94723689,2026-09-27,0.75,0.5457589285714286,0.4084821428571429,9.267857142857142,8.926339285714285,controller
94723689,2026-10-04,0.75,0.5671037946428572,0.4553571428571429,8.926339285714285,8.631696428571427,controller
94723689,2026-10-11,0.75,0.5855189732142858,0.5022321428571429,8.631696428571427,8.38392857142857,controller
94723689,2026-10-18,0.75,0.6010044642857144,0.5457589285714286,8.38392857142857,8.179687499999998,controller
94723689,2026-10-25,0.75,0.6137695312500001,0.5671037946428572,8.179687499999998,7.996791294642856,controller
94723689,2026-11-01,0.75,0.6252005440848215,0.5855189732142858,7.996791294642856,7.832310267857142,controller
94723689,2026-11-08,0.75,0.6354806082589286,0.6010044642857144,7.832310267857142,7.683314732142858,controller
94723689,2026-11-15,0.75,0.6447928292410714,0.6137695312500001,7.683314732142858,7.547084263392858,controller
94723689,2026-11-22,0.75,0.6533072335379464,0.6252005440848215,7.547084263392858,7.422284807477679,controller
94723689,2026-11-29,0.75,0.6611071995326451,0.6354806082589286,7.422284807477679,7.307765415736608,controller
94723689,2026-12-06,0.75,0.668264661516462,0.6447928292410714,7.307765415736608,7.202558244977679,controller
94723689,2026-12-13,0.75,0.6748401096888951,0.6533072335379464,7.202558244977679,7.105865478515625,controller
94723689,2026-12-20,0.75,0.6808834075927734,0.6611071995326451,7.105865478515625,7.01697267804827,controller
94723689,2026-12-27,0.75,0.6864392076219832,0.668264661516462,7.01697267804827,6.935237339564732,controller
94723689,2027-01-03,0.75,0.6915476662772042,0.6748401096888951,6.935237339564732,6.860077449253627,controller
94723689,2027-01-10,0.75,0.6962451594216483,0.6808834075927734,6.860077449253627,6.7909608568464,controller
94723689,2027-01-17,0.75,0.7005649464471,0.6864392076219832,6.7909608568464,6.727400064468384,controller
94723689,2027-01-24,0.75,0.704537495970726,0.6915476662772042,6.727400064468384,6.668947730745588,controller
94723689,2027-01-31,0.75,0.7081907668284008,0.6962451594216483,6.668947730745588,6.615192890167236,controller
94723689,2027-02-07,0.75,0.7115504443645477,0.7005649464471,6.615192890167236,6.5657578366143365,controller
94723689,2027-02-14,0.75,0.714640135211604,0.704537495970726,6.5657578366143365,6.5202953325850626,controller
94723689,2027-02-21,0.75,0.7174815417134336,0.7081907668284008,6.5202953325850626,6.478486099413463,controller
94723689,2027-02-28,0.75,0.7200946187866586,0.7115504443645477,6.478486099413463,6.440036543778011,controller
94723689,2027-03-07,0.75,0.7224977160138744,0.714640135211604,6.440036543778011,6.404676678989615,controller
94723689,2027-03-14,0.75,0.7247077075631491,0.7174815417134336,6.404676678989615,6.3721582207030485,controller
94723689,2027-03-21,0.75,0.7267401112060594,0.7200946187866586,6.3721582207030485,6.342252839489707,controller
94723689,2027-03-28,0.75,0.7286091975318933,0.7224977160138744,6.342252839489707,6.314750555503582,controller
94723689,2027-04-04,0.75,0.7303280902810261,0.7247077075631491,6.314750555503582,6.289458263066731,controller
94723689,2027-04-11,0.75,0.7319088585583293,0.7267401112060594,6.289458263066731,6.26619837427279,controller
94723689,2027-04-18,0.75,0.7333626016079506,0.7286091975318933,6.26619837427279,6.244807571804683,controller
94723689,2027-04-25,0.75,0.7346995267622073,0.7303280902810261,6.244807571804683,6.22513566208571,controller
94723689,2027-05-02,0.75,0.7359290211196432,0.7319088585583293,6.22513566208571,6.207044520644039,controller
94723689,2027-05-09,0.75,0.7370597174597475,0.7333626016079506,6.207044520644039,6.190407122251989,controller
94723689,2027-05-16,0.75,0.7380995548592506,0.7346995267622073,6.190407122251989,6.175106649014197,controller
94723689,2027-05-23,0.75,0.7390558344366127,0.7359290211196432,6.175106649014197,6.16103567013384,controller
94723689,2027-05-30,0.7500000000000001,0.7399352706166351,0.7370597174597475,6.16103567013384,6.148095387593587,controller
94723689,2027-06-06,0.75,0.7407440382754008,0.7380995548592506,6.148095387593587,6.136194942452837,controller
94723689,2027-06-13,0.75,0.7414878160966977,0.7390558344366127,6.136194942452837,6.12525077688945,controller
94723689,2027-06-20,0.75,0.7421718264444094,0.7399352706166351,6.12525077688945,6.115186047506085,controller
94723689,2027-06-27,0.75,0.7428008720308696,0.7407440382754008,6.115186047506085,6.105930085781486,controller
94723689,2027-07-04,0.75,0.7433793696386571,0.7414878160966977,6.105930085781486,6.097417901878184,controller
94723689,2027-07-11,0.75,0.7439113811326135,0.7421718264444094,6.097417901878184,6.0895897283225935,controller
94723689,2027-07-18,0.75,0.7444006419798379,0.7428008720308696,6.0895897283225935,6.082390600353463,controller
94723689,2027-07-25,0.75,0.7448505874779086,0.7433793696386571,6.082390600353463,6.075769969992121,controller
94723689,2027-08-01,0.75,0.7452643768754925,0.7439113811326135,6.075769969992121,6.069681351124734,controller
94723689,2027-08-08,0.75,0.7456449155547041,0.7444006419798379,6.069681351124734,6.064081993104572,controller
94723689,2027-08-15,0.75,0.7459948754309642,0.7448505874779086,6.064081993104572,6.05893258058248,controller
94723689,2027-08-22,0.75,0.746316713713595,0.7452643768754925,6.05893258058248,6.054196957457973,controller
94723689,2027-08-29,0.75,0.7466126901588768,0.7456449155547041,6.054196957457973,6.049841873012677,controller
94723689,2027-09-05,0.75,0.7468848829367076,0.7459948754309642,6.049841873012677,6.045836748443641,controller
94723689,2027-09-12,0.75,0.7471352032222724,0.746316713713595,6.045836748443641,6.042153462157236,controller
94723689,2027-09-19,0.75,0.7473654086151728,0.7466126901588768,6.042153462157236,6.0387661523161125,controller
94723689,2027-09-26,0.7500000000000001,0.7475771154802431,0.7468848829367076,6.0387661523161125,6.03565103525282,controller
94723689,2027-10-03,0.75,0.7477718102966988,0.7471352032222724,6.03565103525282,6.032786238475092,controller
94723689,2027-10-10,0.75,0.7479508600953068,0.7473654086151728,6.032786238475092,6.030151647090265,controller
94723689,2027-10-17,0.75,0.7481155220568585,0.7475771154802431,6.030151647090265,6.027728762570508,controller
94723689,2027-10-24,0.75,0.7482669523393433,0.7477718102966988,6.027728762570508,6.025500572867207,controller
94723689,2027-10-31,0.75,0.7484062141957996,0.7479508600953068,6.025500572867207,6.0234514329625135,controller
94723689,2027-11-07,0.75,0.7485342854398429,0.7481155220568585,6.0234514329625135,6.021566955019372,controller
94723689,2027-11-14,0.75,0.7486520653112892,0.7482669523393433,6.021566955019372,6.0198339073587155,controller
94723689,2027-11-21,0.75,0.7487603807900802,0.7484062141957996,6.0198339073587155,6.018240121554515,controller
94723689,2027-11-28,0.75,0.7488599924028427,0.7485342854398429,6.018240121554515,6.016774406994358,controller
94723689,2027-12-05,0.75,0.7489515995628526,0.7486520653112892,6.016774406994358,6.015426472305648,controller
94723689,2027-12-12,0.75,0.749035845480897,0.7487603807900802,6.015426472305648,6.014186853095728,controller
94723689,2027-12-19,0.75,0.749113321681517,0.7488599924028427,6.014186853095728,6.013046845498571,controller
94723689,2027-12-26,0.6428571428571429,0.5884702864420537,0.7489515995628526,6.013046845498571,6.11914130220428,controller
94723689,2028-01-02,0.75,0.7425536686122325,0.749035845480897,6.11914130220428,6.118177147685177,controller
94723689,2028-01-09,0.75,0.7426139282696764,0.749113321681517,6.118177147685177,6.1172904693666945,controller
94723689,2028-01-16,0.75,0.7426693456645816,0.5884702864420537,6.1172904693666945,5.955760755808749,controller
94723689,2028-01-23,0.75,0.7527649527619532,0.7425536686122325,5.955760755808749,5.948314424420981,controller
94723689,2028-01-30,0.75,0.7532303484736886,0.7426139282696764,5.948314424420981,5.9409283526906576,controller
94723689,2028-02-06,0.75,0.7536919779568338,0.7426693456645816,5.9409283526906576,5.933597698355239,controller
94799734,2026-08-30,475.156825863605,20.0,380.0,13479.0,13383.843174136395,plan
94799734,2026-09-06,665.219556209047,56.0,176.0,13383.843174136395,12894.623617927347,plan
94799734,2026-09-13,665.219556209047,132.0,80.0,12894.623617927347,12309.4040617183,plan
94799734,2026-09-20,665.219556209047,244.0,20.0,12309.4040617183,11664.184505509253,plan
94799734,2026-09-27,676.4100790225227,260.0,56.0,11664.184505509253,11043.77442648673,plan
94799734,2026-10-04,691.3307761071571,280.0,132.0,11043.77442648673,10484.443650379573,plan
94799734,2026-10-11,691.3307761071571,276.0,244.0,10484.443650379573,10037.112874272416,plan
94799734,2026-10-18,691.3307761071571,288.0,260.0,10037.112874272416,9605.782098165259,plan
94799734,2026-10-25,691.3307761071571,296.0,280.0,9605.782098165259,9194.451322058101,plan
94799734,2026-11-01,720.0531180044344,505.4264693780203,276.0,9194.451322058101,8750.398204053667,controller
94799734,2026-11-08,720.0531180044344,533.1797892532975,288.0,8750.398204053667,8318.345086049232,controller
94799734,2026-11-15,720.0531180044344,560.1831091285746,296.0,8318.345086049232,7894.291968044798,controller
94799734,2026-11-22,720.0531180044344,586.6864290038518,505.4264693780203,7894.291968044798,7679.665319418384,controller
94799734,2026-11-29,742.620672326232,633.9519260256991,533.1797892532975,7679.665319418384,7470.224436345449,controller
94799734,2026-12-06,751.6476940549511,660.5825138108361,560.1831091285746,7470.224436345449,7278.759851419073,controller
94799734,2026-12-13,751.6476940549511,672.5490503687346,586.6864290038518,7278.759851419073,7113.798586367974,controller
94799734,2026-12-20,751.6476940549511,682.8591294344283,633.9519260256991,7113.798586367974,6996.1028183387225,controller
94799734,2026-12-27,761.5774179642941,705.109700800271,660.5825138108361,6996.1028183387225,6895.107914185264,controller
94799734,2027-01-03,786.4017277376518,748.6583469698986,672.5490503687346,6895.107914185264,6781.255236816347,controller
94799734,2027-01-10,786.4017277376518,755.774139305456,682.8591294344283,6781.255236816347,6677.712638513123,controller
94799734,2027-01-17,786.4017277376518,762.2455516994074,705.109700800271,6677.712638513123,6596.420611575742,controller
94799734,2027-01-24,786.4017277376518,767.3263033829937,748.6583469698986,6596.420611575742,6558.67723080799,controller
94799734,2027-01-31,819.169816647076,818.8373980451147,755.774139305456,6558.67723080799,6495.28155346637,controller
94799734,2027-02-07,824.6311647986468,830.991650106322,762.2455516994074,6495.28155346637,6432.895940367131,controller
94799734,2027-02-14,824.6311647986468,834.8907509250245,767.3263033829937,6432.895940367131,6375.591078951477,controller
94799734,2027-02-21,824.6311647986468,838.4723047635027,818.8373980451147,6375.591078951477,6369.797312197946,controller
94799734,2027-02-28,1058.3288536636574,1189.3809484831145,830.991650106322,6369.797312197946,6142.46010864061,controller
94799734,2027-03-07,1097.2784684744925,1262.0139459217005,834.8907509250245,6142.46010864061,5880.072391091142,controller
94799734,2027-03-14,1097.2784684744925,1278.4131782685422,838.4723047635027,5880.072391091142,5621.2662273801525,controller
94799734,2027-03-21,1097.2784684744925,1294.5885635004793,1189.3809484831145,5621.2662273801525,5713.368707388774,controller
94799734,2027-03-28,1126.9858018122936,1333.393158506642,1262.0139459217005,5713.368707388774,5848.396851498181,controller
94799734,2027-04-04,1166.5955795960285,1384.3685661754066,1278.4131782685422,5848.396851498181,5960.214450170693,controller
94799734,2027-04-11,1166.5955795960285,1377.3799662583745,1294.5885635004793,5960.214450170693,6088.207434075144,controller
94799734,2027-04-18,1166.5955795960285,1369.3804047643462,1333.393158506642,6088.207434075144,6255.005012985757,controller
94799734,2027-04-25,1177.488268488694,1375.2945894214313,1384.3685661754066,6255.005012985757,6461.885310672469,controller
94799734,2027-05-02,1242.844401844688,1460.3987708500026,1377.3799662583745,6461.885310672469,6596.420875086155,controller
94799734,2027-05-09,1242.844401844688,1451.9902980741474,1369.3804047643462,6596.420875086155,6722.956878005813,controller
94799734,2027-05-16,1242.844401844688,1444.0817978916687,1375.2945894214313,6722.956878005813,6855.407065582556,controller
94799734,2027-05-23,1242.844401844688,1435.8036611681223,1460.3987708500026,6855.407065582556,7072.961434587871,controller
94799734,2027-05-30,1302.754190728063,1512.0711964303523,1451.9902980741474,7072.961434587871,7222.197541933956,controller
94799734,2027-06-06,1326.718106281413,1538.6898130512473,1444.0817978916687,7222.197541933956,7339.561233544213,controller
94799734,2027-06-13,1326.718106281413,1531.354582325606,1435.8036611681223,7339.561233544213,7448.646788430922,controller
94799734,2027-06-20,1326.718106281413,1524.5367351451869,1512.0711964303523,7448.646788430922,7633.999878579862,controller
94799734,2027-06-27,1366.2585670847802,1572.262858215929,1538.6898130512473,7633.999878579862,7806.431124546329,controller
94799734,2027-07-04,1418.97918148927,1640.5668269497596,1531.354582325606,7806.431124546329,7918.806525382664,controller
94799734,2027-07-11,1418.97918148927,1633.5433643974886,1524.5367351451869,7918.806525382664,8024.36407903858,controller
94799734,2027-07-18,1418.97918148927,1626.946017293994,1572.262858215929,8024.36407903858,8177.647755765238,controller
94799734,2027-07-25,1418.97918148927,1617.365787498578,1640.5668269497596,8177.647755765238,8399.235401225727,controller
94799734,2027-08-01,1491.7424109896942,1712.6614039079334,1633.5433643974886,8399.235401225727,8541.036354633521,controller
94799734,2027-08-08,1491.7424109896942,1703.7988443199463,1626.946017293994,8541.036354633521,8676.23996093782,controller
94799734,2027-08-15,1491.7424109896942,1695.3486189259274,1617.365787498578,8676.23996093782,8801.863337446704,controller
94799734,2027-08-22,1491.7424109896942,1687.4971578941222,1712.6614039079334,8801.863337446704,9022.782330364944,controller
94799734,2027-08-29,1491.7424109896942,1673.6897208367322,1703.7988443199463,9022.782330364944,9234.838763695196,controller
94799734,2027-09-05,1491.742410989694,1660.4361937535914,1695.3486189259274,9234.838763695196,9438.444971631428,controller
94799734,2027-09-12,1491.742410989694,1647.7108057575767,1687.4971578941222,9438.444971631428,9634.199718535856,controller
94799734,2027-09-19,1491.742410989694,1635.4761340760501,1673.6897208367322,9634.199718535856,9816.147028382893,controller
94799734,2027-09-26,1491.7424109896942,1624.1044272106105,1660.4361937535914,9816.147028382893,9984.840811146789,controller
94799734,2027-10-03,1491.7424109896942,1613.561065787867,1647.7108057575767,9984.840811146789,10140.809205914671,controller
94799734,2027-10-10,1491.7424109896942,1603.8130411148745,1635.4761340760501,10140.809205914671,10284.542929001027,controller
94799734,2027-10-17,1491.7424109896942,1594.8296834219773,1624.1044272106105,10284.542929001027,10416.904945221942,controller
94799734,2027-10-24,1491.7424109896942,1586.5570574081698,1613.561065787867,10416.904945221942,10538.723600020114,controller
94799734,2027-10-31,1491.742410989694,1578.943391483284,1603.8130411148745,10538.723600020114,10650.794230145293,controller
94799734,2027-11-07,1491.742410989694,1571.9389771004603,1594.8296834219773,10650.794230145293,10753.881502577575,controller
94799734,2027-11-14,1491.742410989694,1565.4960225734426,1586.5570574081698,10753.881502577575,10848.69614899605,controller
94799734,2027-11-21,1491.742410989694,1559.5701071722879,1578.943391483284,10848.69614899605,10935.89712948964,controller
94799734,2027-11-28,1491.7424109896942,1554.1200458914388,1571.9389771004603,10935.89712948964,11016.093695600406,controller
94799734,2027-12-05,1491.7424109896942,1549.107760509516,1565.4960225734426,11016.093695600406,11089.847307184154,controller
94799734,2027-12-12,1491.7424109896942,1544.4981597855317,1559.5701071722879,11089.847307184154,11157.675003366747,controller
94799734,2027-12-19,1491.7424109896942,1540.2589287741198,1554.1200458914388,11157.675003366747,11220.052638268491,controller
94799734,2027-12-26,1278.6363522768806,1216.7012385235403,1549.107760509516,11220.052638268491,11490.524046501127,controller
94799734,2028-01-02,690.0,316.8422470936796,1544.4981597855317,11490.524046501127,12345.022206286658,controller
94799734,2028-01-09,690.0,263.4361121070839,1540.2589287741198,12345.022206286658,13195.281135060777,controller
94799734,2028-01-16,690.0,210.29492905870143,1216.7012385235403,13195.281135060777,13721.982373584317,controller
94799734,2028-01-23,690.0,177.37610165098022,316.8422470936796,13721.982373584317,13348.824620677997,controller
94799734,2028-01-30,690.0,200.6984612076252,263.4361121070839,13348.824620677997,12922.26073278508,controller
94799734,2028-02-06,690.0,227.3587042009325,210.29492905870143,12922.26073278508,12442.555661843782,controller
94799736,2026-08-30,265.4019006157242,0.0,0.0,8766.0,8500.598099384275,controller
94799736,2026-09-06,371.5626608620139,26.056610081503663,0.0,8500.598099384275,8129.035438522261,controller
94799736,2026-09-13,371.5626608620139,49.279276385379546,0.0,8129.035438522261,7757.472777660247,controller
94799736,2026-09-20,371.5626608620139,72.50194268925543,0.0,7757.472777660247,7385.910116798233,controller
94799736,2026-09-27,371.56266086196047,95.72460899305116,26.056610081503663,7385.910116798233,7040.404066017776,controller
94799736,2026-10-04,371.5626608618891,117.31873716672268,49.279276385379546,7040.404066017776,6718.120681541266,controller
94799736,2026-10-11,371.5626608618891,137.46144869650456,72.50194268925543,6718.120681541266,6419.059963368632,controller
94799736,2026-10-18,371.5626608618891,156.15274358229416,95.72460899305116,6419.059963368632,6143.221911499794,controller
94799736,2026-10-25,371.5626608618891,173.39262182409655,117.31873716672268,6143.221911499794,5888.977987804627,controller
94799736,2026-11-01,371.5626608620139,189.28286705523163,137.46144869650456,5888.977987804627,5654.876775639118,controller
94799736,2026-11-08,371.5626608620139,203.91419281557597,156.15274358229416,5654.876775639118,5439.466858359398,controller
94799736,2026-11-15,371.5626608620139,217.37731264555845,173.39262182409655,5439.466858359398,5241.296819321481,controller
94799736,2026-11-22,371.5626608620139,229.76294008542828,189.28286705523163,5241.296819321481,5059.017025514699,controller
94799736,2026-11-29,371.5626608619248,241.15542719821858,203.91419281557597,5059.017025514699,4891.3685574683495,controller
94799736,2026-12-06,371.5626608618891,251.63345645106185,217.37731264555845,4891.3685574683495,4737.183209252018,controller
94799736,2026-12-13,371.5626608618891,261.2700407145826,229.76294008542828,4737.183209252018,4595.383488475557,controller
94799736,2026-12-20,371.5626608618891,270.13252326311135,241.15542719821858,4595.383488475557,4464.976254811886,controller
94799736,2026-12-27,371.5626608618892,278.2829753670909,251.63345645106185,4464.976254811886,4345.047050401058,controller
94799736,2027-01-03,371.5626608618891,285.7785506427675,261.2700407145826,4345.047050401058,4234.754430253752,controller
94799736,2027-01-10,371.5626608618891,292.67183940197424,270.13252326311135,4234.754430253752,4133.324292654974,controller
94799736,2027-01-17,371.5626608618891,299.01122300189786,278.2829753670909,4133.324292654974,4040.044607160176,controller
94799736,2027-01-24,371.5626608618891,304.8412033453227,285.7785506427675,4040.044607160176,3954.2604969410545,controller
94799736,2027-01-31,371.5626608622328,310.2027102345333,292.67183940197424,3954.2604969410545,3875.3696754807956,controller
94799736,2027-02-07,371.5626608622901,315.1333865758854,299.01122300189786,3875.3696754807956,3802.8182376204036,controller
94799736,2027-02-14,371.5626608622901,319.66785144215993,304.8412033453227,3802.8182376204036,3736.0967801034362,controller
94799736,2027-02-21,371.5626608622901,323.8379425369704,310.2027102345333,3736.0967801034362,3674.7368294756793,controller
94799736,2027-02-28,371.5626608619464,327.6729394506897,315.1333865758854,3674.7368294756793,3618.3075551896186,controller
94799736,2027-03-07,371.5626608618891,331.19976909348253,319.66785144215993,3618.3075551896186,3566.4127457698896,controller
94799736,2027-03-14,371.5626608618891,334.44319468221556,323.8379425369704,3566.4127457698896,3518.688027444971,controller
94799736,2027-03-21,371.5626608618891,337.425989577523,327.6729394506897,3518.688027444971,3474.7983060337715,controller
94799736,2027-03-28,371.5626608619426,340.16909716580324,331.19976909348253,3474.7983060337715,3434.4354142653115,controller
94799736,2027-04-04,371.5626608620139,342.69177790143885,334.44319468221556,3434.4354142653115,3397.315948085513,controller
94799736,2027-04-11,371.5626608620139,345.0117445376763,337.425989577523,3397.315948085513,3363.179276801022,controller
94799736,2027-04-18,371.5626608620139,347.145286492957,340.16909716580324,3363.179276801022,3331.7857131048113,controller
94799736,2027-04-25,371.5626608619961,349.1073842239434,342.69177790143885,3331.7857131048113,3302.914830144254,controller
94799736,2027-05-02,371.5626608618891,350.9118144088178,345.0117445376763,3302.914830144254,3276.3639138200415,controller
94799736,2027-05-09,371.5626608618891,352.5712466790811,347.145286492957,3276.3639138200415,3251.9465394511094,controller
94799736,2027-05-16,371.5626608618891,354.09733257713935,349.1073842239434,3251.9465394511094,3229.4912628131638,controller
94799736,2027-05-23,371.5626608618891,355.50078736701096,350.9118144088178,3229.4912628131638,3208.8404163600926,controller
94799736,2027-05-30,371.5626608619782,356.7914652704615,352.5712466790811,3208.8404163600926,3189.8490021771954,controller
94799736,2027-06-06,371.5626608620139,357.9784286569461,354.09733257713935,3189.8490021771954,3172.383673892321,controller
94799736,2027-06-13,371.5626608620139,359.0700116747508,355.50078736701096,3172.383673892321,3156.321800397318,controller
94799736,2027-06-20,371.5626608620139,360.0738787681885,356.7914652704615,3156.321800397318,3141.550604805766,controller
94799736,2027-06-27,371.56266086196047,360.99707849258033,357.9784286569461,3141.550604805766,3127.9663726007516,controller
94799736,2027-07-04,371.5626608618891,361.8460930052867,359.0700116747508,3127.9663726007516,3115.4737234136132,controller
94799736,2027-07-11,371.5626608618891,362.62688357948286,360.0738787681885,3115.4737234136132,3103.9849413199127,controller
94799736,2027-07-18,371.5626608618891,363.3449324603391,360.99707849258033,3103.9849413199127,3093.419358950604,controller
94799736,2027-07-25,371.5626608618891,364.0052813584209,361.8460930052867,3093.419358950604,3083.7027910940014,controller
94799736,2027-08-01,371.5626608618891,364.61256684945863,362.62688357948286,3083.7027910940014,3074.767013811595,controller
94799736,2027-08-08,371.5626608618891,365.171052929609,363.3449324603391,3074.767013811595,3066.5492854100453,controller
94799736,2027-08-15,371.5626608618891,365.68466095470586,364.0052813584209,3066.5492854100453,3058.9919059065774,controller
94799736,2027-08-22,371.5626608618891,366.1569971736726,364.61256684945863,3058.9919059065774,3052.041811894147,controller
94799736,2027-08-29,371.56266086196047,366.5913780495565,365.171052929609,3052.041811894147,3045.6502039617953,controller
94799736,2027-09-05,371.5626608620139,366.99085354540864,365.68466095470586,3045.6502039617953,3039.7722040544877,controller
94799736,2027-09-12,371.5626608620139,367.35822853961537,366.1569971736726,3039.7722040544877,3034.366540366146,controller
94799736,2027-09-19,371.5626608620139,367.6960825201367,366.5913780495565,3034.366540366146,3029.3952575536887,controller
94799736,2027-09-26,371.5626608619782,368.00678769586176,366.99085354540864,3029.3952575536887,3024.8234502371192,controller
94799736,2027-10-03,371.5626608618891,368.29252565301374,367.35822853961537,3024.8234502371192,3020.6190179148457,controller
94799736,2027-10-10,371.5626608618891,368.55530267315584,367.6960825201367,3020.6190179148457,3016.7524395730934,controller
94799736,2027-10-17,371.5626608618891,368.7969638195153,368.00678769586176,3016.7524395730934,3013.1965664070663,controller
94799736,2027-10-24,371.5626608618891,369.01920589239205,368.29252565301374,3013.1965664070663,3009.926431198191,controller
94799736,2027-10-31,371.5626608619961,369.2235893431072,368.55530267315584,3009.926431198191,3006.919073009351,controller
94799736,2027-11-07,371.5626608620139,369.41154922993644,368.7969638195153,3006.919073009351,3004.1533759668528,controller
94799736,2027-11-14,371.5626608620139,369.58440529509255,369.01920589239205,3004.1533759668528,3001.609920997231,controller
94799736,2027-11-21,371.5626608620139,369.7433712306939,369.2235893431072,3001.609920997231,2999.2708494783237,controller
94799736,2027-11-28,371.5626608619426,369.8895632005187,369.41154922993644,2999.2708494783237,2997.1197378463175,controller
94799736,2027-12-05,371.5626608618891,370.0240076774388,369.58440529509255,2997.1197378463175,2995.141482279521,controller
94799736,2027-12-12,371.5626608618891,370.14764865036364,369.7433712306939,2995.141482279521,2993.3221926483257,controller
94799736,2027-12-19,371.5626608618891,370.26135425231337,369.8895632005187,2993.3221926483257,2991.6490949869553,controller
94799736,2027-12-26,318.48228073876214,290.7453526714585,370.0240076774388,2991.6490949869553,3043.190821925632,controller
94799736,2028-01-02,629.125,753.4880736296479,370.14764865036364,3043.190821925632,2784.2134705759954,controller
94799736,2028-01-09,629.125,769.6741580890002,370.26135425231337,2784.2134705759954,2525.3498248283086,controller
94799736,2028-01-16,629.125,785.8531359482307,290.7453526714585,2525.3498248283086,2186.970177499767,controller
94799736,2028-01-23,629.125,807.0018639062646,753.4880736296479,2186.970177499767,2311.3332511294147,controller
94799736,2028-01-30,629.125,799.2291718044116,769.6741580890002,2311.3332511294147,2451.882409218415,controller
94799736,2028-02-06,629.125,790.4448494238491,785.8531359482307,2451.882409218415,2608.610545166646,controller
94799737,2026-08-30,1917.2978907107847,48.0,2076.0,32883.0,33041.70210928922,plan
94799737,2026-09-06,2684.2170469950984,96.0,768.0,33041.70210928922,31125.48506229412,plan
94799737,2026-09-13,2684.2170469950984,336.0,396.0,31125.48506229412,28837.26801529902,plan
94799737,2026-09-20,2684.2170469950984,636.0,48.0,28837.26801529902,26201.050968303924,plan
94799737,2026-09-27,2716.124264104671,816.0,96.0,26201.050968303924,23580.926704199253,plan
94799737,2026-10-04,2758.667220250768,888.0,336.0,23580.926704199253,21158.259483948485,plan
94799737,2026-10-11,2758.667220250768,1104.0,636.0,21158.259483948485,19035.592263697716,plan
94799737,2026-10-18,2758.667220250768,1200.0,816.0,19035.592263697716,17092.925043446947,plan
94799737,2026-10-25,2758.667220250768,1212.0,888.0,17092.925043446947,15222.257823196178,plan
94799737,2026-11-01,2840.5624106897935,3309.452502084929,1104.0,15222.257823196178,13485.695412506384,controller
94799737,2026-11-08,2840.5624106897935,3417.9876527530414,1200.0,13485.695412506384,11845.13300181659,controller
94799737,2026-11-15,2840.5624106897935,3520.522803421153,1212.0,11845.13300181659,10216.570591126796,controller
94799737,2026-11-22,2840.5624106897935,3622.3079540892654,3309.452502084929,10216.570591126796,10685.46068252193,controller
94799737,2026-11-29,2904.9086319174357,3689.521655218533,3417.9876527530414,10685.46068252193,11198.539703357535,controller
94799737,2026-12-06,2930.6471204084924,3696.0619491528923,3520.522803421153,11198.539703357535,11788.415386370198,controller
94799737,2026-12-13,2930.6471204084924,3659.194718964601,3622.3079540892654,11788.415386370198,12480.07622005097,controller
94799737,2026-12-20,2930.6471204084924,3615.9659168595526,3689.521655218533,12480.07622005097,13238.950754861013,controller
94799737,2026-12-27,2958.959457755249,3611.00476445406,3696.0619491528923,13238.950754861013,13976.053246258656,controller
94799737,2027-01-03,3029.74030112214,3671.107123792044,3659.194718964601,13976.053246258656,14605.507664101118,controller
94799737,2027-01-10,3029.74030112214,3631.76622267689,3615.9659168595526,14605.507664101118,15191.733279838532,controller
94799737,2027-01-17,3029.74030112214,3595.127121693302,3611.00476445406,15191.733279838532,15772.997743170454,controller
94799737,2027-01-24,3029.74030112214,3558.7980927350563,3671.107123792044,15772.997743170454,16414.36456584036,controller
94799737,2027-01-31,3123.1710135358517,3658.8587349387553,3631.76622267689,16414.36456584036,16922.9597749814,controller
94799737,2027-02-07,3138.7427989381367,3650.4292124708677,3595.127121693302,16922.9597749814,17379.344097736564,controller
94799737,2027-02-14,3138.7427989381367,3621.90519229867,3558.7980927350563,17379.344097736564,17799.399391533483,controller
94799737,2027-02-21,3138.7427989381367,3595.6517364363626,3658.8587349387553,17799.399391533483,18319.515327534104,controller
94799737,2027-02-28,3995.191002102271,4847.816795182525,3650.4292124708677,18319.515327534104,17974.7535379027,controller
94799737,2027-03-07,4137.9323692962935,5083.476457825522,3621.90519229867,17974.7535379027,17458.726360905075,controller
94799737,2027-03-14,4137.9323692962935,5115.728156387873,3595.6517364363626,17458.726360905075,16916.445728045146,controller
94799737,2027-03-21,4137.9323692962935,5149.620695941619,4847.816795182525,16916.445728045146,17626.330153931376,controller
94799737,2027-03-28,4232.141671804258,5246.566873085676,5083.476457825522,17626.330153931376,18477.664939952636,controller
94799737,2027-04-04,4357.754075148213,5381.77705397528,5115.728156387873,18477.664939952636,19235.639021192295,controller
94799737,2027-04-11,4357.754075148213,5334.403673897801,5149.620695941619,19235.639021192295,20027.505641985703,controller
94799737,2027-04-18,4357.754075148213,5284.912010098213,5246.566873085676,20027.505641985703,20916.318439923165,controller
94799737,2027-04-25,4392.297486031714,5281.176326552372,5381.77705397528,20916.318439923165,21905.79800786673,controller
94799737,2027-05-02,4599.557951332714,5530.2245515074,5334.403673897801,21905.79800786673,22640.64373043182,controller
94799737,2027-05-09,4599.557951332714,5484.296693847082,5284.912010098213,22640.64373043182,23325.99778919732,controller
94799737,2027-05-16,4599.557951332714,5441.462065174238,5281.176326552372,23325.99778919732,24007.61616441698,controller
94799737,2027-05-23,4599.557951332714,5398.86091672301,5530.2245515074,24007.61616441698,24938.282764591666,controller
94799737,2027-05-30,4475.4010536249825,5154.458907650494,5484.296693847082,24938.282764591666,25947.178404813763,controller
94799737,2027-06-06,4425.738294541889,5016.908791511974,5441.462065174238,25947.178404813763,26962.90217544611,controller
94799737,2027-06-13,4425.738294541889,4953.4260558474525,5398.86091672301,26962.90217544611,27936.02479762723,controller
94799737,2027-06-20,4425.738294541889,4892.605891961132,5154.458907650494,27936.02479762723,28664.74541073583,controller
94799737,2027-06-27,4425.73829466218,4847.0608538222805,5016.908791511974,28664.74541073583,29255.91590758563,controller
94799737,2027-07-04,4425.738294822569,4810.112698009751,4953.4260558474525,29255.91590758563,29783.60366861051,controller
94799737,2027-07-11,4425.738294822569,4777.132212945696,4892.605891961132,29783.60366861051,30250.471265749078,controller
94799737,2027-07-18,4425.738294822569,4747.952988124535,4847.0608538222805,30250.471265749078,30671.793824748795,controller
94799737,2027-07-25,4425.738294822569,4721.620328187053,4810.112698009751,30671.793824748795,31056.168227935977,controller
94799737,2027-08-01,4425.738294822569,4697.5969279878545,4777.132212945696,31056.168227935977,31407.562146059103,controller
94799737,2027-08-08,4425.738294822569,4675.634808105159,4747.952988124535,31407.562146059103,31729.77683936107,controller
94799737,2027-08-15,4425.738294822569,4655.496389773786,4721.620328187053,31729.77683936107,32025.658872725555,controller
94799737,2027-08-22,4425.738294822569,4637.003762688506,4697.5969279878545,32025.658872725555,32297.51750589084,controller
94799737,2027-08-29,4425.73829466218,4620.012597875093,4675.634808105159,32297.51750589084,32547.414019333817,controller
94799737,2027-09-05,4425.738294541889,4604.394065604471,4655.496389773786,32547.414019333817,32777.172114565714,controller
94799737,2027-09-12,4425.738294541889,4590.034184652477,4637.003762688506,32777.172114565714,32988.43758271234,controller
94799737,2027-09-19,4425.738294541889,4576.830092893313,4620.012597875093,32988.43758271234,33182.711886045545,controller
94799737,2027-09-26,4425.738294622083,4564.687949055278,4604.394065604471,33182.711886045545,33361.367657027935,controller
94799737,2027-10-03,4425.738294822569,4553.521963669607,4590.034184652477,33361.367657027935,33525.66354685784,controller
94799737,2027-10-10,4425.738294822569,4543.253470555238,4576.830092893313,33525.66354685784,33676.75534492858,controller
94799737,2027-10-17,4425.738294822569,4533.810233175816,4564.687949055278,33676.75534492858,33815.70499916129,controller
94799737,2027-10-24,4425.738294822569,4525.125879786272,4553.521963669607,33815.70499916129,33943.48866800832,controller
94799737,2027-10-31,4425.738294581986,4517.13940012246,4543.253470555238,33943.48866800832,34061.003843981576,controller
94799737,2027-11-07,4425.738294541889,4509.794701563986,4533.810233175816,34061.003843981576,34169.07578261551,controller
94799737,2027-11-14,4425.738294541889,4503.040205399365,4525.125879786272,34169.07578261551,34268.4633678599,controller
94799737,2027-11-21,4425.738294541889,4496.8284813215905,4517.13940012246,34268.4633678599,34359.86447344047,controller
94799737,2027-11-28,4425.738294702278,4491.115912463387,4509.794701563986,34359.86447344047,34443.92088030218,controller
94799737,2027-12-05,4425.738294822569,4485.8623872149665,4503.040205399365,34443.92088030218,34521.22279087898,controller
94799737,2027-12-12,4425.738294822569,4481.031017803916,4496.8284813215905,34521.22279087898,34592.312977377995,controller
94799737,2027-12-19,4425.738294822569,4476.587881147729,4491.115912463387,34592.312977377995,34657.69059501881,controller
94799737,2027-12-26,3793.4899669907736,3524.129288297485,4485.8623872149665,34657.69059501881,35350.063015243,controller
94799737,2028-01-02,3312.0,2758.6210615473124,4481.031017803916,35350.063015243,36519.09403304692,controller
94799737,2028-01-09,3312.0,2685.5566229345677,4476.587881147729,36519.09403304692,37683.68191419465,controller
94799737,2028-01-16,3312.0,2612.7698803628346,3524.129288297485,37683.68191419465,37895.81120249213,controller
94799737,2028-01-23,3312.0,2599.511799844242,2758.6210615473124,37895.81120249213,37342.43226403944,controller
94799737,2028-01-30,3312.0,2634.097983497535,2685.5566229345677,37342.43226403944,36715.98888697401,controller
94799737,2028-02-06,3312.0,2673.2506945641244,2612.7698803628346,36715.98888697401,36016.75876733685,controller
94799738,2026-08-30,161.55132975126926,0.0,0.0,8984.0,8822.44867024873,controller
94799738,2026-09-06,226.171861651777,0.0,0.0,8822.44867024873,8596.276808596953,controller
94799738,2026-09-13,226.171861651777,0.0,0.0,8596.276808596953,8370.104946945175,controller
94799738,2026-09-20,226.171861651777,0.0,0.0,8370.104946945175,8143.933085293398,controller
94799738,2026-09-27,226.17186165172353,0.0,0.0,8143.933085293398,7917.761223641674,controller
94799738,2026-10-04,226.17186165165222,0.0,0.0,7917.761223641674,7691.589361990023,controller
94799738,2026-10-11,226.17186165165222,0.0,0.0,7691.589361990023,7465.417500338371,controller
94799738,2026-10-18,226.17186165165222,0.0,0.0,7465.417500338371,7239.245638686719,controller
94799738,2026-10-25,226.17186165165222,0.0,0.0,7239.245638686719,7013.073777035067,controller
94799738,2026-11-01,226.171861651777,0.0,0.0,7013.073777035067,6786.90191538329,controller
94799738,2026-11-08,226.171861651777,0.0,0.0,6786.90191538329,6560.730053731512,controller
94799738,2026-11-15,226.171861651777,0.0,0.0,6560.730053731512,6334.558192079735,controller
94799738,2026-11-22,226.171861651777,0.0,0.0,6334.558192079735,6108.386330427958,controller
94799738,2026-11-29,226.1718616516879,0.0,0.0,6108.386330427958,5882.214468776269,controller
94799738,2026-12-06,226.17186165165222,0.0,0.0,5882.214468776269,5656.0426071246175,controller
94799738,2026-12-13,226.17186165165222,0.0,0.0,5656.0426071246175,5429.870745472966,controller
94799738,2026-12-20,226.17186165165222,0.0,0.0,5429.870745472966,5203.698883821314,controller
94799738,2026-12-27,226.17186165165222,14.026612238646209,0.0,5203.698883821314,4977.527022169662,controller
94799738,2027-01-03,226.17186165165222,28.16235359187445,0.0,4977.527022169662,4751.35516051801,controller
94799738,2027-01-10,226.17186165165222,42.29809494510269,0.0,4751.35516051801,4525.183298866358,controller
94799738,2027-01-17,226.17186165165222,56.43383629833093,14.026612238646209,4525.183298866358,4313.038049453353,controller
94799738,2027-01-24,226.17186165165222,69.69291438664376,28.16235359187445,4313.038049453353,4115.028541393575,controller
94799738,2027-01-31,226.17186165199593,82.06850864089543,42.29809494510269,4115.028541393575,3931.1547746866822,controller
94799738,2027-02-07,226.17186165205322,93.5606190601622,56.43383629833093,3931.1547746866822,3761.4167493329596,controller
94799738,2027-02-14,226.17186165205322,104.16924564476986,69.69291438664376,3761.4167493329596,3604.93780206755,controller
94799738,2027-02-21,226.17186165205322,113.94917984885797,82.06850864089543,3604.93780206755,3460.834449056392,controller
94799738,2027-02-28,226.17186165170952,122.95563941153979,93.5606190601622,3460.834449056392,3328.223206464844,controller
94799738,2027-03-07,226.17186165165222,131.24384207342558,104.16924564476986,3328.223206464844,3206.220590457962,controller
94799738,2027-03-14,226.17186165165222,138.8690055738557,113.94917984885797,3206.220590457962,3093.9979086551675,controller
94799738,2027-03-21,226.17186165165222,145.88292318653038,122.95563941153979,3093.9979086551675,2990.781686415055,controller
94799738,2027-03-28,226.17186165170568,152.3339370766176,131.24384207342558,2990.781686415055,2895.853666836775,controller
94799738,2027-04-04,226.171861651777,158.26693830036703,138.8690055738557,2895.853666836775,2808.550810758854,controller
94799738,2027-04-11,226.171861651777,163.7233668052371,145.88292318653038,2808.550810758854,2728.261872293607,controller
94799738,2027-04-18,226.171861651777,168.74142545931505,152.3339370766176,2728.261872293607,2654.423947718448,controller
94799738,2027-04-25,226.17186165175917,173.35629574523577,158.26693830036703,2654.423947718448,2586.519024367056,controller
94799738,2027-05-02,226.17186165165222,177.60035345453736,163.7233668052371,2586.519024367056,2524.070529520641,controller
94799738,2027-05-09,226.17186165165222,181.5033843824383,168.74142545931505,2524.070529520641,2466.6400933283035,controller
94799738,2027-05-16,226.17186165165222,185.09278664445935,173.35629574523577,2466.6400933283035,2413.824527421887,controller
94799738,2027-05-23,226.17186165165222,188.3937595136104,177.60035345453736,2413.824527421887,2365.2530192247723,controller
94799738,2027-05-30,226.17186165174132,191.42947877606372,181.5033843824383,2365.2530192247723,2320.5845419554694,controller
94799738,2027-06-06,226.171861651777,194.22125860544867,185.09278664445935,2320.5845419554694,2279.505466948152,controller
94799738,2027-06-13,226.171861651777,196.788700793406,188.3937595136104,2279.505466948152,2241.7273648099854,controller
94799738,2027-06-20,226.171861651777,199.1498321770414,191.42947877606372,2241.7273648099854,2206.984981934272,controller
94799738,2027-06-27,226.17186165172353,201.3212311066933,194.22125860544867,2206.984981934272,2175.0343788879973,controller
94799738,2027-07-04,226.17186165165222,203.31814379697852,196.788700793406,2175.0343788879973,2145.651218029751,controller
94799738,2027-07-11,226.17186165165222,205.1545913506189,199.1498321770414,2145.651218029751,2118.62918855514,controller
94799738,2027-07-18,226.17186165165222,206.8434681927821,201.3212311066933,2118.62918855514,2093.778558010181,controller
94799738,2027-07-25,226.17186165165222,208.39663260184204,203.31814379697852,2093.778558010181,2070.924840155507,controller
94799738,2027-08-01,226.17186165165222,209.82498996775917,205.1545913506189,2070.924840155507,2049.9075698544734,controller
94799738,2027-08-08,226.17186165165222,211.13856936157373,206.8434681927821,2049.9075698544734,2030.579176395603,controller
94799738,2027-08-15,226.17186165165222,212.34659395275315,208.39663260184204,2030.579176395603,2012.803947345793,controller
94799738,2027-08-22,226.17186165165222,213.4575457683663,209.82498996775917,2012.803947345793,1996.4570756619,controller
94799738,2027-08-29,226.17186165172353,214.47922524871655,211.13856936157373,1996.4570756619,1981.4237833717505,controller
94799738,2027-09-05,226.171861651777,215.4188060169311,212.34659395275315,1981.4237833717505,1967.5985156727265,controller
94799738,2027-09-12,226.171861651777,216.28288524812007,213.4575457683663,1967.5985156727265,1954.884199789316,controller
94799738,2027-09-19,226.171861651777,217.07752999083323,214.47922524871655,1954.884199789316,1943.1915633862554,controller
94799738,2027-09-26,226.17186165174132,217.80831976597102,215.4188060169311,1943.1915633862554,1932.4385077514453,controller
94799738,2027-10-03,226.17186165165222,218.48038574301302,216.28288524812007,1932.4385077514453,1922.5495313479132,controller
94799738,2027-10-10,226.17186165165222,219.09844676823377,217.07752999083323,1922.5495313479132,1913.4551996870941,controller
94799738,2027-10-17,226.17186165165222,219.66684249703496,217.80831976597102,1913.4551996870941,1905.091657801413,controller
94799738,2027-10-24,226.17186165165222,220.18956386489003,218.48038574301302,1905.091657801413,1897.4001818927736,controller
94799738,2027-10-31,226.17186165175917,220.6702811093404,219.09844676823377,1897.4001818927736,1890.3267670092482,controller
94799738,2027-11-07,226.171861651777,221.11236953958746,219.66684249703496,1890.3267670092482,1883.8217478545062,controller
94799738,2027-11-14,226.171861651777,221.51893323675887,220.18956386489003,1883.8217478545062,1877.839450067619,controller
94799738,2027-11-21,226.171861651777,221.8928268484393,220.6702811093404,1877.839450067619,1872.3378695251827,controller
94799738,2027-11-28,226.17186165170568,222.2366756322346,221.11236953958746,1872.3378695251827,1867.2783774130646,controller
94799738,2027-12-05,226.17186165165222,222.5528938891618,221.51893323675887,1867.2783774130646,1862.6254489981711,controller
94799738,2027-12-12,226.17186165165222,222.84370191509265,221.8928268484393,1862.6254489981711,1858.346414194958,controller
94799738,2027-12-19,226.17186165165222,223.11114159029347,222.2366756322346,1858.346414194958,1854.4112281755401,controller
94799738,2027-12-26,193.8615957014162,174.89169179115305,222.5528938891618,1854.4112281755401,1883.1025263632855,controller
94799738,2028-01-02,380.875,453.61859210229466,222.84370191509265,1883.1025263632855,1725.071228278378,controller
94799738,2028-01-09,380.875,463.4955482326014,223.11114159029347,1725.071228278378,1567.3073698686715,controller
94799738,2028-01-16,380.875,473.35578938320805,174.89169179115305,1567.3073698686715,1361.3240616598246,controller
94799738,2028-01-23,380.875,486.22974614626094,453.61859210229466,1361.3240616598246,1434.0676537621193,controller
94799738,2028-01-30,380.875,481.68327163986754,463.4955482326014,1434.0676537621193,1516.6882019947207,controller
94799738,2028-02-06,380.875,476.51948737532996,473.35578938320805,1516.6882019947207,1609.1689913779287,controller
94799739,2026-08-30,842.0853138368836,39.0,690.0,25805.0,25652.914686163116,plan
94799739,2026-09-06,1178.9194393716368,66.0,768.0,25652.914686163116,25241.99524679148,plan
94799739,2026-09-13,1178.9194393716368,90.0,153.0,25241.99524679148,24216.075807419846,plan
94799739,2026-09-20,1178.9194393716368,198.0,39.0,24216.075807419846,23076.15636804821,plan
94799739,2026-09-27,1193.8059287573474,282.0,66.0,23076.15636804821,21948.35043929086,plan
94799739,2026-10-04,1213.654581271628,297.0,90.0,21948.35043929086,20824.695858019233,plan
94799739,2026-10-11,1213.654581271628,333.0,198.0,20824.695858019233,19809.041276747605,plan
94799739,2026-10-18,1213.654581271628,405.0,282.0,19809.041276747605,18877.386695475976,plan
94799739,2026-10-25,1213.654581271628,441.0,297.0,18877.386695475976,17960.732114204347,plan
94799739,2026-11-01,1251.8632373887508,755.2490989453545,333.0,17960.732114204347,17041.868876815595,controller
94799739,2026-11-08,1251.8632373887508,812.6780512821515,405.0,17041.868876815595,16195.005639426845,controller
94799739,2026-11-15,1251.8632373887508,865.6070036189484,441.0,16195.005639426845,15384.142402038096,controller
94799739,2026-11-22,1251.8632373887508,916.2859559557452,755.2490989453545,15384.142402038096,14887.5282635947,controller
94799739,2026-11-29,1281.8843243151969,992.3559699981265,812.6780512821515,14887.5282635947,14418.321990561655,controller
94799739,2026-12-06,1293.8927590857752,1039.6940142185595,865.6070036189484,14418.321990561655,13990.036235094829,controller
94799739,2026-12-13,1293.8927590857752,1066.4618739352359,916.2859559557452,13990.036235094829,13612.4294319648,controller
94799739,2026-12-20,1293.8927590857752,1090.0622991308628,992.3559699981265,13612.4294319648,13310.892642877152,controller
94799739,2026-12-27,1307.1020373460642,1128.7222658392743,1039.6940142185595,13310.892642877152,13043.484619749648,controller
94799739,2027-01-03,1340.1252329967872,1194.970060760828,1066.4618739352359,13043.484619749648,12769.821260688097,controller
94799739,2027-01-10,1340.1252329967872,1212.0740207021747,1090.0622991308628,12769.821260688097,12519.758326822173,controller
94799739,2027-01-17,1340.1252329967872,1227.702954068795,1128.7222658392743,12519.758326822173,12308.355359664662,controller
94799739,2027-01-24,1340.1252329967872,1240.9156395161394,1194.970060760828,12308.355359664662,12163.200187428703,controller
94799739,2027-01-31,1383.7158512454307,1315.3737651538522,1212.0740207021747,12163.200187428703,11991.558356885449,controller
94799739,2027-02-07,1390.9809542868713,1336.9990341249663,1227.702954068795,11991.558356885449,11828.280356667372,controller
94799739,2027-02-14,1390.9809542868713,1347.2039091385964,1240.9156395161394,11828.280356667372,11678.21504189664,controller
94799739,2027-02-21,1390.9809542868713,1356.582991311767,1315.3737651538522,11678.21504189664,11602.60785276362,controller
94799739,2027-02-28,1727.9647738834608,1866.7841700274648,1336.9990341249663,11602.60785276362,11211.642113005126,controller
94799739,2027-03-07,1784.1287438162258,1975.4654836615182,1347.2039091385964,11211.642113005126,10774.717278327496,controller
94799739,2027-03-14,1784.1287438162258,2002.77328582887,1356.582991311767,10774.717278327496,10347.171525823038,controller
94799739,2027-03-21,1784.1287438162258,2029.494895360399,1866.7841700274648,10347.171525823038,10429.826952034276,controller
94799739,2027-03-28,1824.9527749595927,2085.564977937247,1975.4654836615182,10429.826952034276,10580.339660736203,controller
94799739,2027-04-04,1879.384816484082,2157.8059959301104,2002.77328582887,10580.339660736203,10703.728130080992,controller
94799739,2027-04-11,1879.384816484082,2150.094216596061,2029.494895360399,10703.728130080992,10853.83820895731,controller
94799739,2027-04-18,1879.384816484082,2140.712336666291,2085.564977937247,10853.83820895731,11060.018370410475,controller
94799739,2027-04-25,1894.3536278257952,2150.279293588038,2157.8059959301104,11060.018370410475,11323.470738514789,controller
94799739,2027-05-02,1984.1664958760753,2268.5328226569386,2150.094216596061,11323.470738514789,11489.398459234773,controller
94799739,2027-05-09,1984.1664958760753,2258.1623401119396,2140.712336666291,11489.398459234773,11645.944300024988,controller
94799739,2027-05-16,1984.1664958760753,2248.378225062551,2150.279293588038,11645.944300024988,11812.057097736952,controller
94799739,2027-05-23,1984.1664958760753,2237.9961752055533,2268.5328226569386,11812.057097736952,12096.423424517814,controller
94799739,2027-05-30,2066.494958643105,2343.7159739322938,2258.1623401119396,12096.423424517814,12288.090805986649,controller
94799739,2027-06-06,2099.426343749916,2381.133840250709,2248.378225062551,12288.090805986649,12437.042687299285,controller
94799739,2027-06-13,2099.426343749916,2371.824347668669,2237.9961752055533,12437.042687299285,12575.612518754922,controller
94799739,2027-06-20,2099.426343749916,2363.1637332026917,2343.7159739322938,12575.612518754922,12819.9021489373,controller
94799739,2027-06-27,2153.7631287551353,2429.4008088241217,2381.133840250709,12819.9021489373,13047.272860432875,controller
94799739,2027-07-04,2226.212175428761,2523.863709366087,2371.824347668669,13047.272860432875,13192.885032672784,controller
94799739,2027-07-11,2226.212175428761,2514.7629486010924,2363.1637332026917,13192.885032672784,13329.836590446714,controller
94799739,2027-07-18,2226.212175428761,2506.203476240222,2429.4008088241217,13329.836590446714,13533.025223842073,controller
94799739,2027-07-25,2226.212175428761,2493.504186653012,2523.863709366087,13533.025223842073,13830.676757779398,controller
94799739,2027-08-01,2365.6765907588833,2684.097588777113,2514.7629486010924,13830.676757779398,13979.763115621607,controller
94799739,2027-08-08,2365.6765907588833,2674.7796914119745,2506.203476240222,13979.763115621607,14120.290001102943,controller
94799739,2027-08-15,2365.6765907588833,2665.996761069391,2493.504186653012,14120.290001102943,14248.117596997074,controller
94799739,2027-08-22,2365.6765907588833,2658.007536326008,2684.097588777113,14248.117596997074,14566.538595015301,controller
94799739,2027-08-29,2453.3399378585946,2769.6012445994356,2674.7796914119745,14566.538595015301,14787.97834856868,controller
94799739,2027-09-05,2519.0874481833785,2854.382525489525,2665.996761069391,14787.97834856868,14934.887661454693,controller
94799739,2027-09-12,2519.0874481833785,2845.2006934341493,2658.007536326008,14934.887661454693,15073.807749597323,controller
94799739,2027-09-19,2519.0874481833785,2836.518187925235,2769.6012445994356,15073.807749597323,15324.32154601338,controller
94799739,2027-09-26,2567.3022889946596,2893.1833368661532,2854.382525489525,15324.32154601338,15611.401782508245,controller
94799739,2027-10-03,2687.8393910228624,3056.0464751275285,2845.2006934341493,15611.401782508245,15768.76308491953,controller
94799739,2027-10-10,2687.8393910228624,3046.211393726823,2836.518187925235,15768.76308491953,15917.441881821902,controller
94799739,2027-10-17,2687.8393910228624,3036.918968920425,2893.1833368661532,15917.441881821902,16122.785827665193,controller
94799739,2027-10-24,2687.8393910228624,3024.084972305219,3056.0464751275285,16122.785827665193,16490.99291176986,controller
94799739,2027-10-31,2846.948365740188,3239.735491624666,3046.211393726823,16490.99291176986,16690.255939756495,controller
94799739,2027-11-07,2873.466528193075,3267.058796054832,3036.918968920425,16690.255939756495,16853.708380483844,controller
94799739,2027-11-14,2873.466528193075,3256.8430185093725,3024.084972305219,16853.708380483844,17004.326824595988,controller
94799739,2027-11-21,2873.466528193075,3247.4293657523635,3239.735491624666,17004.326824595988,17370.59578802758,controller
94799739,2027-11-28,2990.146443124784,3399.5574279354523,3267.058796054832,17370.59578802758,17647.508140957627,controller
94799739,2027-12-05,3077.6563793235655,3513.515310175497,3256.8430185093725,17647.508140957627,17826.694780143433,controller
94799739,2027-12-12,3077.6563793235655,3502.316145226384,3247.4293657523635,17826.694780143433,17996.46776657223,controller
94799739,2027-12-19,3077.6563793235655,3491.705333574584,3399.5574279354523,17996.46776657223,18318.368815184116,controller
94799739,2027-12-26,2637.9911822773415,2812.088722467005,3513.515310175497,18318.368815184116,19193.892943082268,controller
94799739,2028-01-02,1419.875,930.1941910573582,3502.316145226384,19193.892943082268,21276.334088308653,controller
94799739,2028-01-09,1419.875,800.0416194807092,3491.705333574584,21276.334088308653,23348.164421883237,controller
94799739,2028-01-16,1419.875,670.5522236322977,2812.088722467005,23348.164421883237,24740.37814435024,controller
94799739,2028-01-23,1419.875,583.5388659781099,930.1941910573582,24740.37814435024,24250.6973354076,controller
94799739,2028-01-30,1419.875,614.143916537025,800.0416194807092,24250.6973354076,23630.863954888307,controller
94799739,2028-02-06,1419.875,652.8835028194808,670.5522236322977,23630.863954888307,22881.541178520605,controller
94799740,2026-08-30,448.6005949180169,21.0,1228.0,8348.0,9127.399405081984,plan
94799740,2026-09-06,628.0408328852237,39.0,461.0,9127.399405081984,8960.35857219676,plan
94799740,2026-09-13,628.0408328852237,139.0,175.0,8960.35857219676,8507.317739311535,plan
94799740,2026-09-20,628.0408328852237,201.0,21.0,8507.317739311535,7900.276906426311,plan
94799740,2026-09-27,632.1756300512336,199.0,39.0,7900.276906426311,7307.101276375078,plan
94799740,2026-10-04,637.688692939247,189.0,139.0,7307.101276375078,6808.412583435831,plan
94799740,2026-10-11,637.688692939247,208.0,201.0,6808.412583435831,6371.723890496584,plan
94799740,2026-10-18,637.688692939247,220.0,199.0,6371.723890496584,5933.035197557338,plan
94799740,2026-10-25,637.688692939247,223.0,189.0,5933.035197557338,5484.346504618091,plan
94799740,2026-11-01,648.3013390766392,629.6803520763282,208.0,5484.346504618091,5044.045165541452,controller
94799740,2026-11-08,648.3013390766392,657.1991857686181,220.0,5044.045165541452,4615.743826464813,controller
94799740,2026-11-15,648.3013390766392,683.9680194609081,223.0,4615.743826464813,4190.4424873881735,controller
94799740,2026-11-22,648.3013390766392,710.549353153198,629.6803520763282,4190.4424873881735,4171.821500387862,controller
94799740,2026-11-29,656.6398466918637,724.2209262635541,657.1991857686181,4171.821500387862,4172.380839464617,controller
94799740,2026-12-06,659.9752497379534,729.1890721403915,683.9680194609081,4172.380839464617,4196.373609187572,controller
94799740,2026-12-13,659.9752497379534,727.6895240327069,710.549353153198,4196.373609187572,4246.947712602817,controller
94799740,2026-12-20,659.9752497379534,724.5286425692541,724.2209262635541,4246.947712602817,4311.193389128418,controller
94799740,2026-12-27,663.6441931027306,726.0167028335698,729.1890721403915,4311.193389128418,4376.738268166079,controller
94799740,2027-01-03,672.8165515146736,735.6786855116304,727.6895240327069,4376.738268166079,4431.611240684112,controller
94799740,2027-01-10,672.8165515146736,732.2491247292535,724.5286425692541,4431.611240684112,4483.323331738692,controller
94799740,2027-01-17,672.8165515146736,729.0171190383421,726.0167028335698,4483.323331738692,4536.523483057588,controller
94799740,2027-01-24,672.8165515146736,725.6921095809112,735.6786855116304,4536.523483057588,4599.385617054545,controller
94799740,2027-01-31,684.9240645628754,739.924495778404,732.2491247292535,4599.385617054545,4646.710677220924,controller
94799740,2027-02-07,686.9419834042425,739.993557780056,729.0171190383421,4646.710677220924,4688.785812855022,controller
94799740,2027-02-14,686.9419834042425,737.3638618029248,725.6921095809112,4688.785812855022,4727.535939031691,controller
94799740,2027-02-21,686.9419834042425,734.941978916883,739.924495778404,4727.535939031691,4780.518451405852,controller
94799740,2027-02-28,940.6455410674611,1112.185908388326,739.993557780056,4780.518451405852,4579.866468118447,controller
94799740,2027-03-07,982.9294673446642,1188.1525467595934,737.3638618029248,4579.866468118447,4334.300862576708,controller
94799740,2027-03-14,982.9294673446642,1203.500397105952,734.941978916883,4334.300862576708,4086.313374148927,controller
94799740,2027-03-21,982.9294673446642,1218.9996151326884,1112.185908388326,4086.313374148927,4215.569815192589,controller
94799740,2027-03-28,1002.2737774147422,1239.9375526725764,1188.1525467595934,4215.569815192589,4401.44858453744,controller
94799740,2027-04-04,1028.0661908415127,1267.008749728679,1203.500397105952,4401.44858453744,4576.882790801879,controller
94799740,2027-04-11,1028.0661908415127,1256.0441118371516,1218.9996151326884,4576.882790801879,4767.816215093055,controller
94799740,2027-04-18,1028.0661908415127,1244.1107728189531,1239.9375526725764,4767.816215093055,4979.687576924118,controller
94799740,2027-04-25,1035.1591045409587,1241.5081832536807,1267.008749728679,4979.687576924118,5211.537222111838,controller
94799740,2027-05-02,1077.7165867376334,1290.8538037244602,1256.0441118371516,5211.537222111838,5389.864747211356,controller
94799740,2027-05-09,1077.7165867376334,1279.7083334057404,1244.1107728189531,5389.864747211356,5556.258933292676,controller
94799740,2027-05-16,1077.7165867376334,1269.3086967756578,1241.5081832536807,5556.258933292676,5720.050529808724,controller
94799740,2027-05-23,1077.7165867376334,1259.071721993405,1290.8538037244602,5720.050529808724,5933.187746795551,controller
94799740,2027-05-30,1116.727612049166,1304.2671838990273,1279.7083334057404,5933.187746795551,6096.168468152126,controller
94799740,2027-06-06,1132.332022173779,1317.4875040011607,1269.3086967756578,6096.168468152126,6233.145142754005,controller
94799740,2027-06-13,1132.332022173779,1308.9264618385432,1259.071721993405,6233.145142754005,6359.8848425736305,controller
94799740,2027-06-20,1132.332022173779,1301.0052305998165,1304.2671838990273,6359.8848425736305,6531.820004298879,controller
94799740,2027-06-27,1158.0792988986373,1328.880198079276,1317.4875040011607,6531.820004298879,6691.228209401403,controller
94799740,2027-07-04,1192.4090011984483,1370.4117387100848,1308.9264618385432,6691.228209401403,6807.745670041498,controller
94799740,2027-07-11,1192.4090011984483,1363.129397420079,1301.0052305998165,6807.745670041498,6916.341899442867,controller
94799740,2027-07-18,1192.4090011984483,1356.3421330824933,1328.880198079276,6916.341899442867,7052.8130963236945,controller
94799740,2027-07-25,1192.4090011984483,1347.8126832774415,1370.4117387100848,7052.8130963236945,7230.815833835331,controller
94799740,2027-08-01,1258.493678055726,1435.8145274688807,1363.129397420079,7230.815833835331,7335.451553199684,controller
94799740,2027-08-08,1258.493678055726,1429.2747950086086,1356.3421330824933,7335.451553199684,7433.300008226452,controller
94799740,2027-08-15,1258.493678055726,1423.1592665694357,1347.8126832774415,7433.300008226452,7522.619013448168,controller
94799740,2027-08-22,1258.493678055726,1417.5768287430783,1435.8145274688807,7522.619013448168,7699.9398628613235,controller
94799740,2027-08-29,1300.0326178034966,1468.8026852764121,1429.2747950086086,7699.9398628613235,7829.182040066436,controller
94799740,2027-09-05,1331.1868226143247,1507.4563564173347,1423.1592665694357,7829.182040066436,7921.1544840215465,controller
94799740,2027-09-12,1331.1868226143247,1501.7080786701404,1417.5768287430783,7921.1544840215465,8007.5444901503,controller
94799740,2027-09-19,1331.1868226143247,1496.3087032870933,1468.8026852764121,8007.5444901503,8145.160352812387,controller
94799740,2027-09-26,1354.0332394956472,1521.9773371926967,1507.4563564173347,8145.160352812387,8298.583469734074,controller
94799740,2027-10-03,1411.1492816989535,1598.0624556900507,1501.7080786701404,8298.583469734074,8389.142266705261,controller
94799740,2027-10-10,1411.1492816989535,1592.4025308793514,1496.3087032870933,8389.142266705261,8474.3016882934,controller
94799740,2027-10-17,1411.1492816989535,1587.0800670300928,1521.9773371926967,8474.3016882934,8585.129743787144,controller
94799740,2027-10-24,1411.1492816989535,1580.1533135617337,1598.0624556900507,8585.129743787144,8772.04291777824,controller
94799740,2027-10-31,1486.5424570263947,1681.561003178452,1592.4025308793514,8772.04291777824,8877.902991631197,controller
94799740,2027-11-07,1499.1079862476352,1693.793042394503,1587.0800670300928,8877.902991631197,8965.875072413655,controller
94799740,2027-11-14,1499.1079862476352,1688.2947873455992,1580.1533135617337,8965.875072413655,9046.920399727755,controller
94799740,2027-11-21,1499.1079862476352,1683.2294543884682,1681.561003178452,9046.920399727755,9229.373416658573,controller
94799740,2027-11-28,1554.3963151311766,1754.758634155604,1693.793042394503,9229.373416658573,9368.7701439219,controller
94799740,2027-12-05,1595.8625617938328,1808.2457086956306,1688.2947873455992,9368.7701439219,9461.202369473667,controller
94799740,2027-12-12,1595.8625617938328,1802.468694598645,1683.2294543884682,9461.202369473667,9548.569262068302,controller
94799740,2027-12-19,1595.8625617938328,1797.0082638114804,1754.758634155604,9548.569262068302,9707.465334430073,controller
94799740,2027-12-26,1367.8821958232854,1445.1067103330486,1808.2457086956306,9707.465334430073,10147.828847302419,controller
94799740,2028-01-02,907.625,727.1981970435988,1802.468694598645,10147.828847302419,11042.672541901064,controller
94799740,2028-01-09,907.625,671.2704661311835,1797.0082638114804,11042.672541901064,11932.055805712544,controller
94799740,2028-01-16,907.625,615.684012142966,1445.1067103330486,11932.055805712544,12469.537516045591,controller
94799740,2028-01-23,907.625,582.0914052471505,727.1981970435988,12469.537516045591,12289.11071308919,controller
94799740,2028-01-30,907.625,593.3680804319256,671.2704661311835,12289.11071308919,12052.756179220374,controller
94799740,2028-02-06,907.625,608.1402387987266,615.684012142966,12052.756179220374,11760.815191363341,controller
94928289,2026-08-30,2069.4583138432986,0.0,0.0,69902.0,67832.5416861567,controller
94928289,2026-09-06,2897.241639380618,24.0,0.0,67832.5416861567,64935.30004677609,plan
94928289,2026-09-13,2897.241639380618,12.0,0.0,64935.30004677609,62038.05840739547,plan
94928289,2026-09-20,2897.241639380618,72.0,0.0,62038.05840739547,59140.81676801485,plan
94928289,2026-09-27,2923.8110099773694,528.0,24.0,59140.81676801485,56241.00575803748,plan
94928289,2026-10-04,2959.2368374397047,1356.0,12.0,56241.00575803748,53293.76892059777,plan
94928289,2026-10-11,2959.2368374397047,6888.0,72.0,53293.76892059777,50406.53208315807,plan
94928289,2026-10-18,2959.2368374397047,3888.0,528.0,50406.53208315807,47975.295245718364,plan
94928289,2026-10-25,2959.2368374397047,1968.0,1356.0,47975.295245718364,46372.05840827866,plan
94928289,2026-11-01,1833.5345568931284,0.0,6888.0,46372.05840827866,51426.52385138553,controller
94928289,2026-11-08,1833.5345568931284,0.0,3888.0,51426.52385138553,53480.9892944924,controller
94928289,2026-11-15,1833.5345568931284,0.0,1968.0,53480.9892944924,53615.45473759927,controller
94928289,2026-11-22,1833.5345568931284,0.0,0.0,53615.45473759927,51781.92018070614,controller
94928289,2026-11-29,1833.5345568931284,0.0,0.0,51781.92018070614,49948.38562381301,controller
94928289,2026-12-06,1833.5345568931284,0.0,0.0,49948.38562381301,48114.85106691988,controller
94928289,2026-12-13,1833.5345568931284,0.0,0.0,48114.85106691988,46281.31651002675,controller
94928289,2026-12-20,1833.5345568931284,0.0,0.0,46281.31651002675,44447.78195313362,controller
94928289,2026-12-27,2155.163779906436,454.75929778880277,0.0,44447.78195313362,42292.61817322719,controller
94928289,2027-01-03,2959.2368374397047,1795.5666203328578,0.0,42292.61817322719,39333.38133578748,controller
94928289,2027-01-10,2959.2368374397047,1980.5189226728394,0.0,39333.38133578748,36374.14449834778,controller
94928289,2027-01-17,2959.2368374397047,2165.471225012821,454.75929778880277,36374.14449834778,33869.66695869688,controller
94928289,2027-01-24,2959.2368374397047,2322.001071241002,1795.5666203328578,33869.66695869688,32705.996741590032,controller
94928289,2027-01-31,3023.5626820423663,2491.2192267141727,1980.5189226728394,32705.996741590032,31662.952982220504,controller
94928289,2027-02-07,3034.28365614281,2572.4909228254332,2165.471225012821,31662.952982220504,30794.140551090513,controller
94928289,2027-02-14,3034.28365614281,2626.7916997710577,2322.001071241002,30794.140551090513,30081.85796618871,controller
94928289,2027-02-21,3034.28365614281,2671.3093613274204,2491.2192267141727,30081.85796618871,29538.793536760073,controller
94928289,2027-02-28,3101.8257929756046,2806.5640934159023,2572.4909228254332,29538.793536760073,29009.458666609902,controller
94928289,2027-03-07,3113.0828157810706,2856.533057008487,2626.7916997710577,29009.458666609902,28523.167550599886,controller
94928289,2027-03-14,3113.0828157810706,2886.9262517591133,2671.3093613274204,28523.167550599886,28081.394096146236,controller
94928289,2027-03-21,3113.0828157810706,2914.5370926624664,2806.5640934159023,28081.394096146236,27774.875373781066,controller
94928289,2027-03-28,3325.840546804373,3252.831109345243,2856.533057008487,27774.875373781066,27305.567883985183,controller
94928289,2027-04-04,3609.51752150211,3707.678289504091,2886.9262517591133,27305.567883985183,26582.976614242187,controller
94928289,2027-04-11,3609.51752150211,3752.8402438630283,2914.5370926624664,26582.976614242187,25887.996185402546,controller
94928289,2027-04-18,3609.51752150211,3796.276520665506,3252.831109345243,25887.996185402546,25531.30977324568,controller
94928289,2027-04-25,3550.4181517400007,3729.9203667821457,3707.678289504091,25531.30977324568,25688.569911009774,controller
94928289,2027-05-02,3195.8219331673436,3188.1972803129047,3752.8402438630283,25688.569911009774,26245.58822170546,controller
94928289,2027-05-09,3195.8219331673436,3153.383635894424,3796.276520665506,26245.58822170546,26846.042809203624,controller
94928289,2027-05-16,3195.8219331673436,3115.855224175789,3729.9203667821457,26846.042809203624,27380.141242818427,controller
94928289,2027-05-23,3195.8219331673436,3082.4740720748637,3188.1972803129047,27380.141242818427,27372.516589963987,controller
94928289,2027-05-30,3257.876271463225,3176.0321203220883,3153.383635894424,27372.516589963987,27268.023954395187,controller
94928289,2027-06-06,3282.6980067815766,3219.7955130226655,3115.855224175789,27268.023954395187,27101.1811717894,controller
94928289,2027-06-13,3282.6980067815766,3230.2231869355273,3082.4740720748637,27101.1811717894,26900.957237082686,controller
94928289,2027-06-20,3282.6980067815766,3242.737182854697,3176.0321203220883,26900.957237082686,26794.2913506232,controller
94928289,2027-06-27,3299.892160319907,3275.1950310659104,3219.7955130226655,26794.2913506232,26714.194703325957,controller
94928289,2027-07-04,3322.8176983710136,3314.589378598648,3230.2231869355273,26714.194703325957,26621.60019189047,controller
94928289,2027-07-11,3322.8176983710136,3320.376535563366,3242.737182854697,26621.60019189047,26541.51967637415,controller
94928289,2027-07-18,3322.8176983710136,3325.3815677831362,3275.1950310659104,26541.51967637415,26493.89700906905,controller
94928289,2027-07-25,3322.8176983710136,3328.357984489705,3314.589378598648,26493.89700906905,26485.668689296683,controller
94928289,2027-08-01,3322.8176983710136,3328.872254475478,3320.376535563366,26485.668689296683,26483.227526489034,controller
94928289,2027-08-08,3322.8176983710136,3329.024827150956,3325.3815677831362,26483.227526489034,26485.791395901157,controller
94928289,2027-08-15,3322.8176983710136,3328.864585312698,3328.357984489705,26485.791395901157,26491.331682019845,controller
94928289,2027-08-22,3322.8176983710136,3328.51831743028,3328.872254475478,26491.331682019845,26497.38623812431,controller
94928289,2027-08-29,3322.8176985314026,3328.139907914335,3329.024827150956,26497.38623812431,26503.593366743862,controller
94928289,2027-09-05,3322.8176986516937,3327.751962556049,3328.864585312698,26503.593366743862,26509.64025340487,controller
94928289,2027-09-12,3322.8176986516937,3327.3740321397363,3328.51831743028,26509.64025340487,26515.340872183457,controller
94928289,2027-09-19,3322.8176986516937,3327.0177434660745,3328.139907914335,26515.340872183457,26520.663081446095,controller
94928289,2027-09-26,3322.8176985714995,3326.685105266868,3327.751962556049,26520.663081446095,26525.597345430644,controller
94928289,2027-10-03,3322.8176983710136,3326.376713467105,3327.3740321397363,26525.597345430644,26530.153679199364,controller
94928289,2027-10-10,3322.8176983710136,3326.09194260656,3327.0177434660745,26530.153679199364,26534.353724294422,controller
94928289,2027-10-17,3322.8176983710136,3325.829439788119,3326.685105266868,26534.353724294422,26538.221131190276,controller
94928289,2027-10-24,3322.8176983710136,3325.5877268571285,3326.376713467105,26538.221131190276,26541.780146286364,controller
94928289,2027-10-31,3322.817698611597,3325.3652887744975,3326.09194260656,26541.780146286364,26545.054390281326,controller
94928289,2027-11-07,3322.8176986516937,3325.160648584958,3325.829439788119,26545.054390281326,26548.06613141775,controller
94928289,2027-11-14,3322.8176986516937,3324.9724147639313,3325.5877268571285,26548.06613141775,26550.836159623184,controller
94928289,2027-11-21,3322.8176986516937,3324.7992880010916,3325.3652887744975,26550.836159623184,26553.38374974599,controller
94928289,2027-11-28,3322.8176984913052,3324.6400633778335,3325.160648584958,26553.38374974599,26555.726699839644,controller
94928289,2027-12-05,3322.8176983710136,3324.4936288165427,3324.9724147639313,26555.726699839644,26557.88141623256,controller
94928289,2027-12-12,3322.8176983710136,3324.358959041985,3324.7992880010916,26557.88141623256,26559.863005862637,controller
94928289,2027-12-19,3322.8176983710136,3324.2351096901057,3324.6400633778335,26559.863005862637,26561.685370869454,controller
94928289,2027-12-26,2848.1294557465835,2612.0888479405344,3324.4936288165427,26561.685370869454,27038.04954393941,controller
94928289,2028-01-02,2490.0,2045.1219035037868,3324.358959041985,27038.04954393941,27872.408502981394,controller
94928289,2028-01-09,2490.0,1992.9744685636629,3324.2351096901057,27872.408502981394,28706.643612671498,controller
94928289,2028-01-16,2490.0,1940.8347742080314,2612.0888479405344,28706.643612671498,28828.73246061203,controller
94928289,2028-01-23,2490.0,1933.204221211748,2045.1219035037868,28828.73246061203,28383.854364115818,controller
94928289,2028-01-30,2490.0,1961.0091022427614,1992.9744685636629,28383.854364115818,27886.82883267948,controller
94928289,2028-02-06,2490.0,1992.0731979575326,1940.8347742080314,27886.82883267948,27337.66360688751,controller
94928290,2026-08-30,601.5622809884837,912.0,84.0,9440.0,8922.437719011516,plan
94928290,2026-09-06,842.1871933838771,416.0,512.0,8922.437719011516,8592.250525627638,plan
94928290,2026-09-13,842.1871933838771,576.0,740.0,8592.250525627638,8490.06333224376,plan
94928290,2026-09-20,842.1871933838771,768.0,912.0,8490.06333224376,8559.876138859883,plan
94928290,2026-09-27,842.1871933959062,2568.0,416.0,8559.876138859883,8133.688945463977,plan_forward
94928290,2026-10-04,842.1871934119449,3072.0,576.0,8133.688945463977,7867.501752052032,plan_forward
94928290,2026-10-11,842.1871934119449,8636.0,768.0,7867.501752052032,7793.314558640088,plan_forward
94928290,2026-10-18,842.1871934119449,3760.0,2568.0,7793.314558640088,9519.127365228143,plan_forward
94928290,2026-10-25,842.1871934119449,728.0,3072.0,9519.127365228143,11748.940171816199,plan
94928290,2026-11-01,842.1871933838771,528.9720293373032,8636.0,11748.940171816199,19542.75297843232,controller
94928290,2026-11-08,842.1871933838771,41.85872892379564,3760.0,19542.75297843232,22460.565785048442,controller
94928290,2026-11-15,842.1871933838771,0.0,728.0,22460.565785048442,22346.378591664565,controller
94928290,2026-11-22,842.1871933838771,0.0,528.9720293373032,22346.378591664565,22033.16342761799,controller
94928290,2026-11-29,842.1871934039257,0.0,41.85872892379564,22033.16342761799,21232.83496313786,controller
94928290,2026-12-06,842.1871934119449,0.0,0.0,21232.83496313786,20390.647769725914,controller
94928290,2026-12-13,842.1871934119449,0.0,0.0,20390.647769725914,19548.46057631397,controller
94928290,2026-12-20,842.1871934119449,41.502004098294265,0.0,19548.46057631397,18706.273382902025,controller
94928290,2026-12-27,842.187193411945,94.13870368654091,0.0,18706.273382902025,17864.08618949008,controller
94928290,2027-01-03,842.1871934119449,146.77540327478732,0.0,17864.08618949008,17021.898996078136,controller
94928290,2027-01-10,842.1871934119449,199.41210286303385,41.502004098294265,17021.898996078136,16221.213806764485,controller
94928290,2027-01-17,842.1871934119449,249.4549271951371,94.13870368654091,16221.213806764485,15473.165317039082,controller
94928290,2027-01-24,842.1871934119449,296.20795780297476,146.77540327478732,15473.165317039082,14777.753526901924,controller
94928290,2027-01-31,842.1871934234014,339.67119470373177,199.41210286303385,14777.753526901924,14134.978436341557,controller
94928290,2027-02-07,842.1871934253107,379.8446378666188,249.4549271951371,14134.978436341557,13542.246170111383,controller
94928290,2027-02-14,842.1871934253107,416.8904045060047,296.20795780297476,13542.246170111383,12996.266934489047,controller
94928290,2027-02-21,842.1871934253107,451.01410673240065,339.67119470373177,12996.266934489047,12493.750935767468,controller
94928290,2027-02-28,842.1871934138543,482.4213566353147,379.8446378666188,12493.750935767468,12031.408380220233,controller
94928290,2027-03-07,842.1871934119449,511.3177663541528,416.8904045060047,12031.408380220233,11606.111591314293,controller
94928290,2027-03-14,842.1871934119449,537.8988156607741,451.01410673240065,11606.111591314293,11214.938504634749,controller
94928290,2027-03-21,842.1871934119449,562.3471335782456,482.4213566353147,11214.938504634749,10855.17266785812,controller
94928290,2027-03-28,882.2476779948217,644.9232252511001,511.3177663541528,10855.17266785812,10484.24275621745,controller
94928290,2027-04-04,935.6616574386572,748.2273138943951,537.8988156607741,10484.24275621745,10086.479914439567,controller
94928290,2027-04-11,935.6616574386572,773.0874915055128,562.3471335782456,10086.479914439567,9713.165390579155,controller
94928290,2027-04-18,935.6616574386572,796.4196492467886,644.9232252511001,9713.165390579155,9422.4269583916,controller
94928290,2027-04-25,935.6616574368752,814.5908012558378,748.2273138943951,9422.4269583916,9234.99261484912,controller
94928290,2027-05-02,935.6616574261826,826.3054477112039,773.0874915055128,9234.99261484912,9072.418448928449,controller
94928290,2027-05-09,935.6616574261826,836.4663330812459,796.4196492467886,9072.418448928449,8933.176440749055,controller
94928290,2027-05-16,935.6616574261826,845.168958592458,814.5908012558378,8933.176440749055,8812.10558457871,controller
94928290,2027-05-23,935.6616574261826,852.7358871031045,826.3054477112039,8812.10558457871,8702.749374863732,controller
94928290,2027-05-30,935.661657435093,859.5706502236563,836.4663330812459,8702.749374863732,8603.554050509883,controller
94928290,2027-06-06,935.6616574386572,865.7703580011182,845.168958592458,8603.554050509883,8513.061351663684,controller
94928290,2027-06-13,935.6616574386572,871.4261516790057,852.7358871031045,8513.061351663684,8430.135581328132,controller
94928290,2027-06-20,935.6616574386572,876.6090123249776,859.5706502236563,8430.135581328132,8354.044574113132,controller
94928290,2027-06-27,935.661657433311,881.3647002678958,865.7703580011182,8354.044574113132,8284.153274680939,controller
94928290,2027-07-04,935.6616574261826,885.7329064717153,871.4261516790057,8284.153274680939,8219.917768933763,controller
94928290,2027-07-11,935.6616574261826,889.7476255809138,876.6090123249776,8219.917768933763,8160.865123832558,controller
94928290,2027-07-18,935.6616574261826,893.4384158997391,881.3647002678958,8160.865123832558,8106.568166674271,controller
94928290,2027-07-25,935.6616574261826,896.831975722132,885.7329064717153,8106.568166674271,8056.639415719805,controller
94928290,2027-08-01,935.6616574261826,899.9525226567862,889.7476255809138,8056.639415719805,8010.725383874536,controller
94928290,2027-08-08,935.6616574261826,902.8221496471153,893.4384158997391,8010.725383874536,7968.502142348094,controller
94928290,2027-08-15,935.6616574261826,905.4611022425181,896.831975722132,7968.502142348094,7929.672460644044,controller
94928290,2027-08-22,935.6616574261826,907.8879573490212,899.9525226567862,7929.672460644044,7893.963325874647,controller
94928290,2027-08-29,935.661657433311,910.119778282801,902.8221496471153,7893.963325874647,7861.123818088452,controller
94928290,2027-09-05,935.6616574386572,912.1722475274576,905.4611022425181,7861.123818088452,7830.923262892313,controller
94928290,2027-09-12,935.6616574386572,914.0597822272164,907.8879573490212,7830.923262892313,7803.149562802677,controller
94928290,2027-09-19,935.6616574386572,915.7956384828185,910.119778282801,7803.149562802677,7777.60768364682,controller
94928290,2027-09-26,935.661657435093,917.3920059247133,912.1722475274576,7777.60768364682,7754.1182737391855,controller
94928290,2027-10-03,935.6616574261826,918.8600940305748,914.0597822272164,7754.1182737391855,7732.51639854022,controller
94928290,2027-10-10,935.6616574261826,920.2102112305101,915.7956384828185,7732.51639854022,7712.6503795968565,controller
94928290,2027-10-17,935.6616574261826,921.4518374144704,917.3920059247133,7712.6503795968565,7694.380728095388,controller
94928290,2027-10-24,935.6616574261826,922.5936906333122,918.8600940305748,7694.380728095388,7677.57916469978,controller
94928290,2027-10-31,935.6616574368752,923.6437883615765,920.2102112305101,7677.57916469978,7662.127718493414,controller
94928290,2027-11-07,935.6616574386572,924.6095037521475,921.4518374144704,7662.127718493414,7647.917898469228,controller
94928290,2027-11-14,935.6616574386572,925.4976175036591,922.5936906333122,7647.917898469228,7634.849931663883,controller
94928290,2027-11-21,935.6616574386572,926.3143654289931,923.6437883615765,7634.849931663883,7622.832062586802,controller
94928290,2027-11-28,935.661657431529,927.0654822356183,924.6095037521475,7622.832062586802,7611.7799089074215,controller
94928290,2027-12-05,935.6616574261826,927.7562418325601,925.4976175036591,7611.7799089074215,7601.615868984898,controller
94928290,2027-12-12,935.6616574261826,928.3914943277177,926.3143654289931,7601.615868984898,7592.268576987708,controller
94928290,2027-12-19,935.6616574261826,928.9757000775421,927.0654822356183,7592.268576987708,7583.672401797145,controller
94928290,2027-12-26,801.9957063652994,729.0140344356275,927.7562418325601,7583.672401797145,7709.432937264405,controller
94928290,2028-01-02,769.875,672.9729414209746,928.3914943277177,7709.432937264405,7867.949431592122,controller
94928290,2028-01-09,769.875,663.0656605254924,928.9757000775421,7867.949431592122,8027.050131669665,controller
94928290,2028-01-16,769.875,653.121866770646,729.0140344356275,8027.050131669665,7986.189166105292,controller
94928290,2028-01-23,769.875,655.6756771184192,672.9729414209746,7986.189166105292,7889.2871075262665,controller
94928290,2028-01-30,769.875,661.7320557796083,663.0656605254924,7889.2871075262665,7782.477768051758,controller
94928290,2028-02-06,769.875,668.4076394967651,653.121866770646,7782.477768051758,7665.7246348224035,controller
94928291,2026-08-30,3003.375584905457,1208.0,68.0,33906.0,30970.624415094542,plan
94928291,2026-09-06,4204.725818867639,1484.0,896.0,30970.624415094542,27661.898596226903,plan
94928291,2026-09-13,4204.725818867639,1740.0,912.0,27661.898596226903,24369.172777359265,plan
94928291,2026-09-20,4204.725818867639,1832.0,1208.0,24369.172777359265,21372.446958491626,plan
94928291,2026-09-27,4243.268886182248,2016.0,1484.0,21372.446958491626,18613.178072309376,plan
94928291,2026-10-04,4294.659642601728,1900.0,1740.0,18613.178072309376,16058.518429707648,plan
94928291,2026-10-11,4294.659642601728,2144.0,1832.0,16058.518429707648,13595.85878710592,plan
94928291,2026-10-18,4294.659642601728,2288.0,2016.0,13595.85878710592,11317.199144504193,plan
94928291,2026-10-25,4294.659642601728,2092.0,1900.0,11317.199144504193,8922.539501902465,plan
94928291,2026-11-01,4389.090157163873,6025.976516876906,2144.0,8922.539501902465,6677.449344738592,controller
94928291,2026-11-08,4389.090157163873,6166.294651699648,2288.0,6677.449344738592,4576.359187574719,controller
94928291,2026-11-15,4389.090157163873,6297.61278652239,2092.0,4576.359187574719,2279.2690304108455,controller
94928291,2026-11-22,4389.090157163873,6441.180921345132,6025.976516876906,2279.2690304108455,3916.1553901238785,controller
94928291,2026-11-29,4459.913043345001,6445.109853134759,6166.294651699648,3916.1553901238785,5622.536998478525,controller
94928291,2026-12-06,4488.242197817452,6380.95473432127,6297.61278652239,5622.536998478525,7431.907587183463,controller
94928291,2026-12-13,4488.242197817452,6267.869072527211,6441.180921345132,7431.907587183463,9384.846310711144,controller
94928291,2026-12-20,4488.242197817452,6145.810402306731,6445.109853134759,9384.846310711144,11341.71396602845,controller
94928291,2026-12-27,4517.9878097448745,6068.124591740534,6380.95473432127,11341.71396602845,13204.680890604846,controller
94928291,2027-01-03,4592.351839563432,6063.235203682345,6267.869072527211,13204.680890604846,14880.198123568625,controller
94928291,2027-01-10,4592.351839563432,5958.515376622108,6145.810402306731,14880.198123568625,16433.656686311926,controller
94928291,2027-01-17,4592.351839563432,5861.424216450652,6068.124591740534,16433.656686311926,17909.42943848903,controller
94928291,2027-01-24,4592.351839563432,5769.188419439583,6063.235203682345,17909.42943848903,19380.312802607943,controller
94928291,2027-01-31,4686.050518303357,5817.80622729204,5958.515376622108,19380.312802607943,20652.777660926695,controller
94928291,2027-02-07,4701.666964760012,5761.701843332099,5861.424216450652,20652.777660926695,21812.53491261733,controller
94928291,2027-02-14,4701.666964760012,5689.217015101434,5769.188419439583,21812.53491261733,22880.0563672969,controller
94928291,2027-02-21,4701.666964760012,5622.496924183962,5817.80622729204,22880.0563672969,23996.19562982893,controller
94928291,2027-02-28,4800.050576488923,5700.313637869076,5761.701843332099,23996.19562982893,24957.846896672105,controller
94928291,2027-03-07,4816.44784511041,5664.806336623607,5689.217015101434,24957.846896672105,25830.616066663133,controller
94928291,2027-03-14,4816.44784511041,5610.258263499169,5622.496924183962,25830.616066663133,26636.665145736682,controller
94928291,2027-03-21,4816.44784511041,5559.880196057072,5700.313637869076,26636.665145736682,27520.53093849535,controller
94928291,2027-03-28,5126.356223332907,5969.5011513434,5664.806336623607,27520.53093849535,28058.981051786053,controller
94928291,2027-04-04,5539.567394296237,6555.664775707726,5610.258263499169,28058.981051786053,28129.671920988985,controller
94928291,2027-04-11,5539.567394296237,6551.246596382543,5559.880196057072,28129.671920988985,28149.984722749818,controller
94928291,2027-04-18,5539.567394296237,6549.977046272492,5969.5011513434,28149.984722749818,28579.91847979698,controller
94928291,2027-04-25,5447.068099188662,6384.357243795682,6555.664775707726,28579.91847979698,29688.515156316047,controller
94928291,2027-05-02,4892.07232854322,5482.576295545076,6551.246596382543,29688.515156316047,31347.689424155375,controller
94928291,2027-05-09,4892.07232854322,5378.877903805118,6549.977046272492,31347.689424155375,33005.59414188465,controller
94928291,2027-05-16,4892.07232854322,5275.258858947039,6384.357243795682,33005.59414188465,34497.879057137114,controller
94928291,2027-05-23,4892.07232854322,5181.99105174376,5482.576295545076,34497.879057137114,35088.38302413897,controller
94928291,2027-05-30,4892.072328342732,5145.084553505412,5378.877903805118,35088.38302413897,35575.18859960136,controller
94928291,2027-06-06,4892.072328262538,5114.659204918722,5275.258858947039,35575.18859960136,35958.37513028586,controller
94928291,2027-06-13,4892.072328262538,5090.710046750941,5181.99105174376,35958.37513028586,36248.29385376708,controller
94928291,2027-06-20,4892.072328262538,5072.590126533364,5145.084553505412,36248.29385376708,36501.30607900995,controller
94928291,2027-06-27,4892.07232838283,5056.776862636123,5114.659204918722,36501.30607900995,36723.892955545845,controller
94928291,2027-07-04,4892.07232854322,5042.865183093214,5090.710046750941,36723.892955545845,36922.53067375357,controller
94928291,2027-07-11,4892.07232854322,5030.450325705231,5072.590126533364,36922.53067375357,37103.04847174372,controller
94928291,2027-07-18,4892.07232854322,5019.167963330847,5056.776862636123,37103.04847174372,37267.753005836625,controller
94928291,2027-07-25,4892.07232854322,5008.87392995004,5042.865183093214,37267.753005836625,37418.54586038662,controller
94928291,2027-08-01,4892.07232854322,4999.449376540666,5030.450325705231,37418.54586038662,37556.92385754864,controller
94928291,2027-08-08,4892.07232854322,4990.8007517180395,5019.167963330847,37556.92385754864,37684.019492336265,controller
94928291,2027-08-15,4892.07232854322,4982.857274543812,5008.87392995004,37684.019492336265,37800.821093743085,controller
94928291,2027-08-22,4892.07232854322,4975.5571744558865,4999.449376540666,37800.821093743085,37908.19814174053,controller
94928291,2027-08-29,4892.07232838283,4968.846108715462,4990.8007517180395,37908.19814174053,38006.926565075744,controller
94928291,2027-09-05,4892.072328262538,4962.675582076572,4982.857274543812,38006.926565075744,38097.71151135702,controller
94928291,2027-09-12,4892.072328262538,4957.001522933993,4975.5571744558865,38097.71151135702,38181.19635755036,controller
94928291,2027-09-19,4892.072328262538,4951.783720046909,4968.846108715462,38181.19635755036,38257.970138003286,controller
94928291,2027-09-26,4892.072328342732,4946.985358888893,4962.675582076572,38257.970138003286,38328.573391737125,controller
94928291,2027-10-03,4892.07232854322,4942.572655831259,4957.001522933993,38328.573391737125,38393.5025861279,controller
94928291,2027-10-10,4892.07232854322,4938.514581181836,4951.783720046909,38393.5025861279,38453.21397763159,controller
94928291,2027-10-17,4892.07232854322,4934.782619212855,4946.985358888893,38453.21397763159,38508.127007977266,controller
94928291,2027-10-24,4892.07232854322,4931.35055481625,4942.572655831259,38508.127007977266,38558.62733526531,controller
94928291,2027-10-31,4892.072328302635,4928.19428399987,4938.514581181836,38558.62733526531,38605.06958814451,controller
94928291,2027-11-07,4892.072328262538,4925.291643134775,4934.782619212855,38605.06958814451,38647.77987909483,controller
94928291,2027-11-14,4892.072328262538,4922.62224995038,4931.35055481625,38647.77987909483,38687.05810564854,controller
94928291,2027-11-21,4892.072328262538,4920.167360790772,4928.19428399987,38687.05810564854,38723.180061385865,controller
94928291,2027-11-28,4892.072328422926,4917.909738797773,4925.291643134775,38723.180061385865,38756.39937609772,controller
94928291,2027-12-05,4892.07232854322,4915.833531808722,4922.62224995038,38756.39937609772,38786.94929750488,controller
94928291,2027-12-12,4892.07232854322,4913.9241617207745,4920.167360790772,38786.94929750488,38815.04432975243,controller
94928291,2027-12-19,4892.07232854322,4912.168222205302,4917.909738797773,38815.04432975243,38840.88174000699,controller
94928291,2027-12-26,4193.204853037045,3862.2521708051304,4915.833531808722,38840.88174000699,39563.510418778664,controller
94928291,2028-01-02,4108.25,3689.6555988263335,4913.9241617207745,39563.510418778664,40369.18458049944,controller
94928291,2028-01-09,4108.25,3639.300963718785,4912.168222205302,40369.18458049944,41173.10280270474,controller
94928291,2028-01-16,4108.25,3589.0560748309535,3862.2521708051304,41173.10280270474,40927.10497350987,controller
94928291,2028-01-23,4108.25,3604.430939155633,3689.6555988263335,40927.10497350987,40508.51057233621,controller
94928291,2028-01-30,4108.25,3630.593089228987,3639.300963718785,40508.51057233621,40039.56153605499,controller
94928291,2028-02-06,4108.25,3659.902403996563,3589.0560748309535,40039.56153605499,39520.36761088594,controller
94928292,2026-08-30,3286.579611336558,552.0,12.0,54044.0,50769.42038866344,plan
94928292,2026-09-06,4601.211455871181,1656.0,600.0,50769.42038866344,46768.20893279226,plan
94928292,2026-09-13,4601.211455871181,1872.0,528.0,46768.20893279226,42694.997476921075,plan
94928292,2026-09-20,4601.211455871181,2400.0,552.0,42694.997476921075,38645.78602104989,plan
94928292,2026-09-27,4627.08163250486,8904.0,1656.0,38645.78602104989,35674.70438854503,plan
94928292,2026-10-04,4661.575201349766,9840.0,1872.0,35674.70438854503,32885.12918719527,plan
94928292,2026-10-11,4661.575201349766,26412.0,2400.0,32885.12918719527,30623.553985845505,plan_forward
94928292,2026-10-18,4661.575201349766,13860.0,8904.0,30623.553985845505,34865.97878449573,plan_forward
94928292,2026-10-25,4661.575201349766,3924.0,9840.0,34865.97878449573,40044.40358314596,plan
94928292,2026-11-01,2997.4935692374356,1993.4651299095308,26412.0,40044.40358314596,63458.91001390853,controller
94928292,2026-11-08,2997.4935692374356,530.0584779868705,13860.0,63458.91001390853,74321.41644467108,controller
94928292,2026-11-15,2997.4935692374356,0.0,3924.0,74321.41644467108,75247.92287543364,controller
94928292,2026-11-22,2997.4935692374356,0.0,1993.4651299095308,75247.92287543364,74243.89443610572,controller
94928292,2026-11-29,2997.4935692374356,0.0,530.0584779868705,74243.89443610572,71776.45934485515,controller
94928292,2026-12-06,2997.493569237436,10.211644802707724,0.0,71776.45934485515,68778.9657756177,controller
94928292,2026-12-13,2997.493569237436,197.55499288004785,0.0,68778.9657756177,65781.47220638026,controller
94928292,2026-12-20,2997.493569237436,384.898340957388,0.0,65781.47220638026,62783.97863714283,controller
94928292,2026-12-27,3472.945464126673,1285.4195313685827,10.211644802707724,62783.97863714283,59321.244817818864,controller
94928292,2027-01-03,4661.575201349766,3284.7850009109698,197.55499288004785,59321.244817818864,54857.22460934914,controller
94928292,2027-01-10,4661.575201349766,3563.7862639403274,384.898340957388,54857.22460934914,50580.54774895676,controller
94928292,2027-01-17,4661.575201349766,3831.0785677148515,1285.4195313685827,50580.54774895676,47204.39207897558,controller
94928292,2027-01-24,4661.575201349766,4042.088297088675,3284.7850009109698,47204.39207897558,45827.60187853678,controller
94928292,2027-01-31,4756.665580327614,4270.7732530828725,3563.7862639403274,45827.60187853678,44634.72256214949,controller
94928292,2027-02-07,4772.513976823922,4369.100805101541,3831.0785677148515,44634.72256214949,43693.287153040415,controller
94928292,2027-02-14,4772.513976823922,4427.940518170857,4042.088297088675,43693.287153040415,42962.861473305165,controller
94928292,2027-02-21,4772.513976823922,4473.592123154311,4270.7732530828725,42962.861473305165,42461.120749564114,controller
94928292,2027-02-28,4872.358874750661,4654.718265278234,4369.100805101541,42461.120749564114,41957.86267991499,controller
94928292,2027-03-07,4888.999691071785,4711.13311911299,4427.940518170857,41957.86267991499,41496.80350701407,controller
94928292,2027-03-14,4888.999691071785,4739.949317419298,4473.592123154311,41496.80350701407,41081.3959390966,controller
94928292,2027-03-21,4888.999691071785,4765.9122904141395,4654.718265278234,41081.3959390966,40847.11451330305,controller
94928292,2027-03-28,5203.5111195410145,5252.322022230081,4711.13311911299,40847.11451330305,40354.736512875024,controller
94928292,2027-04-04,5622.859690833323,5912.118504195296,4739.949317419298,40354.736512875024,39471.826139461,controller
94928292,2027-04-11,5622.859690833323,5967.300402533672,4765.9122904141395,39471.826139461,38614.87873904182,controller
94928292,2027-04-18,5622.859690833323,6020.8596150598705,5252.322022230081,38614.87873904182,38244.34107043858,controller
94928292,2027-04-25,5535.495405214253,5912.971790918968,5912.118504195296,38244.34107043858,38620.96416941962,controller
94928292,2027-05-02,5011.309691499841,5103.154276661036,5967.300402533672,38620.96416941962,39576.95488045345,controller
94928292,2027-05-09,5011.309691499841,5043.4048572214215,6020.8596150598705,39576.95488045345,40586.50480401348,controller
94928292,2027-05-16,5011.309691499841,4980.30798699892,5912.971790918968,40586.50480401348,41488.16690343261,controller
94928292,2027-05-23,5011.309691499841,4923.954105785224,5103.154276661036,41488.16690343261,41580.01148859381,controller
94928292,2027-05-30,5103.042191308531,5055.812568925683,5043.4048572214215,41580.01148859381,41520.3741545067,controller
94928292,2027-06-06,5139.7351912320055,5114.579402191339,4980.30798699892,41520.3741545067,41360.94695027361,controller
94928292,2027-06-13,5139.7351912320055,5124.543602455908,4923.954105785224,41360.94695027361,41145.16586482683,controller
94928292,2027-06-20,5139.7351912320055,5138.0299202963315,5055.812568925683,41145.16586482683,41061.243242520504,controller
94928292,2027-06-27,5182.5239137992785,5207.458168041387,5114.579402191339,41061.243242520504,40993.29873091257,controller
94928292,2027-07-04,5239.575543888976,5297.282145151429,5124.543602455908,40993.29873091257,40878.2667894795,controller
94928292,2027-07-11,5239.575543888976,5304.471641490996,5138.0299202963315,40878.2667894795,40776.721165886855,controller
94928292,2027-07-18,5239.575543888976,5310.818242965536,5207.458168041387,40776.721165886855,40744.60379003927,controller
94928292,2027-07-25,5239.575543888976,5312.82557895601,5297.282145151429,40744.60379003927,40802.310391301726,controller
94928292,2027-08-01,5239.575543888976,5309.218916377107,5304.471641490996,40802.310391301726,40867.20648890374,controller
94928292,2027-08-08,5239.575543888976,5305.16291027698,5310.818242965536,40867.20648890374,40938.4491879803,controller
94928292,2027-08-15,5239.575543888976,5300.710241584696,5312.82557895601,40938.4491879803,41011.69922304734,controller
94928292,2027-08-22,5239.575543888976,5296.132114393005,5309.218916377107,41011.69922304734,41081.342595535476,controller
94928292,2027-08-29,5239.5755441206475,5291.779403960004,5305.16291027698,41081.342595535476,41146.92996169181,controller
94928292,2027-09-05,5239.575544294403,5287.680193835866,5300.710241584696,41146.92996169181,41208.0646589821,controller
94928292,2027-09-12,5239.575544294403,5283.859275255223,5296.132114393005,41208.0646589821,41264.6212290807,controller
94928292,2027-09-19,5239.575544294403,5280.32448962406,5291.779403960004,41264.6212290807,41316.82508874631,controller
94928292,2027-09-26,5239.575544178566,5277.061748221205,5287.680193835866,41316.82508874631,41364.92973840361,controller
94928292,2027-10-03,5239.575543888976,5274.055207183239,5283.859275255223,41364.92973840361,41409.21346976986,controller
94928292,2027-10-10,5239.575543888976,5271.287473972849,5280.32448962406,41409.21346976986,41449.96241550494,controller
94928292,2027-10-17,5239.575543888976,5268.740664864406,5277.061748221205,41449.96241550494,41487.44861983717,controller
94928292,2027-10-24,5239.575543888976,5266.397777093642,5274.055207183239,41487.44861983717,41521.928283131434,controller
94928292,2027-10-31,5239.575544236484,5264.242798659012,5271.287473972849,41521.928283131434,41553.6402128678,controller
94928292,2027-11-07,5239.575544294403,5262.260803137367,5268.740664864406,41553.6402128678,41582.805333437806,controller
94928292,2027-11-14,5239.575544294403,5260.437983101741,5266.397777093642,41582.805333437806,41609.627566237046,controller
94928292,2027-11-21,5239.575544294403,5258.761593551789,5264.242798659012,41609.627566237046,41634.29482060166,controller
94928292,2027-11-28,5239.57554406273,5257.219889806491,5262.260803137367,41634.29482060166,41656.980079676294,controller
94928292,2027-12-05,5239.575543888976,5255.802060853696,5260.437983101741,41656.980079676294,41677.84251888906,controller
94928292,2027-12-12,5239.575543888976,5254.498158402898,5258.761593551789,41677.84251888906,41697.028568551876,controller
94928292,2027-12-19,5239.575543888976,5253.299030298973,5257.219889806491,41697.028568551876,41714.67291446939,controller
94928292,2027-12-26,4491.064751904836,4129.430070702918,5255.802060853696,41714.67291446939,42479.41022341825,controller
94928292,2028-01-02,4171.0,3601.5368610363594,5254.498158402898,42479.41022341825,43562.90838182115,controller
94928292,2028-01-09,4171.0,3533.818226136178,5253.299030298973,43562.90838182115,44645.20741212012,controller
94928292,2028-01-16,4171.0,3466.1745367424924,4129.430070702918,44645.20741212012,44603.63748282304,controller
94928292,2028-01-23,4171.0,3468.77265732356,3601.5368610363594,44603.63748282304,44034.1743438594,controller
94928292,2028-01-30,4171.0,3504.3641035087876,3533.818226136178,44034.1743438594,43396.99256999558,controller
94928292,2028-02-06,4171.0,3544.1879643752764,3466.1745367424924,43396.99256999558,42692.167106738074,controller
94928293,2026-08-30,1374.0156093214266,2188.0,36.0,14491.0,13152.984390678574,plan
94928293,2026-09-06,1923.6218530499968,1572.0,480.0,13152.984390678574,11709.362537628576,plan
94928293,2026-09-13,1923.6218530499968,1852.0,1096.0,11709.362537628576,10881.740684578579,plan
94928293,2026-09-20,1923.6218530499968,1932.0,2188.0,10881.740684578579,11146.118831528582,plan
94928293,2026-09-27,1939.8099412900551,1940.0,1572.0,11146.118831528582,10778.308890238526,plan
94928293,2026-10-04,1961.394058943466,1924.0,1852.0,10778.308890238526,10668.91483129506,plan
94928293,2026-10-11,1961.394058943466,2004.0,1932.0,10668.91483129506,10639.520772351594,plan
94928293,2026-10-18,1961.394058943466,2128.0,1940.0,10639.520772351594,10618.126713408128,plan
94928293,2026-10-25,1961.394058943466,1856.0,1924.0,10618.126713408128,10580.732654464662,plan
94928293,2026-11-01,2001.0548750957437,2340.2865217395743,2004.0,10580.732654464662,10583.677779368918,controller
94928293,2026-11-08,2001.0548750957437,2340.1024514330584,2128.0,10583.677779368918,10710.622904273174,controller
94928293,2026-11-15,2001.0548750957437,2332.168381126542,1856.0,10710.622904273174,10565.56802917743,controller
94928293,2026-11-22,2001.0548750957437,2341.234310820026,2340.2865217395743,10565.56802917743,10904.79967582126,controller
94928293,2026-11-29,2030.800487185783,2364.6507510398455,2340.1024514330584,10904.79967582126,11214.101640068535,controller
94928293,2026-12-06,2042.6987320217982,2363.1667455284137,2332.168381126542,11214.101640068535,11503.571289173278,controller
94928293,2026-12-13,2042.6987320217982,2345.074892459367,2341.234310820026,11503.571289173278,11802.106867971506,controller
94928293,2026-12-20,2042.6987320217982,2326.416418784478,2364.6507510398455,11802.106867971506,12124.058886989555,controller
94928293,2026-12-27,2055.1918891222026,2325.0341532464568,2363.1667455284137,12124.058886989555,12432.033743395765,controller
94928293,2027-01-03,2086.4247818732138,2352.635063847585,2345.074892459367,12432.033743395765,12690.683853981918,controller
94928293,2027-01-10,2086.4247818732138,2336.4694319359505,2326.416418784478,12690.683853981918,12930.675490893183,controller
94928293,2027-01-17,2086.4247818732138,2321.4699546289967,2325.0341532464568,12930.675490893183,13169.284862266428,controller
94928293,2027-01-24,2086.4247818732138,2306.556868918169,2352.635063847585,13169.284862266428,13435.495144240798,controller
94928293,2027-01-31,2125.7782267251664,2348.9488935726995,2336.4694319359505,13435.495144240798,13646.186349451584,controller
94928293,2027-02-07,2132.337134200492,2345.619054460014,2321.4699546289967,13646.186349451584,13835.31916988009,controller
94928293,2027-02-14,2132.337134200492,2333.7982531832326,2306.556868918169,13835.31916988009,14009.538904597766,controller
94928293,2027-02-21,2132.337134200492,2322.909519763378,2348.9488935726995,14009.538904597766,14226.150663969975,controller
94928293,2027-02-28,2173.6582515539562,2371.352960832811,2345.619054460014,14226.150663969975,14398.111466876035,controller
94928293,2027-03-07,2180.5451044462,2370.9356899895483,2333.7982531832326,14398.111466876035,14551.364615613065,controller
94928293,2027-03-14,2180.5451044462,2361.3573681934836,2322.909519763378,14551.364615613065,14693.729030930243,controller
94928293,2027-03-21,2180.5451044462,2352.45959223616,2371.352960832811,14693.729030930243,14884.536887316854,controller
94928293,2027-03-28,2310.706623304996,2535.7763795001906,2370.9356899895483,14884.536887316854,14944.765954001406,controller
94928293,2027-04-04,2484.255315116723,2792.3351005499967,2361.3573681934836,14944.765954001406,14821.868007078167,controller
94928293,2027-04-11,2484.255315116723,2800.016222232699,2352.45959223616,14821.868007078167,14690.072284197602,controller
94928293,2027-04-18,2484.255315116723,2808.2534549127345,2535.7763795001906,14690.072284197602,14741.593348581071,controller
94928293,2027-04-25,2448.0993375816925,2750.799422086222,2792.3351005499967,14741.593348581071,15085.829111549376,controller
94928293,2027-05-02,2231.16347237151,2403.8808890854293,2800.016222232699,15085.829111549376,15654.681861410565,controller
94928293,2027-05-09,2231.16347237151,2368.327592219105,2808.2534549127345,15654.681861410565,16231.771843951788,controller
94928293,2027-05-16,2231.16347237151,2332.2594683102784,2750.799422086222,16231.771843951788,16751.407793666498,controller
94928293,2027-05-23,2231.16347237151,2299.782221453109,2403.8808890854293,16751.407793666498,16924.125210380418,controller
94928293,2027-05-30,2269.1272489949156,2345.9330478435973,2368.327592219105,16924.125210380418,17023.32555360461,controller
94928293,2027-06-06,2284.312759644278,2362.5112923661286,2332.2594683102784,17023.32555360461,17071.27226227061,controller
94928293,2027-06-13,2284.312759644278,2359.5146230745036,2299.782221453109,17071.27226227061,17086.74172407944,controller
94928293,2027-06-20,2284.312759644278,2358.5477817114515,2345.9330478435973,17086.74172407944,17148.362012278758,controller
94928293,2027-06-27,2308.229938451228,2390.57228190942,2362.5112923661286,17148.362012278758,17202.64336619366,controller
94928293,2027-07-04,2340.1195101938292,2435.01405490364,2359.5146230745036,17202.64336619366,17222.038479074337,controller
94928293,2027-07-11,2340.1195101938292,2433.801860348598,2358.5477817114515,17222.038479074337,17240.46675059196,controller
94928293,2027-07-18,2340.1195101938292,2432.6500933787465,2390.57228190942,17240.46675059196,17290.91952230755,controller
94928293,2027-07-25,2340.1195101938292,2429.496795146522,2435.01405490364,17290.91952230755,17385.814067017363,controller
94928293,2027-08-01,2398.7165995292403,2511.461520105275,2433.801860348598,17385.814067017363,17420.89932783672,controller
94928293,2027-08-08,2398.7165995292403,2509.268691304065,2432.6500933787465,17420.89932783672,17454.832821686225,controller
94928293,2027-08-15,2398.7165995292403,2507.1478479384714,2429.496795146522,17454.832821686225,17485.613017303505,controller
94928293,2027-08-22,2398.7165995292403,2505.2240857123916,2511.461520105275,17485.613017303505,17598.35793787954,controller
94928293,2027-08-29,2433.8748528631722,2550.914908177287,2509.268691304065,17598.35793787954,17673.751776320434,controller
94928293,2027-09-05,2460.243542863621,2585.7558282754044,2507.1478479384714,17673.751776320434,17720.656081395286,controller
94928293,2027-09-12,2460.243542863621,2582.8243092082257,2505.2240857123916,17720.656081395286,17765.636624244056,controller
94928293,2027-09-19,2460.243542863621,2580.0130252801778,2550.914908177287,17765.636624244056,17856.307989557725,controller
94928293,2027-09-26,2478.701625676815,2602.033189167865,2585.7558282754044,17856.307989557725,17963.362192156314,controller
94928293,2027-10-03,2524.846832709801,2664.5601120549322,2582.8243092082257,17963.362192156314,18021.33966865474,controller
94928293,2027-10-10,2524.846832709801,2660.9365197737807,2580.0130252801778,18021.33966865474,18076.505861225116,controller
94928293,2027-10-17,2524.846832709801,2657.488632738132,2602.033189167865,18076.505861225116,18153.69221768318,controller
94928293,2027-10-24,2524.846832709801,2652.6644854595033,2664.5601120549322,18153.69221768318,18293.40549702831,controller
94928293,2027-10-31,2582.9897939990665,2731.14684743433,2660.9365197737807,18293.40549702831,18371.352222803023,controller
94928293,2027-11-07,2592.680287547277,2740.810917395727,2657.488632738132,18371.352222803023,18436.160567993877,controller
94928293,2027-11-14,2592.680287547277,2736.7603958212985,2652.6644854595033,18436.160567993877,18496.1447659061,controller
94928293,2027-11-21,2592.680287547277,2733.0113834517842,2731.14684743433,18496.1447659061,18634.611325793154,controller
94928293,2027-11-28,2633.380360728661,2785.407333230919,2740.810917395727,18634.611325793154,18742.04188246022,controller
94928293,2027-12-05,2663.9054156146985,2824.4805057682843,2736.7603958212985,18742.04188246022,18814.896862666817,controller
94928293,2027-12-12,2663.9054156146985,2819.927069505372,2733.0113834517842,18814.896862666817,18884.0028305039,controller
94928293,2027-12-19,2663.9054156146985,2815.607946515554,2785.407333230919,18884.0028305039,19005.50474812012,controller
94928293,2027-12-26,2283.3474990983127,2237.1772018899615,2824.4805057682843,19005.50474812012,19546.637754790096,controller
94928293,2028-01-02,1994.625,1770.272640325619,2819.927069505372,19546.637754790096,20371.939824295467,controller
94928293,2028-01-09,1994.625,1718.6912609815333,2815.607946515554,20371.939824295467,21192.92277081102,controller
94928293,2028-01-16,1994.625,1667.3798268243113,2237.1772018899615,21192.92277081102,21435.47497270098,controller
94928293,2028-01-23,1994.625,1652.2203142061887,1770.272640325619,21435.47497270098,21211.1226130266,controller
94928293,2028-01-30,1994.625,1666.2423366858375,1718.6912609815333,21211.1226130266,20935.188874008134,controller
94928293,2028-02-06,1994.625,1683.4881953744916,1667.3798268243113,20935.188874008134,20607.943700832446,controller
94979715,2026-08-30,788.1297775388466,336.0,1176.0,8043.0,8430.870222461153,plan
94979715,2026-09-06,1103.3816885543852,600.0,552.0,8430.870222461153,7879.488533906768,plan
94979715,2026-09-13,1103.3816885543852,528.0,384.0,7879.488533906768,7160.106845352382,plan
94979715,2026-09-20,1103.3816885543852,480.0,336.0,7160.106845352382,6392.7251567979965,plan
94979715,2026-09-27,1106.815507795252,576.0,600.0,6392.7251567979965,5885.909649002744,plan
94979715,2026-10-04,1111.393933449741,456.0,528.0,5885.909649002744,5302.515715553003,plan
94979715,2026-10-11,1111.393933449741,528.0,480.0,5302.515715553003,4671.121782103262,plan
94979715,2026-10-18,1111.393933449741,504.0,576.0,4671.121782103262,4135.7278486535215,plan
94979715,2026-10-25,1111.393933449741,504.0,456.0,4135.7278486535215,3480.3339152037806,plan
94979715,2026-11-01,1119.8067905898642,1462.18931618456,528.0,3480.3339152037806,2888.5271246139164,controller
94979715,2026-11-08,1119.8067905898642,1499.1772405964266,504.0,2888.5271246139164,2272.720334024052,controller
94979715,2026-11-15,1119.8067905898642,1537.6651650082931,504.0,2272.720334024052,1656.9135434341879,controller
94979715,2026-11-22,1119.8067905898642,1576.1530894201596,1462.18931618456,1656.9135434341879,1999.2960690288837,controller
94979715,2026-11-29,1126.1164334616642,1564.2186458781912,1499.1772405964266,1999.2960690288837,2372.356876163646,controller
94979715,2026-12-06,1128.640290610384,1544.6881311553482,1537.6651650082931,2372.356876163646,2781.3817505615552,controller
94979715,2026-12-13,1128.640290610384,1519.1240765054788,1576.1530894201596,2781.3817505615552,3228.894549371331,controller
94979715,2026-12-20,1128.640290610384,1491.1545265798677,1564.2186458781912,3228.894549371331,3664.4729046391376,controller
94979715,2026-12-27,1131.2903406111936,1467.9059543768444,1544.6881311553482,3664.4729046391376,4077.870695183292,controller
94979715,2027-01-03,1137.9154656132175,1452.0062799708705,1519.1240765054788,4077.870695183292,4459.079306075553,controller
94979715,2027-01-10,1137.9154656132175,1428.180741790104,1491.1545265798677,4459.079306075553,4812.318367042203,controller
94979715,2027-01-17,1137.9154656132175,1406.1033004796886,1467.9059543768444,4812.318367042203,5142.30885580583,controller
94979715,2027-01-24,1137.9154656132175,1385.4788949319618,1452.0062799708705,5142.30885580583,5456.399670163482,controller
94979715,2027-01-31,1146.2631230687969,1378.3697052179778,1428.180741790104,5456.399670163482,5738.317288884789,controller
94979715,2027-02-07,1147.6543993113935,1362.836768411791,1406.1033004796886,5738.317288884789,5996.766190053084,controller
94979715,2027-02-14,1147.6543993113935,1346.6837120887726,1385.4788949319618,5996.766190053084,6234.590685673652,controller
94979715,2027-02-21,1147.6543993113935,1331.819681112487,1378.3697052179778,6234.590685673652,6465.305991580236,controller
94979715,2027-02-28,1156.4194396616622,1330.5475350187285,1362.836768411791,6465.305991580236,6671.723320330365,controller
94979715,2027-03-07,1157.88027972004,1319.8377120594123,1346.6837120887726,6671.723320330365,6860.526752699097,controller
94979715,2027-03-14,1157.88027972004,1308.0374975363666,1331.819681112487,6860.526752699097,7034.466154091544,controller
94979715,2027-03-21,1157.88027972004,1297.1662849493387,1330.5475350187285,7034.466154091544,7207.1334093902315,controller
94979715,2027-03-28,1459.3818042177775,1738.6268682397767,1319.8377120594123,7207.1334093902315,7067.5893172318665,controller
94979715,2027-04-04,1861.3838368814274,2350.3514229951497,1308.0374975363666,7067.5893172318665,6514.242977886805,controller
94979715,2027-04-11,1861.3838368814274,2384.935569204216,1297.1662849493387,6514.242977886805,5950.025425954716,controller
94979715,2027-04-18,1861.3838368814274,2420.1991661999714,1738.6268682397767,5950.025425954716,5827.2684573130655,controller
94979715,2027-04-25,1867.9427443477787,2437.709837939601,2350.3514229951497,5827.2684573130655,6309.677135960436,controller
94979715,2027-05-02,1907.2961891458879,2466.5894627213047,2384.935569204216,6309.677135960436,6787.316516018765,controller
94979715,2027-05-09,1907.2961891458879,2436.737001467659,2420.1991661999714,6787.316516018765,7300.219493072848,controller
94979715,2027-05-16,1907.2961891458879,2404.680565401779,2437.709837939601,7300.219493072848,7830.63314186656,controller
94979715,2027-05-23,1907.2961891458879,2371.529712352172,2466.5894627213047,7830.63314186656,8389.926415441978,controller
94979715,2027-05-30,1941.7304535561907,2388.2252793691623,2436.737001467659,8389.926415441978,8884.932963353445,controller
94979715,2027-06-06,1955.5041593203111,2377.9479287708764,2404.680565401779,8884.932963353445,9334.109369434913,controller
94979715,2027-06-13,1955.5041593203111,2349.8744033907847,2371.529712352172,9334.109369434913,9750.134922466774,controller
94979715,2027-06-20,1955.5041593203111,2323.8728063262934,2388.2252793691623,9750.134922466774,10182.856042515625,controller
94979715,2027-06-27,1977.1977456274785,2329.368115783991,2377.9479287708764,10182.856042515625,10583.606225659023,controller
94979715,2027-07-04,2006.1225273703678,2347.708401951863,2349.8744033907847,10583.606225659023,10927.35810167944,controller
94979715,2027-07-11,2006.1225273703678,2326.223909700587,2323.8728063262934,10927.35810167944,11245.108380635365,controller
94979715,2027-07-18,2006.1225273703678,2306.3645172658416,2329.368115783991,11245.108380635365,11568.353969048989,controller
94979715,2027-07-25,2006.1225273703678,2286.16166798999,2347.708401951863,11568.353969048989,11909.939843630484,controller
94979715,2027-08-01,2059.271814112962,2344.536480942538,2326.223909700587,11909.939843630484,12176.891939218109,controller
94979715,2027-08-08,2059.271814112962,2327.8519749683114,2306.3645172658416,12176.891939218109,12423.984642370988,controller
94979715,2027-08-15,2059.271814112962,2312.4086810212566,2286.16166798999,12423.984642370988,12650.874496248016,controller
94979715,2027-08-22,2059.271814112962,2298.228065153942,2344.536480942538,12650.874496248016,12936.13916307759,controller
94979715,2027-08-29,2091.1613863367284,2328.233381812743,2327.8519749683114,12936.13916307759,13172.829751709174,controller
94979715,2027-09-05,2115.0785655045534,2349.3159887750066,2312.4086810212566,13172.829751709174,13370.159867225879,controller
94979715,2027-09-12,2115.0785655045534,2336.9828565552125,2298.228065153942,13370.159867225879,13553.309366875268,controller
94979715,2027-09-19,2115.0785655045534,2325.536012827126,2328.233381812743,13553.309366875268,13766.464183183458,controller
94979715,2027-09-26,2131.820590939852,2337.326874960812,2349.3159887750066,13766.464183183458,13983.959581018611,controller
94979715,2027-10-03,2173.6756545280978,2386.5160079784837,2336.9828565552125,13983.959581018611,14147.266783045725,controller
94979715,2027-10-10,2173.6756545280978,2376.3093078517886,2325.536012827126,14147.266783045725,14299.12714134475,controller
94979715,2027-10-17,2173.6756545280978,2366.8180354581,2337.326874960812,14299.12714134475,14462.778361777462,controller
94979715,2027-10-24,2173.6756545280978,2356.5898341810553,2386.5160079784837,14462.778361777462,14675.618715227847,controller
94979715,2027-10-31,2226.413034528996,2422.3933820917537,2376.3093078517886,14675.618715227847,14825.51498855064,controller
94979715,2027-11-07,2235.202597862479,2426.209210009303,2366.8180354581,14825.51498855064,14957.13042614626,controller
94979715,2027-11-14,2235.202597862479,2417.983245159577,2356.5898341810553,14957.13042614626,15078.517662464836,controller
94979715,2027-11-21,2235.202597862479,2410.396542889666,2422.3933820917537,15078.517662464836,15265.70844669411,controller
94979715,2027-11-28,2272.1187634888674,2454.0713673149194,2426.209210009303,15265.70844669411,15419.798893214549,controller
94979715,2027-12-05,2299.805887708659,2485.9714007370794,2417.983245159577,15419.798893214549,15537.976250665466,controller
94979715,2027-12-12,2299.805887708659,2478.5853158963973,2410.396542889666,15537.976250665466,15648.566905846474,controller
94979715,2027-12-19,2299.805887708659,2471.673399947584,2454.0713673149194,15648.566905846474,15802.832385452733,controller
94979715,2027-12-26,1971.2621894645652,1969.2162601060518,2485.9714007370794,15802.832385452733,16317.541596725247,controller
94979715,2028-01-02,1610.375,1395.716150204672,2478.5853158963973,16317.541596725247,17185.751912621643,controller
94979715,2028-01-09,1610.375,1341.4530054611473,2471.673399947584,17185.751912621643,18047.050312569227,controller
94979715,2028-01-16,1610.375,1287.6218554644233,1969.2162601060518,18047.050312569227,18405.89157267528,controller
94979715,2028-01-23,1610.375,1265.194276707795,1395.716150204672,18405.89157267528,18191.23272287995,controller
94979715,2028-01-30,1610.375,1278.610454820003,1341.4530054611473,18191.23272287995,17922.310728341097,controller
94979715,2028-02-06,1610.375,1295.4180794786814,1287.6218554644233,17922.310728341097,17599.55758380552,controller
94979716,2026-08-30,608.0958149963477,794.5812224945216,0.0,1881.0,1272.9041850036524,controller
94979716,2026-09-06,851.3341409948868,1197.444699929602,0.0,1272.9041850036524,421.57004400876565,controller
94979716,2026-09-13,851.3341409948868,1250.6530837417822,0.0,421.57004400876565,0.0,controller
94979716,2026-09-20,851.3341409948868,504.0,794.5812224945216,0.0,0.0,plan
94979716,2026-09-27,851.3341409948866,96.0,1197.444699929602,0.0,346.1105589347153,plan
94979716,2026-10-04,851.3341409948868,96.0,1250.6530837417822,346.1105589347153,745.4295016816108,plan
94979716,2026-10-11,851.3341409948868,96.0,504.0,745.4295016816108,398.0953606867241,plan
94979716,2026-10-18,851.3341409948868,24.0,96.0,398.0953606867241,0.0,plan
94979716,2026-10-25,851.3341409948868,72.0,96.0,0.0,0.0,plan
94979716,2026-11-01,851.3341409948868,1277.0012114923302,96.0,0.0,0.0,controller
94979716,2026-11-08,851.3341409948868,1277.0012114923302,24.0,0.0,0.0,controller
94979716,2026-11-15,851.3341409948868,1277.0012114923302,72.0,0.0,0.0,controller
94979716,2026-11-22,851.3341409948868,1277.0012114923302,1277.0012114923302,0.0,425.66707049744343,controller
94979716,2026-11-29,851.3341409948868,1250.3970195862398,1277.0012114923302,425.66707049744343,851.334140994887,controller
94979716,2026-12-06,851.3341409948868,1223.7928276801497,1277.0012114923302,851.334140994887,1277.0012114923306,controller
94979716,2026-12-13,851.3341409948868,1197.1886357740595,1277.0012114923302,1277.0012114923306,1702.6682819897742,controller
94979716,2026-12-20,851.3341409948868,1170.5844438679692,1250.3970195862398,1702.6682819897742,2101.7311605811274,controller
94979716,2026-12-27,851.3341409948868,1145.6430139560098,1223.7928276801497,2101.7311605811274,2474.18984726639,controller
94979716,2027-01-03,851.3341409948868,1122.3643460381809,1197.1886357740595,2474.18984726639,2820.044342045563,controller
94979716,2027-01-10,851.3341409948868,1100.7484401144825,1170.5844438679692,2820.044342045563,3139.2946449186456,controller
94979716,2027-01-17,851.3341409948868,1080.7952961849148,1145.6430139560098,3139.2946449186456,3433.603517879769,controller
94979716,2027-01-24,851.3341409948868,1062.4009916248447,1122.3643460381809,3433.603517879769,3704.6337229230626,controller
94979716,2027-01-31,851.3341409948868,1045.4616038096387,1100.7484401144825,3704.6337229230626,3954.0480220426584,controller
94979716,2027-02-07,851.3341409948868,1029.873210114664,1080.7952961849148,3954.0480220426584,4183.509177232686,controller
94979716,2027-02-14,851.3341409948868,1015.5318879152873,1062.4009916248447,4183.509177232686,4394.576027862643,controller
94979716,2027-02-21,851.3341409948868,1002.3402097509149,1045.4616038096387,4394.576027862643,4588.703490677394,controller
94979716,2027-02-28,851.3341409948866,990.2072433249928,1029.873210114664,4588.703490677394,4767.242559797172,controller
94979716,2027-03-07,851.3341409948868,979.0485515050068,1015.5318879152873,4767.242559797172,4931.440306717573,controller
94979716,2027-03-14,851.3341409948868,968.7861923224818,1002.3402097509149,4931.440306717573,5082.446375473601,controller
94979716,2027-03-21,851.3341409948868,959.34831302523,990.2072433249928,5082.446375473601,5221.319477803706,controller
94979716,2027-03-28,851.3341409948868,950.6687441295985,979.0485515050068,5221.319477803706,5349.033888313826,controller
94979716,2027-04-04,851.3341409948868,942.686593472716,968.7861923224818,5349.033888313826,5466.48593964142,controller
94979716,2027-04-11,851.3341409948868,935.3458402647414,959.34831302523,5466.48593964142,5574.500111671763,controller
94979716,2027-04-18,851.3341409948868,928.5949545128449,950.6687441295985,5574.500111671763,5673.834714806474,controller
94979716,2027-04-25,1739.1994909471969,2254.184566745391,942.686593472716,5673.834714806474,4877.321817331993,controller
94979716,2027-05-02,7066.391590661056,10294.754772408334,935.3458402647414,4877.321817331993,0.0,controller
94979716,2027-05-09,7066.391590661056,10599.587385991585,928.5949545128449,0.0,0.0,controller
94979716,2027-05-16,7066.391590661056,10599.587385991585,2254.184566745391,0.0,0.0,controller
94979716,2027-05-23,7066.391590661056,10599.587385991585,10294.754772408334,0.0,3228.363181747278,controller
94979716,2027-05-30,7066.391590861542,10397.814687433107,10599.587385991585,3228.363181747278,6761.558976877321,controller
94979716,2027-06-06,7066.391590941737,10176.989950357773,10599.587385991585,6761.558976877321,10294.754771927168,controller
94979716,2027-06-13,7066.391590941737,9956.165213167158,10599.587385991585,10294.754771927168,13827.950566977015,controller
94979716,2027-06-20,7066.391590941737,9735.340475976544,10397.814687433107,13827.950566977015,17159.373663468385,controller
94979716,2027-06-27,7066.391590821446,9527.126532265394,10176.989950357773,17159.373663468385,20269.97202300471,controller
94979716,2027-07-04,7066.391590661056,9332.71413455379,9956.165213167158,20269.97202300471,23159.74564551081,controller
94979716,2027-07-11,7066.391590661056,9152.103283147158,9735.340475976544,23159.74564551081,25828.694530826302,controller
94979716,2027-07-18,7066.391590661056,8985.293977814941,9527.126532265394,25828.694530826302,28289.42947243064,controller
94979716,2027-07-25,7066.391590661056,8831.49804396467,9332.71413455379,28289.42947243064,30555.75201632337,controller
94979716,2027-08-01,7066.391590661056,8689.852884971373,9152.103283147158,30555.75201632337,32641.463708809475,controller
94979716,2027-08-08,7066.391590661056,8559.495904190993,8985.293977814941,32641.463708809475,34560.36609596336,controller
94979716,2027-08-15,7066.391590661056,8439.564504993874,8831.49804396467,34560.36609596336,36325.472549266975,controller
94979716,2027-08-22,7066.391590661056,8329.2453516624,8689.852884971373,36325.472549266975,37948.93384357729,controller
94979716,2027-08-29,7066.391590821446,8227.779021008588,8559.495904190993,37948.93384357729,39442.03815694684,controller
94979716,2027-09-05,7066.391590941737,8134.460001603429,8439.564504993874,39442.03815694684,40815.21107099898,controller
94979716,2027-09-12,7066.391590941737,8048.63669447517,8329.2453516624,40815.21107099898,42078.06483171965,controller
94979716,2027-09-19,7066.391590941737,7969.708334430128,8227.779021008588,42078.06483171965,43239.4522617865,controller
94979716,2027-09-26,7066.391590861542,7897.121619930656,8134.460001603429,43239.4522617865,44307.52067252839,controller
94979716,2027-10-03,7066.391590661056,7830.36734395856,8048.63669447517,44307.52067252839,45289.76577634251,controller
94979716,2027-10-10,7066.391590661056,7768.977024970178,7969.708334430128,45289.76577634251,46193.08252011158,controller
94979716,2027-10-17,7066.391590661056,7712.519728484611,7897.121619930656,46193.08252011158,47023.81254938118,controller
94979716,2027-10-24,7066.391590661056,7660.599101655261,7830.36734395856,47023.81254938118,47787.78830267869,controller
94979716,2027-10-31,7066.3915909016405,7612.850617435042,7768.977024970178,47787.78830267869,48490.37373674722,controller
94979716,2027-11-07,7066.391590941737,7568.939027865905,7712.519728484611,48490.37373674722,49136.50187429009,controller
94979716,2027-11-14,7066.391590941737,7528.556019269476,7660.599101655261,49136.50187429009,49730.7093850036,controller
94979716,2027-11-21,7066.391590941737,7491.418049849881,7612.850617435042,49730.7093850036,50277.16841149691,controller
94979716,2027-11-28,7066.391590781348,7457.264360453465,7568.939027865905,50277.16841149691,50779.715848581465,controller
94979716,2027-12-05,7066.391590661056,7425.8551454552435,7528.556019269476,50779.715848581465,51241.880277189885,controller
94979716,2027-12-12,7066.391590661056,7396.969868667216,7491.418049849881,51241.880277189885,51666.90673637871,controller
94979716,2027-12-19,7066.391590661056,7370.405714967916,7457.264360453465,51666.90673637871,52057.77950617112,controller
94979716,2027-12-26,6056.907077709478,5831.749397428521,7425.8551454552435,52057.77950617112,53426.72757391689,controller
94979716,2028-01-02,1453.625,0.0,7396.969868667216,53426.72757391689,59370.0724425841,controller
94979716,2028-01-09,1453.625,0.0,7370.405714967916,59370.0724425841,65286.85315755202,controller
94979716,2028-01-16,1453.625,0.0,5831.749397428521,65286.85315755202,69664.97755498053,controller
94979716,2028-01-23,1453.625,0.0,0.0,69664.97755498053,68211.35255498053,controller
94979716,2028-01-30,1453.625,0.0,0.0,68211.35255498053,66757.72755498053,controller
94979716,2028-02-06,1453.625,0.0,0.0,66757.72755498053,65304.102554980534,controller
94979717,2026-08-30,943.8648380414166,1698.0,684.0,7373.0,7113.135161958583,plan
94979717,2026-09-06,1321.4107732579835,996.0,1026.0,7113.135161958583,6817.7243887006,plan
94979717,2026-09-13,1321.4107732579835,1014.0,942.0,6817.7243887006,6438.3136154426165,plan
94979717,2026-09-20,1321.4107732579835,1044.0,1698.0,6438.3136154426165,6814.902842184633,plan
94979717,2026-09-27,1323.3807910930486,1050.0,996.0,6814.902842184633,6487.522051091584,plan
94979717,2026-10-04,1326.007481539803,960.0,1014.0,6487.522051091584,6175.514569551781,plan
94979717,2026-10-11,1326.007481539803,930.0,1044.0,6175.514569551781,5893.507088011978,plan
94979717,2026-10-18,1326.007481539803,996.0,1050.0,5893.507088011978,5617.499606472175,plan
94979717,2026-10-25,1326.007481539803,882.0,960.0,5617.499606472175,5251.4921249323725,plan
94979717,2026-11-01,1326.0074815398032,1660.7929645014315,930.0,5251.4921249323725,4855.4846433925695,controller
94979717,2026-11-08,1326.0074815398032,1685.5434320976692,996.0,4855.4846433925695,4525.477161852767,controller
94979717,2026-11-15,1326.0074815398032,1706.168899693907,882.0,4525.477161852767,4081.4696803129636,controller
94979717,2026-11-22,1326.0074815398032,1733.9193672901445,1660.7929645014315,4081.4696803129636,4416.255163274592,controller
94979717,2026-11-29,1326.007481539803,1712.9952746050424,1685.5434320976692,4416.255163274592,4775.791113832458,controller
94979717,2026-12-06,1326.007481539803,1690.524277695176,1706.168899693907,4775.791113832458,5155.952531986562,controller
94979717,2026-12-13,1326.007481539803,1666.7641890605444,1733.9193672901445,5155.952531986562,5563.864417736903,controller
94979717,2026-12-20,1326.007481539803,1641.269696201148,1712.9952746050424,5563.864417736903,5950.8522108021425,controller
94979717,2026-12-27,1326.007481539803,1617.0829591345705,1690.524277695176,5950.8522108021425,6315.369006957516,controller
94979717,2027-01-03,1326.007481539803,1594.3006593748596,1666.7641890605444,6315.369006957516,6656.125714478258,controller
94979717,2027-01-10,1326.007481539803,1573.0033651548133,1641.269696201148,6656.125714478258,6971.387929139603,controller
94979717,2027-01-17,1326.007481539803,1553.2994767384791,1617.0829591345705,6971.387929139603,7262.463406734371,controller
94979717,2027-01-24,1326.007481539803,1535.1072593888061,1594.3006593748596,7262.463406734371,7530.756584569427,controller
94979717,2027-01-31,1326.007481539803,1518.3389357741153,1573.0033651548133,7530.756584569427,7777.752468184438,controller
94979717,2027-02-07,1326.0074815398027,1502.9016930481766,1553.2994767384791,7777.752468184438,8005.044463383115,controller
94979717,2027-02-14,1326.0074815398027,1488.6959433482593,1535.1072593888061,8005.044463383115,8214.14424123212,controller
94979717,2027-02-21,1326.0074815398027,1475.6272072326965,1518.3389357741153,8214.14424123212,8406.475695466432,controller
94979717,2027-02-28,1326.0074815398027,1463.606491343052,1502.9016930481766,8406.475695466432,8583.369906974805,controller
94979717,2027-03-07,1326.007481539803,1452.5506031237792,1488.6959433482593,8583.369906974805,8746.058368783262,controller
94979717,2027-03-14,1326.007481539803,1442.3825742607505,1475.6272072326965,8746.058368783262,8895.678094476156,controller
94979717,2027-03-21,1326.007481539803,1433.0313414049447,1463.606491343052,8895.678094476156,9033.277104279405,controller
94979717,2027-03-28,1662.242089559512,1928.783315321805,1452.5506031237792,9033.277104279405,8823.585617843672,controller
94979717,2027-04-04,2110.554900252457,2614.3582492634564,1442.3825742607505,8823.585617843672,8155.4132918519645,controller
94979717,2027-04-11,2110.554900252457,2656.119019637938,1433.0313414049447,8155.4132918519645,7477.889733004453,controller
94979717,2027-04-18,2110.554900252457,2698.4642420659075,1928.783315321805,7477.889733004453,7296.118148073801,controller
94979717,2027-04-25,2110.554900252457,2709.8249661240734,2614.3582492634564,7296.118148073801,7799.921497084801,controller
94979717,2027-05-02,2110.5549002524576,2678.337256810886,2656.119019637938,7799.921497084801,8345.48561647028,controller
94979717,2027-05-09,2110.5549002524576,2644.239499349294,2698.4642420659075,8345.48561647028,8933.39495828373,controller
94979717,2027-05-16,2110.5549002524576,2607.4951654859533,2709.8249661240734,8933.39495828373,9532.665024155347,controller
94979717,2027-05-23,2110.5549002524576,2570.040786368977,2678.337256810886,9532.665024155347,10100.447380713777,controller
94979717,2027-05-30,2110.554900252457,2534.5543890840745,2644.239499349294,10100.447380713777,10634.131979810614,controller
94979717,2027-06-06,2110.554900252457,2501.1991016405223,2607.4951654859533,10634.131979810614,11131.07224504411,controller
94979717,2027-06-13,2110.554900252457,2470.140335063429,2570.040786368977,11131.07224504411,11590.55813116063,controller
94979717,2027-06-20,2110.554900252457,2441.422467181146,2534.5543890840745,11590.55813116063,12014.557619992247,controller
94979717,2027-06-27,2110.554900252457,2414.9224991291703,2501.1991016405223,12014.557619992247,12405.201821380313,controller
94979717,2027-07-04,2110.5549002524576,2390.5072365424166,2470.140335063429,12405.201821380313,12764.787256191285,controller
94979717,2027-07-11,2110.5549002524576,2368.033146866731,2441.422467181146,12764.787256191285,13095.654823119974,controller
94979717,2027-07-18,2110.5549002524576,2347.353923933688,2414.9224991291703,13095.654823119974,13400.022421996688,controller
94979717,2027-07-25,2110.5549002524576,2328.3309490038937,2390.5072365424166,13400.022421996688,13679.974758286648,controller
94979717,2027-08-01,2110.5549002524576,2310.833927985771,2368.033146866731,13679.974758286648,13937.453004900923,controller
94979717,2027-08-08,2110.5549002524576,2294.7415375723785,2347.353923933688,13937.453004900923,14174.252028582152,controller
94979717,2027-08-15,2110.5549002524576,2279.941598592302,2328.3309490038937,14174.252028582152,14392.02807733359,controller
94979717,2027-08-22,2110.5549002524576,2266.330595545337,2310.833927985771,14392.02807733359,14592.307105066906,controller
94979717,2027-08-29,2110.554900252457,2253.813156312004,2294.7415375723785,14592.307105066906,14776.493742386829,controller
94979717,2027-09-05,2110.554900252457,2242.301491479509,2279.941598592302,14776.493742386829,14945.880440726673,controller
94979717,2027-09-12,2110.554900252457,2231.714822833269,2266.330595545337,14945.880440726673,15101.656136019552,controller
94979717,2027-09-19,2110.554900252457,2221.9788418774638,2253.813156312004,15101.656136019552,15244.9143920791,controller
94979717,2027-09-26,2110.554900252457,2213.025200873742,2242.301491479509,15244.9143920791,15376.660983306152,controller
94979717,2027-10-03,2110.5549002524576,2204.791038922052,2231.714822833269,15376.660983306152,15497.820905886965,controller
94979717,2027-10-10,2110.5549002524576,2197.2185437607513,2221.9788418774638,15497.820905886965,15609.24484751197,controller
94979717,2027-10-17,2110.5549002524576,2190.2545474091885,2213.025200873742,15609.24484751197,15711.715148133255,controller
94979717,2027-10-24,2110.5549002524576,2183.850153620358,2204.791038922052,15711.715148133255,15805.95128680285,controller
94979717,2027-10-31,2110.554900252457,2177.9603949535076,2197.2185437607513,15805.95128680285,15892.614930311145,controller
94979717,2027-11-07,2110.554900252457,2172.5439172342394,2190.2545474091885,15892.614930311145,15972.314577467878,controller
94979717,2027-11-14,2110.554900252457,2167.562689286943,2183.850153620358,15972.314577467878,16045.60983083578,controller
94979717,2027-11-21,2110.554900252457,2162.9817359514495,2177.9603949535076,16045.60983083578,16113.015325536831,controller
94979717,2027-11-28,2110.554900252457,2158.768892532634,2172.5439172342394,16113.015325536831,16175.004342518616,controller
94979717,2027-12-05,2110.5549002524576,2154.894578971273,2167.562689286943,16175.004342518616,16232.012131553103,controller
94979717,2027-12-12,2110.5549002524576,2151.3315921566173,2162.9817359514495,16232.012131553103,16284.438967252096,controller
94979717,2027-12-19,2110.5549002524576,2148.0549149254302,2158.768892532634,16284.438967252096,16332.652959532272,controller
94979717,2027-12-26,1809.047057359249,1692.7797760681065,2154.894578971273,16332.652959532272,16678.500481144296,controller
94979717,2028-01-02,1251.375,834.6562199284815,2151.3315921566173,16678.500481144296,17578.457073300913,controller
94979717,2028-01-09,1251.375,778.4089329186929,2148.0549149254302,17578.457073300913,18475.136988226343,controller
94979717,2028-01-16,1251.375,722.3664382358536,1692.7797760681065,18475.136988226343,18916.54176429445,controller
94979717,2028-01-23,1251.375,694.778639731597,834.6562199284815,18916.54176429445,18499.82298422293,controller
94979717,2028-01-30,1251.375,720.8235634860669,778.4089329186929,18499.82298422293,18026.856917141624,controller
94979717,2028-02-06,1251.375,750.3839426786485,722.3664382358536,18026.856917141624,17497.84835537748,controller
94979718,2026-08-30,1132.1232611793203,2112.0,1032.0,6114.0,6013.87673882068,plan
94979718,2026-09-06,1584.9725656510484,1752.0,1896.0,6013.87673882068,6324.904173169632,plan
94979718,2026-09-13,1584.9725656510484,1464.0,1800.0,6324.904173169632,6539.931607518583,plan
94979718,2026-09-20,1584.9725656510484,1536.0,2112.0,6539.931607518583,7066.959041867535,plan
94979718,2026-09-27,1596.9833195487063,1608.0,1752.0,7066.959041867535,7221.97572231883,plan
94979718,2026-10-04,1612.9976580789166,1344.0,1464.0,7221.97572231883,7072.978064239913,plan
94979718,2026-10-11,1612.9976580789166,1536.0,1536.0,7072.978064239913,6995.980406160996,plan
94979718,2026-10-18,1612.9976580789166,1488.0,1608.0,6995.980406160996,6990.982748082079,plan
94979718,2026-10-25,1612.9976580789166,1512.0,1344.0,6990.982748082079,6721.9850900031615,plan
94979718,2026-11-01,1642.4240051765178,2043.511939639579,1536.0,6721.9850900031615,6615.561084826644,controller
94979718,2026-11-08,1642.4240051765178,2050.163439963111,1488.0,6615.561084826644,6461.137079650127,controller
94979718,2026-11-15,1642.4240051765178,2059.814940286644,1512.0,6461.137079650127,6330.71307447361,controller
94979718,2026-11-22,1642.4240051765178,2067.966440610176,2043.511939639579,6330.71307447361,6731.801008936671,controller
94979718,2026-11-29,1664.4937654498199,2076.003085116188,2050.163439963111,6731.801008936671,7117.470683449962,controller
94979718,2026-12-06,1673.3216695591407,2065.1405866230884,2059.814940286644,7117.470683449962,7503.963954177466,controller
94979718,2026-12-13,1673.3216695591407,2040.9847572026194,2067.966440610176,7503.963954177466,7898.608725228501,controller
94979718,2026-12-20,1673.3216695591407,2016.3194590119297,2076.003085116188,7898.608725228501,8301.290140785548,controller
94979718,2026-12-27,1682.5909688733927,2005.0558195109925,2065.1405866230884,8301.290140785548,8683.839758535243,controller
94979718,2027-01-03,1705.7642171590235,2015.9063408300826,2040.9847572026194,8683.839758535243,9019.06029857884,controller
94979718,2027-01-10,1705.7642171590235,1994.9550570773577,2016.3194590119297,9019.06029857884,9329.615540431745,controller
94979718,2027-01-17,1705.7642171590235,1975.5453544615511,2005.0558195109925,9329.615540431745,9628.907142783715,controller
94979718,2027-01-24,1705.7642171590235,1956.839629314553,2015.9063408300826,9628.907142783715,9939.049266454775,controller
94979718,2027-01-31,1734.962509977151,1981.2531858123032,1994.9550570773577,9939.049266454775,10199.04181355498,controller
94979718,2027-02-07,1739.8288921135056,1972.303224823072,1975.5453544615511,10199.04181355498,10434.758275903027,controller
94979718,2027-02-14,1739.8288921135056,1957.5709459263194,1956.839629314553,10434.758275903027,10651.769013104073,controller
94979718,2027-02-21,1739.8288921135056,1944.007774851254,1981.2531858123032,10651.769013104073,10893.19330680287,controller
94979718,2027-02-28,1770.4870996123502,1974.9060677433458,1972.303224823072,10893.19330680287,11095.009432013592,controller
94979718,2027-03-07,1775.5968008621576,1969.957111792387,1957.5709459263194,11095.009432013592,11276.983577077754,controller
94979718,2027-03-14,1775.5968008621576,1958.5837277258768,1944.007774851254,11276.983577077754,11445.394551066849,controller
94979718,2027-03-21,1775.5968008621576,1948.0580418515583,1974.9060677433458,11445.394551066849,11644.703817948037,controller
94979718,2027-03-28,2238.786846769724,2630.386281532834,1969.957111792387,11644.703817948037,11375.8740829707,controller
94979718,2027-04-04,2856.3735746464795,3573.5682317840506,1958.5837277258768,11375.8740829707,10478.084236050097,controller
94979718,2027-04-11,2856.3735746464795,3629.6800972165884,1948.0580418515583,10478.084236050097,9569.768703255177,controller
94979718,2027-04-18,2856.3735746464795,3686.449818016271,2630.386281532834,9569.768703255177,9343.781410141532,controller
94979718,2027-04-25,2869.458594978045,3720.201554333222,3573.5682317840506,9343.781410141532,10047.891046947538,controller
94979718,2027-05-02,2947.968716967438,3793.959885016936,3629.6800972165884,10047.891046947538,10729.602427196687,controller
94979718,2027-05-09,2947.968716967438,3751.352923751364,3686.449818016271,10729.602427196687,11468.083528245521,controller
94979718,2027-05-16,2947.968716967438,3705.197854935812,3720.201554333222,11468.083528245521,12240.316365611305,controller
94979718,2027-05-23,2947.968716967438,3656.9333026004506,3793.959885016936,12240.316365611305,13086.307533660804,controller
94979718,2027-05-30,3016.6650743731007,3707.103390705851,3751.352923751364,13086.307533660804,13820.995383039066,controller
94979718,2027-06-06,3044.1436173353654,3702.4032145631063,3705.197854935812,13820.995383039066,14482.049620639511,controller
94979718,2027-06-13,3044.1436173353654,3661.0873247130785,3656.9333026004506,14482.049620639511,15094.839305904596,controller
94979718,2027-06-20,3044.1436173353654,3622.787969384011,3707.103390705851,15094.839305904596,15757.799079275082,controller
94979718,2027-06-27,3087.4223221340435,3646.271040746373,3702.4032145631063,15757.799079275082,16372.779971704145,controller
94979718,2027-07-04,3145.1272618656153,3694.392144566914,3661.0873247130785,16372.779971704145,16888.740034551607,controller
94979718,2027-07-11,3145.1272618656153,3662.1446406389477,3622.787969384011,16888.740034551607,17366.400742070004,controller
94979718,2027-07-18,3145.1272618656153,3632.2908464190477,3646.271040746373,17366.400742070004,17867.54452095076,controller
94979718,2027-07-25,3145.1272618656153,3600.9693602390007,3694.392144566914,17867.54452095076,18416.80940365206,controller
94979718,2027-08-01,3251.160089384892,3725.6895463490846,3662.1446406389477,18416.80940365206,18827.793954906116,controller
94979718,2027-08-08,3251.160089384892,3700.003011895706,3632.2908464190477,18827.793954906116,19208.92471194027,controller
94979718,2027-08-15,3251.160089384892,3676.1823395810716,3600.9693602390007,19208.92471194027,19558.73398279438,controller
94979718,2027-08-22,3251.160089384892,3654.31926015269,3725.6895463490846,19558.73398279438,20033.26343975857,controller
94979718,2027-08-29,3314.7797857538903,3720.0907136459246,3700.003011895706,20033.26343975857,20418.48666590039,controller
94979718,2027-09-05,3362.4945580306394,3767.5864204271847,3676.1823395810716,20418.48666590039,20732.174447450823,controller
94979718,2027-09-12,3362.4945580306394,3747.9809340802826,3654.31926015269,20732.174447450823,21023.999149572875,controller
94979718,2027-09-19,3362.4945580306394,3729.7418901976544,3720.0907136459246,21023.999149572875,21381.59530518816,controller
94979718,2027-09-26,3369.2654122072345,3717.548411736592,3767.5864204271847,21381.59530518816,21779.91631340811,controller
94979718,2027-10-03,3386.1925476487245,3718.04405188508,3747.9809340802826,21779.91631340811,22141.70469983967,controller
94979718,2027-10-10,3386.1925476487245,3695.432277733107,3729.7418901976544,22141.70469983967,22485.254042388602,controller
94979718,2027-10-17,3386.1925476487245,3673.9604438237993,3717.548411736592,22485.254042388602,22816.60990647647,controller
94979718,2027-10-24,3386.1925476487245,3653.250702318307,3718.04405188508,22816.60990647647,23148.46141071283,controller
94979718,2027-10-31,3386.1925479962324,3632.509983824797,3695.432277733107,23148.46141071283,23457.701140449703,controller
94979718,2027-11-07,3386.192548054151,3613.18250080312,3673.9604438237993,23457.701140449703,23745.46903621935,controller
94979718,2027-11-14,3386.192548054151,3595.197007317517,3653.250702318307,23745.46903621935,24012.527190483506,controller
94979718,2027-11-21,3386.192548054151,3578.505872676007,3632.509983824797,24012.527190483506,24258.84462625415,controller
94979718,2027-11-28,3386.1925478224784,3563.111032592833,3613.18250080312,24258.84462625415,24485.83457923479,controller
94979718,2027-12-05,3386.1925476487245,3548.9241602709126,3595.197007317517,24485.83457923479,24694.839038903585,controller
94979718,2027-12-12,3386.1925476487245,3535.861381541613,3578.505872676007,24694.839038903585,24887.15236393087,controller
94979718,2027-12-19,3386.1925476487245,3523.8417987274074,3563.111032592833,24887.15236393087,25064.07084887498,controller
94979718,2027-12-26,2902.450755127478,2787.17170463653,3548.9241602709126,25064.07084887498,25710.544254018416,controller
94979718,2028-01-02,1749.25,1016.965984123849,3535.861381541613,25710.544254018416,27497.15563556003,controller
94979718,2028-01-09,1749.25,905.3027727774981,3523.8417987274074,27497.15563556003,29271.747434287437,controller
94979718,2028-01-16,1749.25,794.3907853570352,2787.17170463653,29271.747434287437,30309.669138923968,controller
94979718,2028-01-23,1749.25,729.520678817252,1016.965984123849,30309.669138923968,29577.385123047818,controller
94979718,2028-01-30,1749.25,775.2884298095114,905.3027727774981,29577.385123047818,28733.437895825315,controller
94979718,2028-02-06,1749.25,828.0351315109178,794.3907853570352,28733.437895825315,27778.57868118235,controller
95285660,2026-08-30,0.0,0.0,0.0,0.0,0.0,controller
95285660,2026-09-06,0.0,0.0,0.0,0.0,0.0,controller
95285660,2026-09-13,0.0,0.0,0.0,0.0,0.0,controller
95285660,2026-09-20,0.0,0.0,4944.0,0.0,4944.0,controller
95285660,2026-09-27,277.0714286129033,106.60714291935491,18576.0,4944.0,23242.928571387096,controller
95285660,2026-10-04,646.5000000967742,36360.0,2496.0,23242.928571387096,25092.428571290322,plan_forward
95285660,2026-10-11,646.5000000967742,15528.0,0.0,25092.428571290322,24445.928571193548,plan_forward
95285660,2026-10-18,646.5000000967742,16200.0,106.60714291935491,24445.928571193548,23906.03571401613,plan_forward
95285660,2026-10-25,646.5000000967742,16056.0,36360.0,23906.03571401613,59619.53571391935,plan_forward
95285660,2026-11-01,969.7500001,0.0,15528.0,59619.53571391935,74177.78571381935,controller
95285660,2026-11-08,969.7500001,0.0,16200.0,74177.78571381935,89408.03571371935,controller
95285660,2026-11-15,969.7500001,0.0,16056.0,89408.03571371935,104494.28571361935,controller
95285660,2026-11-22,969.7500001,0.0,0.0,104494.28571361935,103524.53571351935,controller
95285660,2026-11-29,969.7500000516129,0.0,0.0,103524.53571351935,102554.78571346773,controller
95285660,2026-12-06,969.7500000322581,0.0,0.0,102554.78571346773,101585.03571343547,controller
95285660,2026-12-13,969.7500000322581,0.0,0.0,101585.03571343547,100615.28571340321,controller
95285660,2026-12-20,969.7500000322581,0.0,0.0,100615.28571340321,99645.53571337095,controller
95285660,2026-12-27,1431.535714032258,0.0,0.0,99645.53571337095,98213.99999933869,controller
95285660,2027-01-03,2585.999999032258,0.0,0.0,98213.99999933869,95628.00000030643,controller
95285660,2027-01-10,2585.999999032258,0.0,0.0,95628.00000030643,93042.00000127418,controller
95285660,2027-01-17,2585.999999032258,0.0,0.0,93042.00000127418,90456.00000224193,controller
95285660,2027-01-24,2585.999999032258,0.0,0.0,90456.00000224193,87870.00000320967,controller
95285660,2027-01-31,2696.8285712903225,0.0,0.0,87870.00000320967,85173.17143191936,controller
95285660,2027-02-07,2715.3,0.0,0.0,85173.17143191936,82457.87143191935,controller
95285660,2027-02-14,2715.3,0.0,0.0,82457.87143191935,79742.57143191935,controller
95285660,2027-02-21,2715.3,0.0,0.0,79742.57143191935,77027.27143191935,controller
95285660,2027-02-28,2831.67,0.0,0.0,77027.27143191935,74195.60143191935,controller
95285660,2027-03-07,2851.065,0.0,0.0,74195.60143191935,71344.53643191935,controller
95285660,2027-03-14,2851.065,0.0,0.0,71344.53643191935,68493.47143191934,controller
95285660,2027-03-21,2851.065,0.0,0.0,68493.47143191934,65642.40643191934,controller
95285660,2027-03-28,2912.15925,265.5884730050416,0.0,65642.40643191934,62730.247181919345,controller
95285660,2027-04-04,2993.61825,569.7869261300407,0.0,62730.247181919345,59736.628931919346,controller
95285660,2027-04-11,2993.61825,756.8880667550407,0.0,59736.628931919346,56743.010681919346,controller
95285660,2027-04-18,2993.61825,943.9892073800406,265.5884730050416,56743.010681919346,54014.980904924385,controller
95285660,2027-04-25,3015.001237419355,1146.5655495712588,569.7869261300407,54014.980904924385,51569.766593635075,controller
95285660,2027-05-02,3143.2991619354843,1491.8383308010343,756.8880667550407,51569.766593635075,49183.35549845463,controller
95285660,2027-05-09,3143.2991619354843,1640.9890242498122,943.9892073800406,49183.35549845463,46984.045543899185,controller
95285660,2027-05-16,3143.2991619354843,1778.4458964095274,1146.5655495712588,46984.045543899185,44987.311931534954,controller
95285660,2027-05-23,3143.2991619354843,1903.2417471822919,1491.8383308010343,44987.311931534954,43335.8511004005,controller
95285660,2027-05-30,3255.559846505376,2174.849075983033,1640.9890242498122,43335.8511004005,41721.280278144935,controller
95285660,2027-06-06,3300.464120333333,2343.116163115941,1778.4458964095274,41721.280278144935,40199.26205422113,controller
95285660,2027-06-13,3300.464120333333,2438.242302111179,1903.2417471822919,40199.26205422113,38802.03968107009,controller
95285660,2027-06-20,3300.464120333333,2525.568700433119,2174.849075983033,38802.03968107009,37676.42463671979,controller
95285660,2027-06-27,3371.188351526882,2702.005987495336,2343.116163115941,37676.42463671979,36648.352448308855,controller
95285660,2027-07-04,3465.4873264516127,2907.7089616581156,2438.242302111179,36648.352448308855,35621.10742396842,controller
95285660,2027-07-11,3465.4873264516127,2971.911775679393,2525.568700433119,35621.10742396842,34681.18879794992,controller
95285660,2027-07-18,3465.4873264516127,3030.656689805549,2702.005987495336,34681.18879794992,33917.707458993646,controller
95285660,2027-07-25,3465.4873264516127,3078.374273490316,2907.7089616581156,33917.707458993646,33359.929094200146,controller
95285660,2027-08-01,3638.7616932258065,3373.1469714512004,2971.911775679393,33359.929094200146,32693.079176653733,controller
95285660,2027-08-08,3638.7616932258065,3414.8250912978515,3030.656689805549,32693.079176653733,32084.974173233477,controller
95285660,2027-08-15,3638.7616932258065,3452.8316540116175,3078.374273490316,32084.974173233477,31524.586753497988,controller
95285660,2027-08-22,3638.7616932258065,3487.8558677450856,3373.1469714512004,31524.586753497988,31258.972031723384,controller
95285660,2027-08-29,3742.726313096774,3660.4037176624497,3414.8250912978515,31258.972031723384,30931.070809924462,controller
95285660,2027-09-05,3820.699778,3797.857741379721,3452.8316540116175,30931.070809924462,30563.202685936078,controller
95285660,2027-09-12,3820.699778,3820.8494991289954,3487.8558677450856,30563.202685936078,30230.35877568116,controller
95285660,2027-09-19,3820.699778,3841.6522435199277,3660.4037176624497,30230.35877568116,30070.062715343607,controller
95285660,2027-09-26,4058.7811693548383,4208.792834323282,3797.857741379721,30070.062715343607,29809.139287368485,controller
95285660,2027-10-03,4653.984647741936,5117.905766152374,3820.8494991289954,29809.139287368485,28976.004138755547,controller
95285660,2027-10-10,4653.984647741936,5169.976712940683,3841.6522435199277,28976.004138755547,28163.671734533542,controller
95285660,2027-10-17,4653.984647741936,5220.747488204557,4208.792834323282,28163.671734533542,27718.479921114886,controller
95285660,2027-10-24,4653.984647741936,5248.571976543224,5117.905766152374,27718.479921114886,28182.401039525328,controller
95285660,2027-10-31,4853.441133677419,5518.761635545796,5169.976712940683,28182.401039525328,28498.93661878859,controller
95285660,2027-11-07,4886.6838813333325,5548.842283325712,5220.747488204557,28498.93661878859,28833.000225659816,controller
95285660,2027-11-14,4886.6838813333325,5527.96330789626,5248.571976543224,28833.000225659816,29194.888320869708,controller
95285660,2027-11-21,4886.6838813333325,5505.345301945642,5518.761635545796,29194.888320869708,29826.96607508217,controller
95285660,2027-11-28,5026.303419741936,5675.269749920268,5548.842283325712,29826.96607508217,30349.50493866595,controller
95285660,2027-12-05,5131.018073548387,5799.683051655959,5527.96330789626,30349.50493866595,30746.45017301382,controller
95285660,2027-12-12,5131.018073548387,5774.873974509217,5505.345301945642,30746.45017301382,31120.777401411076,controller
95285660,2027-12-19,5131.018073548387,5751.478522734389,5675.269749920268,31120.777401411076,31665.029077782958,controller
95285660,2027-12-26,4398.015491612903,4617.958920057919,5799.683051655959,31665.029077782958,33066.69663782601,controller
95285660,2028-01-02,0.0,0.0,5774.873974509217,33066.69663782601,38841.57061233523,controller
95285660,2028-01-09,0.0,0.0,5751.478522734389,38841.57061233523,44593.04913506962,controller
95285660,2028-01-16,0.0,0.0,4617.958920057919,44593.04913506962,49211.00805512754,controller
95285660,2028-01-23,0.0,0.0,0.0,49211.00805512754,49211.00805512754,controller
95285660,2028-01-30,0.0,0.0,0.0,49211.00805512754,49211.00805512754,controller
95285660,2028-02-06,0.0,0.0,0.0,49211.00805512754,49211.00805512754,controller
95285661,2026-08-30,0.0,0.0,0.0,0.0,0.0,controller
95285661,2026-09-06,0.0,0.0,0.0,0.0,0.0,controller
95285661,2026-09-13,0.0,0.0,112.0,0.0,112.0,controller
95285661,2026-09-20,0.0,0.0,0.0,112.0,112.0,controller
95285661,2026-09-27,0.0,0.0,0.0,112.0,112.0,controller
95285661,2026-10-04,0.0,0.0,0.0,112.0,112.0,controller
95285661,2026-10-11,0.0,0.0,0.0,112.0,112.0,controller
95285661,2026-10-18,0.0,0.0,0.0,112.0,112.0,controller
95285661,2026-10-25,0.0,0.0,0.0,112.0,112.0,controller
95285661,2026-11-01,0.0,0.0,0.0,112.0,112.0,controller
95285661,2026-11-08,0.0,0.0,0.0,112.0,112.0,controller
95285661,2026-11-15,0.0,0.0,0.0,112.0,112.0,controller
95285661,2026-11-22,0.0,0.0,0.0,112.0,112.0,controller
95285661,2026-11-29,0.0,0.0,0.0,112.0,112.0,controller
95285661,2026-12-06,0.0,0.0,0.0,112.0,112.0,controller
95285661,2026-12-13,0.0,0.0,0.0,112.0,112.0,controller
95285661,2026-12-20,0.0,0.0,0.0,112.0,112.0,controller
95285661,2026-12-27,0.0,0.0,0.0,112.0,112.0,controller
95285661,2027-01-03,0.0,0.0,0.0,112.0,112.0,controller
95285661,2027-01-10,0.0,0.0,0.0,112.0,112.0,controller
95285661,2027-01-17,0.0,0.0,0.0,112.0,112.0,controller
95285661,2027-01-24,0.0,0.0,0.0,112.0,112.0,controller
95285661,2027-01-31,0.0,0.0,0.0,112.0,112.0,controller
95285661,2027-02-07,0.0,0.0,0.0,112.0,112.0,controller
95285661,2027-02-14,0.0,0.0,0.0,112.0,112.0,controller
95285661,2027-02-21,0.0,0.0,0.0,112.0,112.0,controller
95285661,2027-02-28,0.0,0.0,0.0,112.0,112.0,controller
95285661,2027-03-07,0.0,0.0,0.0,112.0,112.0,controller
95285661,2027-03-14,0.0,0.0,0.0,112.0,112.0,controller
95285661,2027-03-21,0.0,0.0,0.0,112.0,112.0,controller
95285661,2027-03-28,642.8571429,957.28571435,0.0,112.0,0.0,controller
95285661,2027-04-04,1500.0000000999999,2250.00000015,0.0,0.0,0.0,controller
95285661,2027-04-11,1500.0000000999999,2250.00000015,0.0,0.0,0.0,controller
95285661,2027-04-18,1500.0000000999999,2250.00000015,957.28571435,0.0,0.0,controller
95285661,2027-04-25,1510.7142858,2266.0714287,2250.00000015,0.0,739.2857143499998,controller
95285661,2027-05-02,1575.0,2316.294642853125,2250.00000015,739.2857143499998,1414.2857144999998,controller
95285661,2027-05-09,1575.0,2274.10714284375,2250.00000015,1414.2857144999998,2089.2857146499996,controller
95285661,2027-05-16,1575.0,2231.919642834375,2266.0714287,2089.2857146499996,2780.35714335,controller
95285661,2027-05-23,1575.0,2188.7276785406248,2316.294642853125,2780.35714335,3521.651786203125,controller
95285661,2027-05-30,1631.25,2226.7717633623047,2274.10714284375,3521.651786203125,4164.508929046875,controller
95285661,2027-06-06,1653.75,2220.3431919345703,2231.919642834375,4164.508929046875,4742.67857188125,controller
95285661,2027-06-13,1653.75,2184.207589257422,2188.7276785406248,4742.67857188125,5277.656250421875,controller
95285661,2027-06-20,1653.75,2150.771484348633,2226.7717633623047,5277.656250421875,5850.67801378418,controller
95285661,2027-06-27,1689.1875,2168.113874138489,2220.3431919345703,5850.67801378418,6381.83370571875,controller
95285661,2027-07-04,1736.4375,2205.791643392578,2184.207589257422,6381.83370571875,6829.603794976172,controller
95285661,2027-07-11,1736.4375,2177.806012813989,2150.771484348633,6829.603794976172,7243.937779324806,controller
95285661,2027-07-18,1736.4375,2151.9101387921996,2168.113874138489,7243.937779324806,7675.614153463295,controller
95285661,2027-07-25,1736.4375,2124.9303654085443,2205.791643392578,7675.614153463295,8144.968296855874,controller
95285661,2027-08-01,1823.259375,2225.828543946508,2177.806012813989,8144.968296855874,8499.514934669864,controller
95285661,2027-08-08,1823.259375,2203.6693790831337,2151.9101387921996,8499.514934669864,8828.165698462064,controller
95285661,2027-08-15,1823.259375,2183.1287063461214,2124.9303654085443,8828.165698462064,9129.83668887061,controller
95285661,2027-08-22,1823.259375,2164.274269445587,2225.828543946508,9129.83668887061,9532.405857817119,controller
95285661,2027-08-29,1875.3525000666666,2217.25338398643,2203.6693790831337,9532.405857817119,9860.722736833586,controller
95285661,2027-09-05,1914.4223438666666,2255.338344747901,2183.1287063461214,9860.722736833586,10129.429099313042,controller
95285661,2027-09-12,1914.4223438666666,2238.5441970929346,2164.274269445587,10129.429099313042,10379.281024891961,controller
95285661,2027-09-19,1914.4223438666666,2222.928451744252,2217.25338398643,10379.281024891961,10682.112065011725,controller
95285661,2027-09-26,1941.7712344301076,2245.0248475819285,2255.338344747901,10682.112065011725,10995.679175329518,controller
95285661,2027-10-03,2010.1434608387096,2327.9852427999695,2238.5441970929346,10995.679175329518,11224.079911583744,controller
95285661,2027-10-10,2010.1434608387096,2313.7101967840804,2222.928451744252,11224.079911583744,11436.864902489286,controller
95285661,2027-10-17,2010.1434608387096,2300.411134852484,2245.0248475819285,11436.864902489286,11671.746289232504,controller
95285661,2027-10-24,2010.1434608387096,2285.7310481810327,2327.9852427999695,11671.746289232504,11989.588071193764,controller
95285661,2027-10-31,2096.292466348387,2395.08944507297,2313.7101967840804,11989.588071193764,12207.005801629459,controller
95285661,2027-11-07,2110.650633933333,2403.0380882981585,2300.411134852484,12207.005801629459,12396.766302548609,controller
95285661,2027-11-14,2110.650633933333,2391.178056990712,2285.7310481810327,12396.766302548609,12571.846716796308,controller
95285661,2027-11-21,2110.650633933333,2380.2355311002307,2395.08944507297,12571.846716796308,12856.285527935945,controller
95285661,2027-11-28,2170.9549377870967,2452.9145611846484,2403.0380882981585,12856.285527935945,13088.368678447006,controller
95285661,2027-12-05,2216.1831656774193,2506.251706113191,2391.178056990712,13088.368678447006,13263.363569760299,controller
95285661,2027-12-12,2216.1831656774193,2495.31452540611,2380.2355311002307,13263.363569760299,13427.41593518311,controller
95285661,2027-12-19,2216.1831656774193,2485.0612525671845,2452.9145611846484,13427.41593518311,13664.147330690339,controller
95285661,2027-12-26,1899.5855705806453,1995.3691477028217,2506.251706113191,13664.147330690339,14270.813466222884,controller
95285661,2028-01-02,0.0,0.0,2495.31452540611,14270.813466222884,16766.127991628993,controller
95285661,2028-01-09,0.0,0.0,2485.0612525671845,16766.127991628993,19251.18924419618,controller
95285661,2028-01-16,0.0,0.0,1995.3691477028217,19251.18924419618,21246.558391899,controller
95285661,2028-01-23,0.0,0.0,0.0,21246.558391899,21246.558391899,controller
95285661,2028-01-30,0.0,0.0,0.0,21246.558391899,21246.558391899,controller
95285661,2028-02-06,0.0,0.0,0.0,21246.558391899,21246.558391899,controller
95285662,2026-08-30,0.0,0.0,0.0,0.0,0.0,controller
95285662,2026-09-06,0.0,0.0,0.0,0.0,0.0,controller
95285662,2026-09-13,0.0,0.0,0.0,0.0,0.0,controller
95285662,2026-09-20,0.0,0.0,3120.0,0.0,3120.0,controller
95285662,2026-09-27,55.41428571290322,0.0,10400.0,3120.0,13464.585714287097,controller
95285662,2026-10-04,129.29999999677418,7916.0,1560.0,13464.585714287097,14895.285714290323,plan_forward
95285662,2026-10-11,129.29999999677418,3044.0,0.0,14895.285714290323,14765.985714293549,plan_forward
95285662,2026-10-18,129.29999999677418,3188.0,0.0,14765.985714293549,14636.685714296775,plan_forward
95285662,2026-10-25,129.29999999677418,3308.0,7916.0,14636.685714296775,22423.385714300002,plan_forward
95285662,2026-11-01,129.29999999,0.0,3044.0,22423.385714300002,25338.085714310004,controller
95285662,2026-11-08,129.29999999,0.0,3188.0,25338.085714310004,28396.785714320005,controller
95285662,2026-11-15,129.29999999,0.0,3308.0,28396.785714320005,31575.485714330007,controller
95285662,2026-11-22,129.29999999,0.0,0.0,31575.485714330007,31446.18571434001,controller
95285662,2026-11-29,129.2999999948387,0.0,0.0,31446.18571434001,31316.88571434517,controller
95285662,2026-12-06,129.29999999677418,0.0,0.0,31316.88571434517,31187.5857143484,controller
95285662,2026-12-13,129.29999999677418,0.0,0.0,31187.5857143484,31058.285714351627,controller
95285662,2026-12-20,129.29999999677418,0.0,0.0,31058.285714351627,30928.985714354854,controller
95285662,2026-12-27,184.7142856935484,0.0,0.0,30928.985714354854,30744.271428661305,controller
95285662,2027-01-03,323.2499999354839,0.0,0.0,30744.271428661305,30421.02142872582,controller
95285662,2027-01-10,323.2499999354839,0.0,0.0,30421.02142872582,30097.771428790336,controller
95285662,2027-01-17,323.2499999354839,0.0,0.0,30097.771428790336,29774.521428854852,controller
95285662,2027-01-24,323.2499999354839,0.0,0.0,29774.521428854852,29451.27142891937,controller
95285662,2027-01-31,323.2499999907834,0.0,0.0,29451.27142891937,29128.021428928583,controller
95285662,2027-02-07,323.25,0.0,0.0,29128.021428928583,28804.771428928583,controller
95285662,2027-02-14,323.25,0.0,0.0,28804.771428928583,28481.521428928583,controller
95285662,2027-02-21,323.25,0.0,0.0,28481.521428928583,28158.271428928583,controller
95285662,2027-02-28,600.321428654378,0.0,0.0,28158.271428928583,27557.950000274206,controller
95285662,2027-03-07,646.5000000967742,0.0,0.0,27557.950000274206,26911.450000177432,controller
95285662,2027-03-14,646.5000000967742,0.0,0.0,26911.450000177432,26264.95000008066,controller
95285662,2027-03-21,646.5000000967742,0.0,0.0,26264.95000008066,25618.449999983884,controller
95285662,2027-03-28,660.3535714838711,0.0,0.0,25618.449999983884,24958.096428500012,controller
95285662,2027-04-04,678.825,0.0,0.0,24958.096428500012,24279.27142850001,controller
95285662,2027-04-11,678.825,0.0,0.0,24279.27142850001,23600.44642850001,controller
95285662,2027-04-18,678.825,0.0,0.0,23600.44642850001,22921.62142850001,controller
95285662,2027-04-25,683.67375,0.0,0.0,22921.62142850001,22237.947678500008,controller
95285662,2027-05-02,712.76625,0.0,0.0,22237.947678500008,21525.181428500007,controller
95285662,2027-05-09,712.76625,0.0,0.0,21525.181428500007,20812.415178500007,controller
95285662,2027-05-16,712.76625,0.0,0.0,20812.415178500007,20099.648928500006,controller
95285662,2027-05-23,712.76625,0.0,0.0,20099.648928500006,19386.882678500006,controller
95285662,2027-05-30,738.2221875,0.0,0.0,19386.882678500006,18648.660491000006,controller
95285662,2027-06-06,748.4045625,0.0,0.0,18648.660491000006,17900.255928500006,controller
95285662,2027-06-13,748.4045625,3.8408482187495565,0.0,17900.255928500006,17151.851366000006,controller
95285662,2027-06-20,748.4045625,50.61613337499955,0.0,17151.851366000006,16403.446803500006,controller
95285662,2027-06-27,764.4418031612903,121.4472795231851,0.0,16403.446803500006,15639.005000338717,controller
95285662,2027-07-04,785.8247907096775,201.2993735433464,3.8408482187495565,15639.005000338717,14857.021057847789,controller
95285662,2027-07-11,785.8247907096775,250.1733699490294,50.61613337499955,14857.021057847789,14121.81240051311,controller
95285662,2027-07-18,785.8247907096775,296.1239110324468,121.4472795231851,14121.81240051311,13457.434889326618,controller
95285662,2027-07-25,785.8247907096775,337.6475054816026,201.2993735433464,13457.434889326618,12872.909472160287,controller
95285662,2027-08-01,825.1160300645162,433.1172030867563,250.1733699490294,12872.909472160287,12297.966812044799,controller
95285662,2027-08-08,825.1160300645162,469.05111934397434,296.1239110324468,12297.966812044799,11768.97469301273,controller
95285662,2027-08-15,825.1160300645162,502.11312678347866,337.6475054816026,11768.97469301273,11281.506168429814,controller
95285662,2027-08-22,825.1160300645162,532.5799095699108,433.1172030867563,11281.506168429814,10889.507341452054,controller
95285662,2027-08-29,848.6907738752689,592.4419519721499,469.05111934397434,10889.507341452054,10509.86768692076,controller
95285662,2027-09-05,866.3718317333334,642.6910171674526,502.11312678347866,10509.86768692076,10145.608981970905,controller
95285662,2027-09-12,866.3718317333334,665.4571862268185,532.5799095699108,10145.608981970905,9811.817059807483,controller
95285662,2027-09-19,866.3718317333334,686.3191813620324,592.4419519721499,9811.817059807483,9537.8871800463,controller
95285662,2027-09-26,920.358541827957,784.4198639890417,642.6910171674526,9537.8871800463,9260.219655385796,controller
95285662,2027-10-03,1055.3253170645162,1004.224247135162,665.4571862268185,9260.219655385796,8870.351524548098,controller
95285662,2027-10-10,1055.3253170645162,1028.591005312518,686.3191813620324,8870.351524548098,8501.345388845613,controller
95285662,2027-10-17,1055.3253170645162,1051.6538887939234,784.4198639890417,8501.345388845613,8230.439935770139,controller
95285662,2027-10-24,1055.3253170645162,1068.5854796111407,1004.224247135162,8230.439935770139,8179.338865840784,controller
95285662,2027-10-31,1100.553544780645,1139.6216380559185,1028.591005312518,8179.338865840784,8107.376326372656,controller
95285662,2027-11-07,1108.0915827333336,1155.4263537017093,1051.6538887939234,8107.376326372656,8050.938632433246,controller
95285662,2027-11-14,1108.0915827333336,1158.9537095729224,1068.5854796111407,8050.938632433246,8011.432529311052,controller
95285662,2027-11-21,1108.0915827333336,1161.4228410180594,1139.6216380559185,8011.432529311052,8042.962584633637,controller
95285662,2027-11-28,1139.7513422774193,1206.9418518765267,1155.4263537017093,8042.962584633637,8058.637596057926,controller
95285662,2027-12-05,1163.496161935484,1241.5793931496055,1158.9537095729224,8058.637596057926,8054.095143695366,controller
95285662,2027-12-12,1163.496161935484,1241.8632964222656,1161.4228410180594,8054.095143695366,8052.0218227779405,controller
95285662,2027-12-19,1163.496161935484,1241.9928789796047,1206.9418518765267,8052.0218227779405,8095.467512718984,controller
95285662,2027-12-26,997.282424516129,989.956917229257,1241.5793931496055,8095.467512718984,8339.76448135246,controller
95285662,2028-01-02,0.0,0.0,1241.8632964222656,8339.76448135246,9581.627777774725,controller
95285662,2028-01-09,0.0,0.0,1241.9928789796047,9581.627777774725,10823.62065675433,controller
95285662,2028-01-16,0.0,0.0,989.956917229257,10823.62065675433,11813.577573983588,controller
95285662,2028-01-23,0.0,0.0,0.0,11813.577573983588,11813.577573983588,controller
95285662,2028-01-30,0.0,0.0,0.0,11813.577573983588,11813.577573983588,controller
95285662,2028-02-06,0.0,0.0,0.0,11813.577573983588,11813.577573983588,controller
1010810949,2026-08-30,369.5153825370653,1536.0,2592.0,6648.0,8870.484617462935,plan
1010810949,2026-09-06,517.3215355518914,221.57701473640373,4056.0,8870.484617462935,12409.163081911043,controller
1010810949,2026-09-13,517.3215355518914,0.40961070839694,1728.0,12409.163081911043,13619.841546359152,controller
1010810949,2026-09-20,517.3215355518914,5184.0,1536.0,13619.841546359152,14638.52001080726,plan
1010810949,2026-09-27,561.0045108035474,1896.0,221.57701473640373,14638.52001080726,14299.092514740118,plan
1010810949,2026-10-04,619.2484778057553,1944.0,0.40961070839694,14299.092514740118,13680.25364764276,plan
1010810949,2026-10-11,619.2484778057553,2592.0,5184.0,13680.25364764276,18245.005169837004,plan
1010810949,2026-10-18,619.2484778057553,4584.0,1896.0,18245.005169837004,19521.75669203125,plan
1010810949,2026-10-25,619.2484778057553,4776.0,1944.0,19521.75669203125,20846.508214225494,plan
1010810949,2026-11-01,619.2484777932808,0.0,2592.0,20846.508214225494,22819.259736432214,controller
1010810949,2026-11-08,619.2484777932808,0.0,4584.0,22819.259736432214,26784.011258638933,controller
1010810949,2026-11-15,619.2484777932808,0.0,4776.0,26784.011258638933,30940.762780845653,controller
1010810949,2026-11-22,619.2484777932808,0.0,0.0,30940.762780845653,30321.514303052372,controller
1010810949,2026-11-29,619.2484778021912,0.0,0.0,30321.514303052372,29702.265825250182,controller
1010810949,2026-12-06,619.2484778057553,0.0,0.0,29702.265825250182,29083.017347444427,controller
1010810949,2026-12-13,619.2484778057553,0.0,0.0,29083.017347444427,28463.768869638672,controller
1010810949,2026-12-20,619.2484778057553,0.0,0.0,28463.768869638672,27844.520391832917,controller
1010810949,2026-12-27,619.2484778057553,0.0,0.0,27844.520391832917,27225.271914027162,controller
1010810949,2027-01-03,619.2484778057553,0.0,0.0,27225.271914027162,26606.023436221407,controller
1010810949,2027-01-10,619.2484778057553,0.0,0.0,26606.023436221407,25986.77495841565,controller
1010810949,2027-01-17,619.2484778057553,0.0,0.0,25986.77495841565,25367.526480609897,controller
1010810949,2027-01-24,619.2484778057553,0.0,0.0,25367.526480609897,24748.27800280414,controller
1010810949,2027-01-31,619.2484777713865,0.0,0.0,24748.27800280414,24129.029525032754,controller
1010810949,2027-02-07,619.2484777656583,0.0,0.0,24129.029525032754,23509.781047267097,controller
1010810949,2027-02-14,619.2484777656583,0.0,0.0,23509.781047267097,22890.53256950144,controller
1010810949,2027-02-21,619.2484777656583,0.0,0.0,22890.53256950144,22271.284091735783,controller
1010810949,2027-02-28,619.2484778000271,0.0,0.0,22271.284091735783,21652.035613935754,controller
1010810949,2027-03-07,619.2484778057553,0.0,0.0,21652.035613935754,21032.78713613,controller
1010810949,2027-03-14,619.2484778057553,0.0,0.0,21032.78713613,20413.538658324243,controller
1010810949,2027-03-21,619.2484778057553,0.0,0.0,20413.538658324243,19794.29018051849,controller
1010810949,2027-03-28,619.2484778004091,0.0,0.0,19794.29018051849,19175.04170271808,controller
1010810949,2027-04-04,619.2484777932808,0.0,0.0,19175.04170271808,18555.7932249248,controller
1010810949,2027-04-11,619.2484777932808,0.0,0.0,18555.7932249248,17936.54474713152,controller
1010810949,2027-04-18,619.2484777932808,0.0,0.0,17936.54474713152,17317.29626933824,controller
1010810949,2027-04-25,619.248477795063,0.0,0.0,17317.29626933824,16698.047791543177,controller
1010810949,2027-05-02,619.2484778057553,0.0,0.0,16698.047791543177,16078.799313737421,controller
1010810949,2027-05-09,619.2484778057553,0.0,0.0,16078.799313737421,15459.550835931666,controller
1010810949,2027-05-16,619.2484778057553,0.0,0.0,15459.550835931666,14840.302358125911,controller
1010810949,2027-05-23,619.2484778057553,1.3538193257635385,0.0,14840.302358125911,14221.053880320156,controller
1010810949,2027-05-30,619.248477796845,40.05684917525775,0.0,14221.053880320156,13601.80540252331,controller
1010810949,2027-06-06,619.2484777932808,78.75987903221437,0.0,13601.80540252331,12982.55692473003,controller
1010810949,2027-06-13,619.2484777932808,117.46290889429434,1.3538193257635385,12982.55692473003,12364.662266262512,controller
1010810949,2027-06-20,619.2484777932808,156.0813250485142,40.05684917525775,12364.662266262512,11785.47063764449,controller
1010810949,2027-06-27,619.248477798627,192.28080184515994,78.75987903221437,11785.47063764449,11244.982038878077,controller
1010810949,2027-07-04,619.2484778057553,226.06133927875317,117.46290889429434,11244.982038878077,10743.196469966617,controller
1010810949,2027-07-11,619.2484778057553,257.42293733571944,156.0813250485142,10743.196469966617,10280.029317209375,controller
1010810949,2027-07-18,619.2484778057553,286.37088438304704,192.28080184515994,10280.029317209375,9853.06164124878,controller
1010810949,2027-07-25,619.2484778057553,313.05636413058426,226.06133927875317,9853.06164124878,9459.874502721777,controller
1010810949,2027-08-01,619.2484778057553,337.6305602885219,257.42293733571944,9459.874502721777,9098.048962251742,controller
1010810949,2027-08-08,619.2484778057553,360.24465656789914,286.37088438304704,9098.048962251742,8765.171368829033,controller
1010810949,2027-08-15,619.2484778057553,381.04950615681844,313.05636413058426,8765.171368829033,8458.979255153861,controller
1010810949,2027-08-22,619.2484778057553,400.18651326151667,337.6305602885219,8458.979255153861,8177.361337636628,controller
1010810949,2027-08-29,619.248477798627,417.7876330956513,360.24465656789914,8177.361337636628,7918.357516405899,controller
1010810949,2027-09-05,619.2484777932808,433.9753719145525,381.04950615681844,7918.357516405899,7680.158544769438,controller
1010810949,2027-09-12,619.2484777932808,448.86280764183135,400.18651326151667,7680.158544769438,7461.096580237674,controller
1010810949,2027-09-19,619.2484777932808,462.5541804250666,417.7876330956513,7461.096580237674,7259.635735540045,controller
1010810949,2027-09-26,619.248477796845,475.1454832240147,433.9753719145525,7259.635735540045,7074.362629657753,controller
1010810949,2027-10-03,619.2484778057553,486.7250523550234,448.86280764183135,7074.362629657753,6903.97695949383,controller
1010810949,2027-10-10,619.2484778057553,497.37415674026863,462.5541804250666,6903.97695949383,6747.282662113142,controller
1010810949,2027-10-17,619.2484778057553,507.16755032656164,475.1454832240147,6747.282662113142,6603.179667531402,controller
1010810949,2027-10-24,619.2484778057553,516.1739874879204,486.7250523550234,6603.179667531402,6470.65624208067,controller
1010810949,2027-10-31,619.248477795063,524.4567015625526,497.37415674026863,6470.65624208067,6348.781921025876,controller
1010810949,2027-11-07,619.2484777932808,532.073846625804,507.16755032656164,6348.781921025876,6236.700993559157,controller
1010810949,2027-11-14,619.2484777932808,539.0789045924739,516.1739874879204,6236.700993559157,6133.626503253797,controller
1010810949,2027-11-21,619.2484777932808,545.5210602365589,524.4567015625526,6133.626503253797,6038.834727023069,controller
1010810949,2027-11-28,619.2484778004091,551.4455462616718,532.073846625804,6038.834727023069,5951.660095848463,controller
1010810949,2027-12-05,619.2484778057553,556.893960718104,539.0789045924739,5951.660095848463,5871.490522635182,controller
1010810949,2027-12-12,619.2484778057553,561.9045590439341,545.5210602365589,5871.490522635182,5797.763105065986,controller
1010810949,2027-12-19,619.2484778057553,566.5125226420089,551.4455462616718,5797.763105065986,5729.960173521902,controller
1010810949,2027-12-26,530.7844095477902,438.05410347656647,556.893960718104,5729.960173521902,5756.0697246922155,controller
1010810949,2028-01-02,13.125,0.0,561.9045590439341,5756.0697246922155,6304.84928373615,controller
1010810949,2028-01-09,13.125,0.0,566.5125226420089,6304.84928373615,6858.236806378159,controller
1010810949,2028-01-16,13.125,0.0,438.05410347656647,6858.236806378159,7283.165909854725,controller
1010810949,2028-01-23,13.125,0.0,0.0,7283.165909854725,7270.040909854725,controller
1010810949,2028-01-30,13.125,0.0,0.0,7270.040909854725,7256.915909854725,controller
1010810949,2028-02-06,13.125,0.0,0.0,7256.915909854725,7243.790909854725,controller
1010810951,2026-08-30,299.63873804576104,528.0,1416.0,5733.0,6849.361261954239,plan
1010810951,2026-09-06,419.49423326406543,552.0,1974.0,6849.361261954239,8403.867028690174,plan
1010810951,2026-09-13,419.49423326406543,462.0,330.0,8403.867028690174,8314.372795426108,plan
1010810951,2026-09-20,419.49423326406543,480.0,528.0,8314.372795426108,8422.878562162043,plan
1010810951,2026-09-27,463.17720848097065,480.0,552.0,8422.878562162043,8511.701353681072,plan
1010810951,2026-10-04,521.4211754368441,408.0,462.0,8511.701353681072,8452.280178244227,plan
1010810951,2026-10-11,521.4211754368441,516.0,480.0,8452.280178244227,8410.859002807383,plan
1010810951,2026-10-18,521.4211754368441,870.0,480.0,8410.859002807383,8369.437827370539,plan
1010810951,2026-10-25,521.4211754368441,780.0,408.0,8369.437827370539,8256.016651933694,plan
1010810951,2026-11-01,521.4211754087762,266.1307223673084,516.0,8256.016651933694,8250.595476524919,controller
1010810951,2026-11-08,521.4211754087762,266.4695458303569,870.0,8250.595476524919,8599.174301116143,controller
1010810951,2026-11-15,521.4211754087762,244.68336929340535,780.0,8599.174301116143,8857.753125707368,controller
1010810951,2026-11-22,521.4211754087762,228.52219275645382,266.1307223673084,8857.753125707368,8602.4626726659,controller
1010810951,2026-11-29,521.4211754288248,244.47784610161835,266.4695458303569,8602.4626726659,8347.511043067434,controller
1010810951,2026-12-06,521.4211754368441,260.41232296355156,244.68336929340535,8347.511043067434,8070.773236923995,controller
1010810951,2026-12-13,521.4211754368441,277.7084358475165,228.52219275645382,8070.773236923995,7777.874254243605,controller
1010810951,2026-12-20,521.4211754368441,296.0146222650409,244.47784610161835,7777.874254243605,7500.930924908379,controller
1010810951,2026-12-27,521.4211754368442,313.32358034849267,260.41232296355156,7500.930924908379,7239.922072435086,controller
1010810951,2027-01-03,521.4211754368441,329.6366336280733,277.7084358475165,7239.922072435086,6996.209332845759,controller
1010810951,2027-01-10,521.4211754368441,344.8686798524063,296.0146222650409,6996.209332845759,6770.802779673955,controller
1010810951,2027-01-17,521.4211754368441,358.956589425644,313.32358034849267,6770.802779673955,6562.705184585604,controller
1010810951,2027-01-24,521.4211754368441,371.96268911866593,329.6366336280733,6562.705184585604,6370.920642776833,controller
1010810951,2027-01-31,521.4211754483006,383.9492229988988,344.8686798524063,6370.920642776833,6194.368147180939,controller
1010810951,2027-02-07,521.42117545021,394.98375397650625,358.956589425644,6194.368147180939,6031.903561156372,controller
1010810951,2027-02-14,521.42117545021,405.13779060304165,371.96268911866593,6031.903561156372,5882.445074824828,controller
1010810951,2027-02-21,521.42117545021,414.47894599876315,383.9492229988988,5882.445074824828,5744.973122373517,controller
1010810951,2027-02-28,521.4211754387536,423.0709430097856,394.98375397650625,5744.973122373517,5618.5357009112695,controller
1010810951,2027-03-07,521.4211754368441,430.97328184831184,405.13779060304165,5618.5357009112695,5502.252316077467,controller
1010810951,2027-03-14,521.4211754368441,438.2409934004245,414.47894599876315,5502.252316077467,5395.310086639386,controller
1010810951,2027-03-21,521.4211754368441,444.92488274030455,423.0709430097856,5395.310086639386,5296.959854212328,controller
1010810951,2027-03-28,521.421175424815,451.0717722489521,430.97328184831184,5296.959854212328,5206.511960635824,controller
1010810951,2027-04-04,521.4211754087762,456.7247655734253,438.2409934004245,5206.511960635824,5123.331778627472,controller
1010810951,2027-04-11,521.4211754087762,461.9235269489473,444.92488274030455,5123.331778627472,5046.835485959,controller
1010810951,2027-04-18,521.4211754087762,466.7045452407268,451.0717722489521,5046.835485959,4976.486082799175,controller
1010810951,2027-04-25,521.4211754127859,471.10138294423047,456.7247655734253,4976.486082799175,4911.789672959814,controller
1010810951,2027-05-02,521.4211754368441,475.1449085952778,461.9235269489473,4911.789672959814,4852.292024471917,controller
1010810951,2027-05-09,521.4211754368441,478.86351162577137,466.7045452407268,4852.292024471917,4797.575394275799,controller
1010810951,2027-05-16,521.4211754368441,482.28330101302873,471.10138294423047,4797.575394275799,4747.255601783186,controller
1010810951,2027-05-23,521.4211754368441,485.4282880438171,475.1449085952778,4747.255601783186,4700.9793349416195,controller
1010810951,2027-05-30,521.4211754167957,488.3205546913423,478.86351162577137,4700.9793349416195,4658.421671150595,controller
1010810951,2027-06-06,521.4211754087762,490.9804086662521,482.28330101302873,4658.421671150595,4619.283796754848,controller
1010810951,2027-06-13,521.4211754087762,493.42652581598634,485.4282880438171,4619.283796754848,4583.290909389888,controller
1010810951,2027-06-20,521.4211754087762,495.6760812762963,488.3205546913423,4583.290909389888,4550.190288672454,controller
1010810951,2027-06-27,521.4211754208053,497.7448700891796,490.9804086662521,4550.190288672454,4519.749521917901,controller
1010810951,2027-07-04,521.4211754368441,499.6474180353974,493.42652581598634,4519.749521917901,4491.754872297043,controller
1010810951,2027-07-11,521.4211754368441,501.397083636701,495.6760812762963,4491.754872297043,4466.009778136495,controller
1010810951,2027-07-18,521.4211754368441,503.00615202173526,497.7448700891796,4466.009778136495,4442.3334727888305,controller
1010810951,2027-07-25,521.4211754368441,504.4859211059643,499.6474180353974,4442.3334727888305,4420.559715387383,controller
1010810951,2027-08-01,521.4211754368441,505.84678094355473,501.397083636701,4420.559715387383,4400.53562358724,controller
1010810951,2027-08-08,521.4211754368441,507.0982866810637,503.00615202173526,4400.53562358724,4382.12060017213,controller
1010810951,2027-08-15,521.4211754368441,508.24922564450804,504.4859211059643,4382.12060017213,4365.18534584125,controller
1010810951,2027-08-22,521.4211754368441,509.3076790401881,505.84678094355473,4365.18534584125,4349.6109513479605,controller
1010810951,2027-08-29,521.4211754208053,510.2810786719604,507.0982866810637,4349.6109513479605,4335.288062608219,controller
1010810951,2027-09-05,521.4211754087762,511.17625920015064,508.24922564450804,4335.288062608219,4322.116112843951,controller
1010810951,2027-09-12,521.4211754087762,511.9995060604174,509.3076790401881,4322.116112843951,4310.002616475363,controller
1010810951,2027-09-19,521.4211754087762,512.7565995834541,510.2810786719604,4310.002616475363,4298.862519738546,controller
1010810951,2027-09-26,521.4211754167957,513.4528556415344,511.17625920015064,4298.862519738546,4288.617603521901,controller
1010810951,2027-10-03,521.4211754368441,514.0931629351473,511.9995060604174,4288.617603521901,4279.195934145475,controller
1010810951,2027-10-10,521.4211754368441,514.682017271174,512.7565995834541,4279.195934145475,4270.531358292084,controller
1010810951,2027-10-17,521.4211754368441,515.2235532620109,513.4528556415344,4270.531358292084,4262.563038496774,controller
1010810951,2027-10-24,521.4211754368441,515.7215732492177,514.0931629351473,4262.563038496774,4255.235025995077,controller
1010810951,2027-10-31,521.4211754127859,516.1795739944866,514.682017271174,4255.235025995077,4248.495867853466,controller
1010810951,2027-11-07,521.4211754087762,516.6007713723227,515.2235532620109,4248.495867853466,4242.2982457067,controller
1010810951,2027-11-14,521.4211754087762,516.9881227564956,515.7215732492177,4242.2982457067,4236.598643547141,controller
1010810951,2027-11-21,521.4211754087762,517.344347891468,516.1795739944866,4236.598643547141,4231.357042132851,controller
1010810951,2027-11-28,521.421175424815,517.6719480039194,516.6007713723227,4231.357042132851,4226.536638080359,controller
1010810951,2027-12-05,521.4211754368441,517.9732232752438,516.9881227564956,4226.536638080359,4222.10358540001,controller
1010810951,2027-12-12,521.4211754368441,518.2502890677656,517.344347891468,4222.10358540001,4218.026757854634,controller
1010810951,2027-12-19,521.4211754368441,518.5050907893516,517.6719480039194,4218.026757854634,4214.277530421708,controller
1010810951,2027-12-26,446.9324360887236,407.00630848172864,517.9732232752438,4214.277530421708,4285.318317608228,controller
1010810951,2028-01-02,20.125,0.0,518.2502890677656,4285.318317608228,4783.443606675994,controller
1010810951,2028-01-09,20.125,0.0,518.5050907893516,4783.443606675994,5281.8236974653455,controller
1010810951,2028-01-16,20.125,0.0,407.00630848172864,5281.8236974653455,5668.705005947074,controller
1010810951,2028-01-23,20.125,0.0,0.0,5668.705005947074,5648.580005947074,controller
1010810951,2028-01-30,20.125,0.0,0.0,5648.580005947074,5628.455005947074,controller
1010810951,2028-02-06,20.125,0.0,0.0,5628.455005947074,5608.330005947074,controller
1011278742,2026-08-30,0.0,0.0,0.0,0.0,0.0,controller
1011278742,2026-09-06,0.0,0.0,0.0,0.0,0.0,controller
1011278742,2026-09-13,0.0,0.0,0.0,0.0,0.0,controller
1011278742,2026-09-20,0.0,0.0,0.0,0.0,0.0,controller
1011278742,2026-09-27,0.0,0.0,0.0,0.0,0.0,controller
1011278742,2026-10-04,0.0,0.0,18792.0,0.0,18792.0,controller
1011278742,2026-10-11,0.0,0.0,44712.0,18792.0,63504.0,controller
1011278742,2026-10-18,0.0,0.0,8472.0,63504.0,71976.0,controller
1011278742,2026-10-25,0.0,0.0,0.0,71976.0,71976.0,controller
1011278742,2026-11-01,0.0,0.0,9000.0,71976.0,80976.0,controller
1011278742,2026-11-08,0.0,0.0,18168.0,80976.0,99144.0,controller
1011278742,2026-11-15,0.0,0.0,3528.0,99144.0,102672.0,controller
1011278742,2026-11-22,0.0,0.0,0.0,102672.0,102672.0,controller
1011278742,2026-11-29,0.0,0.0,0.0,102672.0,102672.0,controller
1011278742,2026-12-06,0.0,0.0,0.0,102672.0,102672.0,controller
1011278742,2026-12-13,0.0,0.0,0.0,102672.0,102672.0,controller
1011278742,2026-12-20,0.0,0.0,0.0,102672.0,102672.0,controller
1011278742,2026-12-27,0.0,0.0,0.0,102672.0,102672.0,controller
1011278742,2027-01-03,0.0,0.0,0.0,102672.0,102672.0,controller
1011278742,2027-01-10,0.0,0.0,0.0,102672.0,102672.0,controller
1011278742,2027-01-17,0.0,0.0,0.0,102672.0,102672.0,controller
1011278742,2027-01-24,0.0,0.0,0.0,102672.0,102672.0,controller
1011278742,2027-01-31,0.0,0.0,0.0,102672.0,102672.0,controller
1011278742,2027-02-07,0.0,0.0,0.0,102672.0,102672.0,controller
1011278742,2027-02-14,0.0,0.0,0.0,102672.0,102672.0,controller
1011278742,2027-02-21,0.0,0.0,0.0,102672.0,102672.0,controller
1011278742,2027-02-28,900.0,0.0,0.0,102672.0,101772.0,controller
1011278742,2027-03-07,1050.0,0.0,0.0,101772.0,100722.0,controller
1011278742,2027-03-14,1050.0,0.0,0.0,100722.0,99672.0,controller
1011278742,2027-03-21,1050.0,0.0,0.0,99672.0,98622.0,controller
1011278742,2027-03-28,1500.0,0.0,0.0,98622.0,97122.0,controller
1011278742,2027-04-04,2100.0,0.0,0.0,97122.0,95022.0,controller
1011278742,2027-04-11,2100.0,0.0,0.0,95022.0,92922.0,controller
1011278742,2027-04-18,2100.0,0.0,0.0,92922.0,90822.0,controller
1011278742,2027-04-25,2100.0,0.0,0.0,90822.0,88722.0,controller
1011278742,2027-05-02,2100.0,0.0,0.0,88722.0,86622.0,controller
1011278742,2027-05-09,2100.0,0.0,0.0,86622.0,84522.0,controller
1011278742,2027-05-16,2100.0,0.0,0.0,84522.0,82422.0,controller
1011278742,2027-05-23,2100.0,0.0,0.0,82422.0,80322.0,controller
1011278742,2027-05-30,2100.0,0.0,0.0,80322.0,78222.0,controller
1011278742,2027-06-06,2100.0,0.0,0.0,78222.0,76122.0,controller
1011278742,2027-06-13,2100.0,0.0,0.0,76122.0,74022.0,controller
1011278742,2027-06-20,2100.0,0.0,0.0,74022.0,71922.0,controller
1011278742,2027-06-27,2100.0,0.0,0.0,71922.0,69822.0,controller
1011278742,2027-07-04,2100.0,0.0,0.0,69822.0,67722.0,controller
1011278742,2027-07-11,2100.0,0.0,0.0,67722.0,65622.0,controller
1011278742,2027-07-18,2100.0,0.0,0.0,65622.0,63522.0,controller
1011278742,2027-07-25,2100.0,0.0,0.0,63522.0,61422.0,controller
1011278742,2027-08-01,2100.0,0.0,0.0,61422.0,59322.0,controller
1011278742,2027-08-08,2100.0,0.0,0.0,59322.0,57222.0,controller
1011278742,2027-08-15,2100.0,0.0,0.0,57222.0,55122.0,controller
1011278742,2027-08-22,2100.0,0.0,0.0,55122.0,53022.0,controller
1011278742,2027-08-29,2100.0,0.0,0.0,53022.0,50922.0,controller
1011278742,2027-09-05,2100.0,0.0,0.0,50922.0,48822.0,controller
1011278742,2027-09-12,2100.0,98.625,0.0,48822.0,46722.0,controller
1011278742,2027-09-19,2100.0,229.875,0.0,46722.0,44622.0,controller
1011278742,2027-09-26,2100.0,361.125,0.0,44622.0,42522.0,controller
1011278742,2027-10-03,2100.0,492.375,98.625,42522.0,40520.625,controller
1011278742,2027-10-10,2100.0,617.4609375,229.875,40520.625,38650.5,controller
1011278742,2027-10-17,2100.0,734.34375,361.125,38650.5,36911.625,controller
1011278742,2027-10-24,2100.0,843.0234375,492.375,36911.625,35304.0,controller
1011278742,2027-10-31,2100.0,943.5,617.4609375,35304.0,33821.4609375,controller
1011278742,2027-11-07,2100.0,1036.15869140625,734.34375,33821.4609375,32455.8046875,controller
1011278742,2027-11-14,2100.0,1121.51220703125,843.0234375,32455.8046875,31198.828125,controller
1011278742,2027-11-21,2100.0,1200.0732421875,943.5,31198.828125,30042.328125,controller
1011278742,2027-11-28,2100.0,1272.3544921875,1036.15869140625,30042.328125,28978.48681640625,controller
1011278742,2027-12-05,2100.0,1338.8445739746094,1121.51220703125,28978.48681640625,27999.9990234375,controller
1011278742,2027-12-12,2100.0,1400.0000610351562,1200.0732421875,27999.9990234375,27100.072265625,controller
1011278742,2027-12-19,2100.0,1456.2454833984375,1272.3544921875,27100.072265625,26272.4267578125,controller
1011278742,2027-12-26,1800.0,1057.9733276367188,1338.8445739746094,26272.4267578125,25811.27133178711,controller
1011278742,2028-01-02,0.0,0.0,1400.0000610351562,25811.27133178711,27211.271392822266,controller
1011278742,2028-01-09,0.0,0.0,1456.2454833984375,27211.271392822266,28667.516876220703,controller
1011278742,2028-01-16,0.0,0.0,1057.9733276367188,28667.516876220703,29725.490203857422,controller
1011278742,2028-01-23,0.0,0.0,0.0,29725.490203857422,29725.490203857422,controller
1011278742,2028-01-30,0.0,0.0,0.0,29725.490203857422,29725.490203857422,controller
1011278742,2028-02-06,0.0,0.0,0.0,29725.490203857422,29725.490203857422,controller
1011824789,2026-08-30,0.0,0.0,0.0,0.0,0.0,controller
1011824789,2026-09-06,0.0,0.0,0.0,0.0,0.0,controller
1011824789,2026-09-13,0.0,0.0,0.0,0.0,0.0,controller
1011824789,2026-09-20,0.0,3024.0,0.0,0.0,0.0,plan_forward
1011824789,2026-09-27,0.0,26268.0,0.0,0.0,0.0,plan_forward
1011824789,2026-10-04,0.0,10308.0,0.0,0.0,0.0,plan_forward
1011824789,2026-10-11,0.0,48.0,3024.0,0.0,3024.0,plan_forward
1011824789,2026-10-18,0.0,1404.0,26268.0,3024.0,29292.0,plan_forward
1011824789,2026-10-25,0.0,2916.0,10308.0,29292.0,39600.0,plan_forward
1011824789,2026-11-01,0.0,0.0,48.0,39600.0,39648.0,controller
1011824789,2026-11-08,0.0,0.0,1404.0,39648.0,41052.0,controller
1011824789,2026-11-15,0.0,0.0,2916.0,41052.0,43968.0,controller
1011824789,2026-11-22,0.0,0.0,0.0,43968.0,43968.0,controller
1011824789,2026-11-29,0.0,0.0,0.0,43968.0,43968.0,controller
1011824789,2026-12-06,0.0,0.0,0.0,43968.0,43968.0,controller
1011824789,2026-12-13,0.0,0.0,0.0,43968.0,43968.0,controller
1011824789,2026-12-20,0.0,0.0,0.0,43968.0,43968.0,controller
1011824789,2026-12-27,0.0,0.0,0.0,43968.0,43968.0,controller
1011824789,2027-01-03,0.0,0.0,0.0,43968.0,43968.0,controller
1011824789,2027-01-10,0.0,0.0,0.0,43968.0,43968.0,controller
1011824789,2027-01-17,0.0,0.0,0.0,43968.0,43968.0,controller
1011824789,2027-01-24,0.0,0.0,0.0,43968.0,43968.0,controller
1011824789,2027-01-31,0.0,0.0,0.0,43968.0,43968.0,controller
1011824789,2027-02-07,0.0,0.0,0.0,43968.0,43968.0,controller
1011824789,2027-02-14,0.0,0.0,0.0,43968.0,43968.0,controller
1011824789,2027-02-21,0.0,0.0,0.0,43968.0,43968.0,controller
1011824789,2027-02-28,0.0,0.0,0.0,43968.0,43968.0,controller
1011824789,2027-03-07,0.0,0.0,0.0,43968.0,43968.0,controller
1011824789,2027-03-14,0.0,0.0,0.0,43968.0,43968.0,controller
1011824789,2027-03-21,0.0,0.0,0.0,43968.0,43968.0,controller
1011824789,2027-03-28,1078.971429,0.0,0.0,43968.0,42889.028571,controller
1011824789,2027-04-04,2517.600001,1095.8357158124995,0.0,42889.028571,40371.428570000004,controller
1011824789,2027-04-11,2517.600001,1253.1857158749995,0.0,40371.428570000004,37853.828569000005,controller
1011824789,2027-04-18,2517.600001,1410.5357159374994,0.0,37853.828569000005,35336.228568000006,controller
1011824789,2027-04-25,2517.600000903226,1567.8857158548385,1095.8357158124995,35336.228568000006,33914.46428290928,controller
1011824789,2027-05-02,2517.6000003225804,1656.7459828020408,1253.1857158749995,33914.46428290928,32650.049998461694,controller
1011824789,2027-05-09,2517.6000003225804,1735.7718755800147,1410.5357159374994,32650.049998461694,31542.985714076614,controller
1011824789,2027-05-16,2517.6000003225804,1804.9633933540822,1567.8857158548385,31542.985714076614,30593.27142960887,controller
1011824789,2027-05-23,2517.6000003225804,1864.3205361333162,1656.7459828020408,30593.27142960887,29732.41741208833,controller
1011824789,2027-05-30,2517.600000806452,1918.1239129541575,1735.7718755800147,29732.41741208833,28950.589286861894,controller
1011824789,2027-06-06,2517.600001,1966.9881710711313,1804.9633933540822,28950.589286861894,28237.952679215978,controller
1011824789,2027-06-13,2517.600001,2011.527959049001,1864.3205361333162,28237.952679215978,27584.673214349295,controller
1011824789,2027-06-20,2517.600001,2052.357925603169,1918.1239129541575,27584.673214349295,26985.197126303454,controller
1011824789,2027-06-27,2517.6000007096773,2089.8251806705503,1966.9881710711313,26985.197126303454,26434.585296664907,controller
1011824789,2027-07-04,2517.6000003225804,2124.238419442314,2011.527959049001,26434.585296664907,25928.513255391328,controller
1011824789,2027-07-11,2517.6000003225804,2155.867922021913,2052.357925603169,25928.513255391328,25463.271180671916,controller
1011824789,2027-07-18,2517.6000003225804,2184.945551691876,2089.8251806705503,25463.271180671916,25035.496361019887,controller
1011824789,2027-07-25,2517.6000003225804,2211.6814779201277,2124.238419442314,25035.496361019887,24642.13478013962,controller
1011824789,2027-08-01,2517.6000003225804,2236.2665767251447,2155.867922021913,24642.13478013962,24280.40270183895,controller
1011824789,2027-08-08,2517.6000003225804,2258.8748316189362,2184.945551691876,24280.40270183895,23947.748253208243,controller
1011824789,2027-08-15,2517.6000003225804,2279.665734658355,2211.6814779201277,23947.748253208243,23641.829730805788,controller
1011824789,2027-08-22,2517.6000003225804,2298.7856423085086,2236.2665767251447,23641.829730805788,23360.496307208352,controller
1011824789,2027-08-29,2517.6000007096773,2316.368981863994,2258.8748316189362,23360.496307208352,23101.771138117612,controller
1011824789,2027-09-05,2517.600001,2332.539305367649,2279.665734658355,23101.771138117612,22863.83687177597,controller
1011824789,2027-09-12,2517.600001,2347.410197014002,2298.7856423085086,22863.83687177597,22645.022513084477,controller
1011824789,2027-09-19,2517.600001,2361.08609443222,2316.368981863994,22645.022513084477,22443.791493948473,controller
1011824789,2027-09-26,2517.600000806452,2373.6630328378988,2332.539305367649,22443.791493948473,22258.73079850967,controller
1011824789,2027-10-03,2517.6000003225804,2385.2293255770164,2347.410197014002,22258.73079850967,22088.540995201092,controller
1011824789,2027-10-10,2517.6000003225804,2395.8661882838023,2361.08609443222,22088.540995201092,21932.02708931073,controller
1011824789,2027-10-17,2517.6000003225804,2405.6483074019498,2373.6630328378988,21932.02708931073,21788.090121826048,controller
1011824789,2027-10-24,2517.6000003225804,2414.6443678697424,2385.2293255770164,21788.090121826048,21655.719447080482,controller
1011824789,2027-10-31,2517.600000903226,2422.9175359123087,2395.8661882838023,21655.719447080482,21533.98563446106,controller
1011824789,2027-11-07,2517.600001,2430.5258993461835,2405.6483074019498,21533.98563446106,21422.03394086301,controller
1011824789,2027-11-14,2517.600001,2437.5228801960616,2414.6443678697424,21422.03394086301,21319.078307732754,controller
1011824789,2027-11-21,2517.600001,2443.9576072667023,2422.9175359123087,21319.078307732754,21224.395842645063,controller
1011824789,2027-11-28,2517.6000006129034,2449.8752607540387,2430.5258993461835,21224.395842645063,21137.321741378342,controller
1011824789,2027-12-05,2517.6000003225804,2455.3173916477244,2437.5228801960616,21137.321741378342,21057.244621251823,controller
1011824789,2027-12-12,2517.6000003225804,2460.3222116556317,2443.9576072667023,21057.244621251823,20983.60222819594,controller
1011824789,2027-12-19,2517.6000003225804,2464.9248612216243,2449.8752607540387,20983.60222819594,20915.877488627397,controller
1011824789,2027-12-26,2157.942857419355,1929.67194308982,2455.3173916477244,20915.877488627397,21213.252022855766,controller
1011824789,2028-01-02,0.0,0.0,2460.3222116556317,21213.252022855766,23673.574234511398,controller
1011824789,2028-01-09,0.0,0.0,2464.9248612216243,23673.574234511398,26138.499095733023,controller
1011824789,2028-01-16,0.0,0.0,1929.67194308982,26138.499095733023,28068.171038822842,controller
1011824789,2028-01-23,0.0,0.0,0.0,28068.171038822842,28068.171038822842,controller
1011824789,2028-01-30,0.0,0.0,0.0,28068.171038822842,28068.171038822842,controller
1011824789,2028-02-06,0.0,0.0,0.0,28068.171038822842,28068.171038822842,controller
1012188490,2026-08-30,0.0,0.0,0.0,0.0,0.0,controller
1012188490,2026-09-06,0.0,0.0,0.0,0.0,0.0,controller
1012188490,2026-09-13,0.0,0.0,0.0,0.0,0.0,controller
1012188490,2026-09-20,0.0,864.0,7032.0,0.0,7032.0,plan_forward
1012188490,2026-09-27,0.0,2592.0,20640.0,7032.0,27672.0,plan_forward
1012188490,2026-10-04,0.0,1488.0,2928.0,27672.0,30600.0,plan_forward
1012188490,2026-10-11,0.0,0.0,864.0,30600.0,31464.0,controller
1012188490,2026-10-18,0.0,504.0,2592.0,31464.0,34056.0,plan_forward
1012188490,2026-10-25,0.0,3120.0,1488.0,34056.0,35544.0,plan_forward
1012188490,2026-11-01,2088.0000001,910.5000001499998,0.0,35544.0,33455.9999999,controller
1012188490,2026-11-08,2088.0000001,1041.0000001562498,504.0,33455.9999999,31871.9999998,controller
1012188490,2026-11-15,2088.0000001,1140.0000001624999,3120.0,31871.9999998,32903.9999997,controller
1012188490,2026-11-22,2088.0000001,1075.50000016875,910.5000001499998,32903.9999997,31726.499999749998,controller
1012188490,2026-11-29,3579.4285721483875,3386.2366082382064,1041.0000001562498,31726.499999749998,29188.071427757863,controller
1012188490,2026-12-06,4176.0000009677415,4439.745537216746,1140.0000001624999,29188.071427757863,26152.07142695262,controller
1012188490,2026-12-13,4176.0000009677415,4629.495537267074,1075.50000016875,26152.07142695262,23051.57142615363,controller
1012188490,2026-12-20,4176.0000009677415,4823.2767873170105,3386.2366082382064,23051.57142615363,22261.808033424095,controller
1012188490,2026-12-27,4176.000000967742,4872.636999362608,4439.745537216746,22261.808033424095,22525.5535696731,controller
1012188490,2027-01-03,4176.0000009677415,4856.152903347043,4629.495537267074,22525.5535696731,22979.04910597243,controller
1012188490,2027-01-10,4176.0000009677415,4827.809432328335,4823.2767873170105,22979.04910597243,23626.325892321696,controller
1012188490,2027-01-17,4176.0000009677415,4787.354633181506,4872.636999362608,23626.325892321696,24322.96289071656,controller
1012188490,2027-01-24,4176.0000009677415,4743.814820781827,4856.152903347043,24322.96289071656,25003.11579309586,controller
1012188490,2027-01-31,4176.000000138249,4701.305263138882,4827.809432328335,25003.11579309586,25654.925225285944,controller
1012188490,2027-02-07,4176.0,4660.5671734196285,4787.354633181506,25654.925225285944,26266.27985846745,controller
1012188490,2027-02-14,4176.0,4622.357508845785,4743.814820781827,26266.27985846745,26834.094679249276,controller
1012188490,2027-02-21,4176.0,4586.86908254692,4701.305263138882,26834.094679249276,27359.399942388158,controller
1012188490,2027-02-28,596.5714285714286,0.0,4660.5671734196285,27359.399942388158,31423.39568723636,controller
1012188490,2027-03-07,0.0,0.0,4622.357508845785,31423.39568723636,36045.75319608214,controller
1012188490,2027-03-14,0.0,0.0,4586.86908254692,36045.75319608214,40632.62227862906,controller
1012188490,2027-03-21,0.0,0.0,0.0,40632.62227862906,40632.62227862906,controller
1012188490,2027-03-28,0.0,0.0,0.0,40632.62227862906,40632.62227862906,controller
1012188490,2027-04-04,0.0,0.0,0.0,40632.62227862906,40632.62227862906,controller
1012188490,2027-04-11,0.0,0.0,0.0,40632.62227862906,40632.62227862906,controller
1012188490,2027-04-18,0.0,0.0,0.0,40632.62227862906,40632.62227862906,controller
1012188490,2027-04-25,0.0,0.0,0.0,40632.62227862906,40632.62227862906,controller
1012188490,2027-05-02,0.0,0.0,0.0,40632.62227862906,40632.62227862906,controller
1012188490,2027-05-09,0.0,0.0,0.0,40632.62227862906,40632.62227862906,controller
1012188490,2027-05-16,0.0,0.0,0.0,40632.62227862906,40632.62227862906,controller
1012188490,2027-05-23,0.0,0.0,0.0,40632.62227862906,40632.62227862906,controller
1012188490,2027-05-30,0.0,0.0,0.0,40632.62227862906,40632.62227862906,controller
1012188490,2027-06-06,0.0,0.0,0.0,40632.62227862906,40632.62227862906,controller
1012188490,2027-06-13,0.0,0.0,0.0,40632.62227862906,40632.62227862906,controller
1012188490,2027-06-20,0.0,0.0,0.0,40632.62227862906,40632.62227862906,controller
1012188490,2027-06-27,0.0,0.0,0.0,40632.62227862906,40632.62227862906,controller
1012188490,2027-07-04,0.0,0.0,0.0,40632.62227862906,40632.62227862906,controller
1012188490,2027-07-11,0.0,0.0,0.0,40632.62227862906,40632.62227862906,controller
1012188490,2027-07-18,0.0,0.0,0.0,40632.62227862906,40632.62227862906,controller
1012188490,2027-07-25,0.0,0.0,0.0,40632.62227862906,40632.62227862906,controller
1012188490,2027-08-01,0.0,0.0,0.0,40632.62227862906,40632.62227862906,controller
1012188490,2027-08-08,0.0,0.0,0.0,40632.62227862906,40632.62227862906,controller
1012188490,2027-08-15,0.0,0.0,0.0,40632.62227862906,40632.62227862906,controller
1012188490,2027-08-22,0.0,0.0,0.0,40632.62227862906,40632.62227862906,controller
1012188490,2027-08-29,0.0,0.0,0.0,40632.62227862906,40632.62227862906,controller
1012188490,2027-09-05,0.0,0.0,0.0,40632.62227862906,40632.62227862906,controller
1012188490,2027-09-12,0.0,0.0,0.0,40632.62227862906,40632.62227862906,controller
1012188490,2027-09-19,0.0,0.0,0.0,40632.62227862906,40632.62227862906,controller
1012188490,2027-09-26,0.0,0.0,0.0,40632.62227862906,40632.62227862906,controller
1012188490,2027-10-03,0.0,0.0,0.0,40632.62227862906,40632.62227862906,controller
1012188490,2027-10-10,0.0,0.0,0.0,40632.62227862906,40632.62227862906,controller
1012188490,2027-10-17,0.0,0.0,0.0,40632.62227862906,40632.62227862906,controller
1012188490,2027-10-24,0.0,0.0,0.0,40632.62227862906,40632.62227862906,controller
1012188490,2027-10-31,0.0,0.0,0.0,40632.62227862906,40632.62227862906,controller
1012188490,2027-11-07,0.0,0.0,0.0,40632.62227862906,40632.62227862906,controller
1012188490,2027-11-14,0.0,0.0,0.0,40632.62227862906,40632.62227862906,controller
1012188490,2027-11-21,0.0,0.0,0.0,40632.62227862906,40632.62227862906,controller
1012188490,2027-11-28,0.0,0.0,0.0,40632.62227862906,40632.62227862906,controller
1012188490,2027-12-05,0.0,0.0,0.0,40632.62227862906,40632.62227862906,controller
1012188490,2027-12-12,0.0,0.0,0.0,40632.62227862906,40632.62227862906,controller
1012188490,2027-12-19,0.0,0.0,0.0,40632.62227862906,40632.62227862906,controller
1012188490,2027-12-26,0.0,0.0,0.0,40632.62227862906,40632.62227862906,controller
1012188490,2028-01-02,0.0,0.0,0.0,40632.62227862906,40632.62227862906,controller
1012188490,2028-01-09,0.0,0.0,0.0,40632.62227862906,40632.62227862906,controller
1012188490,2028-01-16,0.0,0.0,0.0,40632.62227862906,40632.62227862906,controller
1012188490,2028-01-23,0.0,0.0,0.0,40632.62227862906,40632.62227862906,controller
1012188490,2028-01-30,0.0,0.0,0.0,40632.62227862906,40632.62227862906,controller
1012188490,2028-02-06,0.0,0.0,0.0,40632.62227862906,40632.62227862906,controller
1012188491,2026-08-30,0.0,0.0,0.0,0.0,0.0,controller
1012188491,2026-09-06,0.0,0.0,0.0,0.0,0.0,controller
1012188491,2026-09-13,0.0,0.0,0.0,0.0,0.0,controller
1012188491,2026-09-20,0.0,1608.0,6480.0,0.0,6480.0,plan_forward
1012188491,2026-09-27,0.0,3648.0,18000.0,6480.0,24480.0,plan_forward
1012188491,2026-10-04,0.0,2088.0,2520.0,24480.0,27000.0,plan_forward
1012188491,2026-10-11,0.0,0.0,1608.0,27000.0,28608.0,controller
1012188491,2026-10-18,0.0,696.0,3648.0,28608.0,32256.0,plan_forward
1012188491,2026-10-25,0.0,3168.0,2088.0,32256.0,34344.0,plan_forward
1012188491,2026-11-01,2088.0000001,985.5000001499998,0.0,34344.0,32255.9999999,controller
1012188491,2026-11-08,2088.0000001,1116.0000001562498,696.0,32255.9999999,30863.9999998,controller
1012188491,2026-11-15,2088.0000001,1203.0000001624999,3168.0,30863.9999998,31943.999999699998,controller
1012188491,2026-11-22,2088.0000001,1135.50000016875,985.5000001499998,31943.999999699998,30841.499999749998,controller
1012188491,2026-11-29,3579.4285721483875,3441.5491082382064,1116.0000001562498,30841.499999749998,28378.071427757863,controller
1012188491,2026-12-06,4176.0000009677415,4490.370537216746,1203.0000001624999,28378.071427757863,25405.07142695262,controller
1012188491,2026-12-13,4176.0000009677415,4676.183037267074,1135.50000016875,25405.07142695262,22364.57142615363,controller
1012188491,2026-12-20,4176.0000009677415,4866.2142873170105,3441.5491082382064,22364.57142615363,21630.120533424095,controller
1012188491,2026-12-27,4176.000000967742,4912.117468112608,4490.370537216746,21630.120533424095,21944.4910696731,controller
1012188491,2027-01-03,4176.0000009677415,4892.469309597043,4676.183037267074,21944.4910696731,22444.67410597243,controller
1012188491,2027-01-10,4176.0000009677415,4861.207869828335,4866.2142873170105,22444.67410597243,23134.888392321696,controller
1012188491,2027-01-17,4176.0000009677415,4818.069476931506,4912.117468112608,23134.888392321696,23871.00585946656,controller
1012188491,2027-01-24,4176.0000009677415,4772.062135234952,4892.469309597043,23871.00585946656,24587.47516809586,controller
1012188491,2027-01-31,4176.000000138249,4727.282802201382,4861.207869828335,24587.47516809586,25272.683037785944,controller
1012188491,2027-02-07,4176.0,4684.4573101383785,4818.069476931506,25272.683037785944,25914.75251471745,controller
1012188491,2027-02-14,4176.0,4644.32796783016,4772.062135234952,25914.75251471745,26510.8146499524,controller
1012188491,2027-02-21,4176.0,4607.074084377975,4727.282802201382,26510.8146499524,27062.097452153783,controller
1012188491,2027-02-28,596.5714285714286,0.0,4684.4573101383785,27062.097452153783,31149.983333720735,controller
1012188491,2027-03-07,0.0,0.0,4644.32796783016,31149.983333720735,35794.31130155089,controller
1012188491,2027-03-14,0.0,0.0,4607.074084377975,35794.31130155089,40401.385385928865,controller
1012188491,2027-03-21,0.0,0.0,0.0,40401.385385928865,40401.385385928865,controller
1012188491,2027-03-28,0.0,0.0,0.0,40401.385385928865,40401.385385928865,controller
1012188491,2027-04-04,0.0,0.0,0.0,40401.385385928865,40401.385385928865,controller
1012188491,2027-04-11,0.0,0.0,0.0,40401.385385928865,40401.385385928865,controller
1012188491,2027-04-18,0.0,0.0,0.0,40401.385385928865,40401.385385928865,controller
1012188491,2027-04-25,0.0,0.0,0.0,40401.385385928865,40401.385385928865,controller
1012188491,2027-05-02,0.0,0.0,0.0,40401.385385928865,40401.385385928865,controller
1012188491,2027-05-09,0.0,0.0,0.0,40401.385385928865,40401.385385928865,controller
1012188491,2027-05-16,0.0,0.0,0.0,40401.385385928865,40401.385385928865,controller
1012188491,2027-05-23,0.0,0.0,0.0,40401.385385928865,40401.385385928865,controller
1012188491,2027-05-30,0.0,0.0,0.0,40401.385385928865,40401.385385928865,controller
1012188491,2027-06-06,0.0,0.0,0.0,40401.385385928865,40401.385385928865,controller
1012188491,2027-06-13,0.0,0.0,0.0,40401.385385928865,40401.385385928865,controller
1012188491,2027-06-20,0.0,0.0,0.0,40401.385385928865,40401.385385928865,controller
1012188491,2027-06-27,0.0,0.0,0.0,40401.385385928865,40401.385385928865,controller
1012188491,2027-07-04,0.0,0.0,0.0,40401.385385928865,40401.385385928865,controller
1012188491,2027-07-11,0.0,0.0,0.0,40401.385385928865,40401.385385928865,controller
1012188491,2027-07-18,0.0,0.0,0.0,40401.385385928865,40401.385385928865,controller
1012188491,2027-07-25,0.0,0.0,0.0,40401.385385928865,40401.385385928865,controller
1012188491,2027-08-01,0.0,0.0,0.0,40401.385385928865,40401.385385928865,controller
1012188491,2027-08-08,0.0,0.0,0.0,40401.385385928865,40401.385385928865,controller
1012188491,2027-08-15,0.0,0.0,0.0,40401.385385928865,40401.385385928865,controller
1012188491,2027-08-22,0.0,0.0,0.0,40401.385385928865,40401.385385928865,controller
1012188491,2027-08-29,0.0,0.0,0.0,40401.385385928865,40401.385385928865,controller
1012188491,2027-09-05,0.0,0.0,0.0,40401.385385928865,40401.385385928865,controller
1012188491,2027-09-12,0.0,0.0,0.0,40401.385385928865,40401.385385928865,controller
1012188491,2027-09-19,0.0,0.0,0.0,40401.385385928865,40401.385385928865,controller
1012188491,2027-09-26,0.0,0.0,0.0,40401.385385928865,40401.385385928865,controller
1012188491,2027-10-03,0.0,0.0,0.0,40401.385385928865,40401.385385928865,controller
1012188491,2027-10-10,0.0,0.0,0.0,40401.385385928865,40401.385385928865,controller
1012188491,2027-10-17,0.0,0.0,0.0,40401.385385928865,40401.385385928865,controller
1012188491,2027-10-24,0.0,0.0,0.0,40401.385385928865,40401.385385928865,controller
1012188491,2027-10-31,0.0,0.0,0.0,40401.385385928865,40401.385385928865,controller
1012188491,2027-11-07,0.0,0.0,0.0,40401.385385928865,40401.385385928865,controller
1012188491,2027-11-14,0.0,0.0,0.0,40401.385385928865,40401.385385928865,controller
1012188491,2027-11-21,0.0,0.0,0.0,40401.385385928865,40401.385385928865,controller
1012188491,2027-11-28,0.0,0.0,0.0,40401.385385928865,40401.385385928865,controller
1012188491,2027-12-05,0.0,0.0,0.0,40401.385385928865,40401.385385928865,controller
1012188491,2027-12-12,0.0,0.0,0.0,40401.385385928865,40401.385385928865,controller
1012188491,2027-12-19,0.0,0.0,0.0,40401.385385928865,40401.385385928865,controller
1012188491,2027-12-26,0.0,0.0,0.0,40401.385385928865,40401.385385928865,controller
1012188491,2028-01-02,0.0,0.0,0.0,40401.385385928865,40401.385385928865,controller
1012188491,2028-01-09,0.0,0.0,0.0,40401.385385928865,40401.385385928865,controller
1012188491,2028-01-16,0.0,0.0,0.0,40401.385385928865,40401.385385928865,controller
1012188491,2028-01-23,0.0,0.0,0.0,40401.385385928865,40401.385385928865,controller
1012188491,2028-01-30,0.0,0.0,0.0,40401.385385928865,40401.385385928865,controller
1012188491,2028-02-06,0.0,0.0,0.0,40401.385385928865,40401.385385928865,controller
1012914812,2026-08-30,0.0,0.0,0.0,0.0,0.0,controller
1012914812,2026-09-06,0.0,0.0,0.0,0.0,0.0,controller
1012914812,2026-09-13,0.0,0.0,0.0,0.0,0.0,controller
1012914812,2026-09-20,0.0,0.0,0.0,0.0,0.0,controller
1012914812,2026-09-27,0.0,0.0,0.0,0.0,0.0,controller
1012914812,2026-10-04,0.0,0.0,0.0,0.0,0.0,controller
1012914812,2026-10-11,0.0,0.0,0.0,0.0,0.0,controller
1012914812,2026-10-18,0.0,0.0,0.0,0.0,0.0,controller
1012914812,2026-10-25,0.0,0.0,0.0,0.0,0.0,controller
1012914812,2026-11-01,0.0,0.0,0.0,0.0,0.0,controller
1012914812,2026-11-08,0.0,0.0,0.0,0.0,0.0,controller
1012914812,2026-11-15,0.0,0.0,0.0,0.0,0.0,controller
1012914812,2026-11-22,0.0,0.0,0.0,0.0,0.0,controller
1012914812,2026-11-29,0.0,0.0,0.0,0.0,0.0,controller
1012914812,2026-12-06,0.0,0.0,0.0,0.0,0.0,controller
1012914812,2026-12-13,0.0,0.0,0.0,0.0,0.0,controller
1012914812,2026-12-20,0.0,0.0,0.0,0.0,0.0,controller
1012914812,2026-12-27,0.0,0.0,0.0,0.0,0.0,controller
1012914812,2027-01-03,0.0,0.0,0.0,0.0,0.0,controller
1012914812,2027-01-10,0.0,0.0,0.0,0.0,0.0,controller
1012914812,2027-01-17,0.0,0.0,0.0,0.0,0.0,controller
1012914812,2027-01-24,0.0,0.0,0.0,0.0,0.0,controller
1012914812,2027-01-31,0.0,0.0,0.0,0.0,0.0,controller
1012914812,2027-02-07,0.0,0.0,0.0,0.0,0.0,controller
1012914812,2027-02-14,0.0,0.0,0.0,0.0,0.0,controller
1012914812,2027-02-21,0.0,0.0,0.0,0.0,0.0,controller
1012914812,2027-02-28,642.8571427741934,964.2857141612901,0.0,0.0,0.0,controller
1012914812,2027-03-07,749.9999999032258,1124.9999998548387,0.0,0.0,0.0,controller
1012914812,2027-03-14,749.9999999032258,1124.9999998548387,0.0,0.0,0.0,controller
1012914812,2027-03-21,749.9999999032258,1124.9999998548387,964.2857141612901,0.0,214.28571425806433,controller
1012914812,2027-03-28,1071.428571416129,1593.7499999830643,1124.9999998548387,214.28571425806433,267.85714269677396,controller
1012914812,2027-04-04,1500.0000000999999,2233.2589287314513,1124.9999998548387,267.85714269677396,0.0,controller
1012914812,2027-04-11,1500.0000000999999,2250.00000015,1124.9999998548387,0.0,0.0,controller
1012914812,2027-04-18,1500.0000000999999,2250.00000015,1593.7499999830643,0.0,93.74999988306445,controller
1012914812,2027-04-25,1500.0000000903226,2244.1406251427925,2233.2589287314513,93.74999988306445,827.0089285241932,controller
1012914812,2027-05-02,1500.0000000322582,2198.3119420156254,2250.00000015,827.0089285241932,1577.008928641935,controller
1012914812,2027-05-09,1500.0000000322582,2151.436942008266,2250.00000015,1577.008928641935,2327.0089287596766,controller
1012914812,2027-05-16,1500.0000000322582,2104.5619420009075,2244.1406251427925,2327.0089287596766,3071.149553870211,controller
1012914812,2027-05-23,1500.0000000322582,2058.053152931499,2198.3119420156254,3071.149553870211,3769.4614958535785,controller
1012914812,2027-05-30,1500.000000080645,2014.4086566301187,2151.436942008266,3769.4614958535785,4420.898437781199,controller
1012914812,2027-06-06,1500.0000000999999,1973.6938477886747,2104.5619420009075,4420.898437781199,5025.4603796821075,controller
1012914812,2027-06-13,1500.0000000999999,1935.9087264198681,2058.053152931499,5025.4603796821075,5583.513532513606,controller
1012914812,2027-06-20,1500.0000000999999,1901.0304043678993,2014.4086566301187,5583.513532513606,6097.922189043725,controller
1012914812,2027-06-27,1500.0000000709679,1868.879863291219,1973.6938477886747,6097.922189043725,6571.616036761432,controller
1012914812,2027-07-04,1500.0000000322582,1839.2739977507977,1935.9087264198681,6571.616036761432,7007.524763149042,controller
1012914812,2027-07-11,1500.0000000322582,1812.0297023515723,1901.0304043678993,7007.524763149042,7408.555167484683,controller
1012914812,2027-07-18,1500.0000000322582,1786.9653020805945,1868.879863291219,7408.555167484683,7777.435030743643,controller
1012914812,2027-07-25,1500.0000000322582,1763.9103106269094,1839.2739977507977,7777.435030743643,8116.709028462183,controller
1012914812,2027-08-01,1500.0000000322582,1742.7056857695009,1812.0297023515723,8116.709028462183,8428.738730781497,controller
1012914812,2027-08-08,1500.0000000322582,1723.2038293745436,1786.9653020805945,8428.738730781497,8715.704032829834,controller
1012914812,2027-08-15,1500.0000000322582,1705.2684979965227,1763.9103106269094,8715.704032829834,8979.614343424484,controller
1012914812,2027-08-22,1500.0000000322582,1688.774103584357,1742.7056857695009,8979.614343424484,9222.320029161727,controller
1012914812,2027-08-29,1500.0000000709679,1673.604998283844,1723.2038293745436,9222.320029161727,9445.523858465303,controller
1012914812,2027-09-05,1500.0000000999999,1659.6547589959182,1705.2684979965227,9445.523858465303,9650.792356361828,controller
1012914812,2027-09-12,1500.0000000999999,1646.8254778773855,1688.774103584357,9650.792356361828,9839.566459846184,controller
1012914812,2027-09-19,1500.0000000999999,1635.0270964096133,1673.604998283844,9839.566459846184,10013.171458030029,controller
1012914812,2027-09-26,1500.000000080645,1624.1767839940906,1659.6547589959182,10013.171458030029,10172.826216945303,controller
1012914812,2027-10-03,1500.0000000322582,1614.1983614893059,1646.8254778773855,10172.826216945303,10319.651694790431,controller
1012914812,2027-10-10,1500.0000000322582,1605.0217691239855,1635.0270964096133,10319.651694790431,10454.678791167786,controller
1012914812,2027-10-17,1500.0000000322582,1596.5825756004006,1624.1767839940906,10454.678791167786,10578.855575129619,controller
1012914812,2027-10-24,1500.0000000322582,1588.821526602786,1614.1983614893059,10578.855575129619,10693.053936586666,controller
1012914812,2027-10-31,1500.0000000903226,1581.6841290988173,1605.0217691239855,10693.053936586666,10798.07570562033,controller
1012914812,2027-11-07,1500.0000000999999,1575.1202685487292,1596.5825756004006,10798.07570562033,10894.65828112073,controller
1012914812,2027-11-14,1500.0000000999999,1569.0838575799542,1588.821526602786,10894.65828112073,10983.479807623517,controller
1012914812,2027-11-21,1500.0000000999999,1563.53251217353,1581.6841290988173,10983.479807623517,11065.163936622335,controller
1012914812,2027-11-28,1500.0000000612904,1558.4272540530396,1575.1202685487292,11065.163936622335,11140.284205109774,controller
1012914812,2027-12-05,1500.0000000322582,1553.7322372290264,1569.0838575799542,11140.284205109774,11209.36806265747,controller
1012914812,2027-12-12,1500.0000000322582,1549.4144961322954,1563.53251217353,11209.36806265747,11272.900574798741,controller
1012914812,2027-12-19,1500.0000000322582,1545.443714123466,1558.4272540530396,11272.900574798741,11331.327828819523,controller
1012914812,2027-12-26,1285.7142857419356,1220.3634393116831,1553.7322372290264,11331.327828819523,11599.345780306616,controller
1012914812,2028-01-02,0.0,0.0,1549.4144961322954,11599.345780306616,13148.760276438912,controller
1012914812,2028-01-09,0.0,0.0,1545.443714123466,13148.760276438912,14694.203990562379,controller
1012914812,2028-01-16,0.0,0.0,1220.3634393116831,14694.203990562379,15914.567429874061,controller
1012914812,2028-01-23,0.0,0.0,0.0,15914.567429874061,15914.567429874061,controller
1012914812,2028-01-30,0.0,0.0,0.0,15914.567429874061,15914.567429874061,controller
1012914812,2028-02-06,0.0,0.0,0.0,15914.567429874061,15914.567429874061,controller
1012914813,2026-08-30,0.0,0.0,0.0,0.0,0.0,controller
1012914813,2026-09-06,0.0,0.0,0.0,0.0,0.0,controller
1012914813,2026-09-13,0.0,0.0,0.0,0.0,0.0,controller
1012914813,2026-09-20,0.0,0.0,0.0,0.0,0.0,controller
1012914813,2026-09-27,0.0,0.0,0.0,0.0,0.0,controller
1012914813,2026-10-04,0.0,0.0,0.0,0.0,0.0,controller
1012914813,2026-10-11,0.0,0.0,0.0,0.0,0.0,controller
1012914813,2026-10-18,0.0,0.0,0.0,0.0,0.0,controller
1012914813,2026-10-25,0.0,0.0,0.0,0.0,0.0,controller
1012914813,2026-11-01,0.0,0.0,0.0,0.0,0.0,controller
1012914813,2026-11-08,0.0,0.0,0.0,0.0,0.0,controller
1012914813,2026-11-15,0.0,0.0,0.0,0.0,0.0,controller
1012914813,2026-11-22,0.0,0.0,0.0,0.0,0.0,controller
1012914813,2026-11-29,0.0,0.0,0.0,0.0,0.0,controller
1012914813,2026-12-06,0.0,0.0,0.0,0.0,0.0,controller
1012914813,2026-12-13,0.0,0.0,0.0,0.0,0.0,controller
1012914813,2026-12-20,0.0,0.0,0.0,0.0,0.0,controller
1012914813,2026-12-27,0.0,0.0,0.0,0.0,0.0,controller
1012914813,2027-01-03,0.0,0.0,0.0,0.0,0.0,controller
1012914813,2027-01-10,0.0,0.0,0.0,0.0,0.0,controller
1012914813,2027-01-17,0.0,0.0,0.0,0.0,0.0,controller
1012914813,2027-01-24,0.0,0.0,0.0,0.0,0.0,controller
1012914813,2027-01-31,0.0,0.0,0.0,0.0,0.0,controller
1012914813,2027-02-07,0.0,0.0,0.0,0.0,0.0,controller
1012914813,2027-02-14,0.0,0.0,0.0,0.0,0.0,controller
1012914813,2027-02-21,0.0,0.0,0.0,0.0,0.0,controller
1012914813,2027-02-28,771.4285714838709,1157.1428572258064,0.0,0.0,0.0,controller
1012914813,2027-03-07,900.0000000645161,1350.0000000967743,0.0,0.0,0.0,controller
1012914813,2027-03-14,900.0000000645161,1350.0000000967743,0.0,0.0,0.0,controller
1012914813,2027-03-21,900.0000000645161,1350.0000000967743,1157.1428572258064,0.0,257.1428571612903,controller
1012914813,2027-03-28,1285.7142857225806,1912.5000000112902,1350.0000000967743,257.1428571612903,321.428571535484,controller
1012914813,2027-04-04,1799.9999999333334,2679.9107141790323,1350.0000000967743,321.428571535484,0.0,controller
1012914813,2027-04-11,1799.9999999333334,2699.9999999,1350.0000000967743,0.0,0.0,controller
1012914813,2027-04-18,1799.9999999333334,2699.9999999,1912.5000000112902,0.0,112.50000007795688,controller
1012914813,2027-04-25,1799.9999999290324,2692.968749888676,2679.9107141790323,112.50000007795688,992.4107143279568,controller
1012914813,2027-05-02,1799.999999903226,2637.9743302093416,2699.9999999,992.4107143279568,1892.4107143247313,controller
1012914813,2027-05-09,1799.999999903226,2581.724330209543,2699.9999999,1892.4107143247313,2792.410714321505,controller
1012914813,2027-05-16,1799.999999903226,2525.474330209745,2692.968749888676,2792.410714321505,3685.379464306955,controller
1012914813,2027-05-23,1799.999999903226,2469.6637833356544,2637.9743302093416,3685.379464306955,4523.353794613071,controller
1012914813,2027-05-30,1799.9999999247311,2417.2903877237795,2581.724330209543,4523.353794613071,5305.078124897883,controller
1012914813,2027-06-06,1799.9999999333334,2368.432617093882,2525.474330209745,5305.078124897883,6030.552455174295,controller
1012914813,2027-06-13,1799.9999999333334,2323.0904714516064,2469.6637833356544,6030.552455174295,6700.216238576616,controller
1012914813,2027-06-20,1799.9999999333334,2281.2364849889614,2417.2903877237795,6700.216238576616,7317.506626367062,controller
1012914813,2027-06-27,1799.9999999204301,2242.655835732704,2368.432617093882,7317.506626367062,7885.939243540513,controller
1012914813,2027-07-04,1799.999999903226,2207.128797133557,2323.0904714516064,7885.939243540513,8409.029715088895,controller
1012914813,2027-07-11,1799.999999903226,2174.435642661783,2281.2364849889614,8409.029715088895,8890.26620017463,controller
1012914813,2027-07-18,1799.999999903226,2144.3583623439245,2242.655835732704,8890.26620017463,9332.922036004107,controller
1012914813,2027-07-25,1799.999999903226,2116.692372604582,2207.128797133557,9332.922036004107,9740.050833234438,controller
1012914813,2027-08-01,1799.999999903226,2091.2468227776862,2174.435642661783,9740.050833234438,10114.486475992995,controller
1012914813,2027-08-08,1799.999999903226,2067.8445951052768,2144.3583623439245,10114.486475992995,10458.844838433693,controller
1012914813,2027-08-15,1799.999999903226,2046.322197452733,2116.692372604582,10458.844838433693,10775.53721113505,controller
1012914813,2027-08-22,1799.999999903226,2026.5289241588982,2091.2468227776862,10775.53721113505,11066.78403400951,controller
1012914813,2027-08-29,1799.9999999204301,2008.3259977550508,2067.8445951052768,11066.78403400951,11334.628629194356,controller
1012914813,2027-09-05,1799.9999999333334,1991.5857105753528,2046.322197452733,11334.628629194356,11580.950826713755,controller
1012914813,2027-09-12,1799.9999999333334,1976.1905732303903,2026.5289241588982,11580.950826713755,11807.47975093932,controller
1012914813,2027-09-19,1799.9999999333334,1962.0325154662926,2008.3259977550508,11807.47975093932,12015.805748761037,controller
1012914813,2027-09-26,1799.9999999247311,1949.012140589532,1991.5857105753528,12015.805748761037,12207.391459411658,controller
1012914813,2027-10-03,1799.999999903226,1937.0380336416101,1976.1905732303903,12207.391459411658,12383.582032738821,controller
1012914813,2027-10-10,1799.999999903226,1926.0261228086624,1962.0325154662926,12383.582032738821,12545.614548301888,controller
1012914813,2027-10-17,1799.999999903226,1915.899090585971,1949.012140589532,12545.614548301888,12694.626688988194,controller
1012914813,2027-10-24,1799.999999903226,1906.5858317930767,1937.0380336416101,12694.626688988194,12831.664722726578,controller
1012914813,2027-10-31,1799.9999999290324,1898.0209547231375,1926.0261228086624,12831.664722726578,12957.690845606208,controller
1012914813,2027-11-07,1799.9999999333334,1890.1443220496121,1915.899090585971,12957.690845606208,13073.589936258846,controller
1012914813,2027-11-14,1799.9999999333334,1882.9006288838223,1906.5858317930767,13073.589936258846,13180.175768118588,controller
1012914813,2027-11-21,1799.9999999333334,1876.2390143925882,1898.0209547231375,13180.175768118588,13278.196722908391,controller
1012914813,2027-11-28,1799.9999999161291,1870.1127046924194,1890.1443220496121,13278.196722908391,13368.341045041874,controller
1012914813,2027-12-05,1799.999999903226,1864.4786845397216,1882.9006288838223,13368.341045041874,13451.24167402247,controller
1012914813,2027-12-12,1799.999999903226,1859.2973952284344,1876.2390143925882,13451.24167402247,13527.480688511832,controller
1012914813,2027-12-19,1799.999999903226,1854.5324568228493,1870.1127046924194,13527.480688511832,13597.593393301026,controller
1012914813,2027-12-26,1542.8571427741936,1464.4361270799764,1864.4786845397216,13597.593393301026,13919.214935066553,controller
1012914813,2028-01-02,0.0,0.0,1859.2973952284344,13919.214935066553,15778.512330294987,controller
1012914813,2028-01-09,0.0,0.0,1854.5324568228493,15778.512330294987,17633.044787117837,controller
1012914813,2028-01-16,0.0,0.0,1464.4361270799764,17633.044787117837,19097.48091419781,controller
1012914813,2028-01-23,0.0,0.0,0.0,19097.48091419781,19097.48091419781,controller
1012914813,2028-01-30,0.0,0.0,0.0,19097.48091419781,19097.48091419781,controller
1012914813,2028-02-06,0.0,0.0,0.0,19097.48091419781,19097.48091419781,controller
