tcin,week_start,sales,orders,receipts,oh_start,oh_end,source
89854821,2026-08-30,1350.904413187646,2058.0,2094.0,10773.0,11516.095586812355,plan
89854821,2026-09-06,1891.2661784627044,2712.0,1176.0,11516.095586812355,10800.829408349651,plan
89854821,2026-09-13,1891.2661784627044,1902.0,2154.0,10800.829408349651,11063.563229886946,plan
89854821,2026-09-20,1891.2661784627044,1092.0,2058.0,11063.563229886946,11230.29705142424,plan
89854821,2026-09-27,1891.2661784627044,3000.0,2712.0,11230.29705142424,12051.030872961535,plan
89854821,2026-10-04,1891.2661784627044,3306.0,1902.0,12051.030872961535,12061.76469449883,plan
89854821,2026-10-11,1891.2661784627044,7920.0,1092.0,12061.76469449883,11262.498516036125,plan_forward
89854821,2026-10-18,1891.2661784627044,5004.0,3000.0,11262.498516036125,12371.23233757342,plan
89854821,2026-10-25,1891.2661784627044,2694.0,3306.0,12371.23233757342,13785.966159110714,plan
89854821,2026-11-01,1891.2661784627044,1975.276382749637,7920.0,13785.966159110714,19814.69998064801,controller
89854821,2026-11-08,1891.2661784627044,1598.480518903556,5004.0,19814.69998064801,22927.433802185304,controller
89854821,2026-11-15,1891.2661784627044,1403.934655057475,2694.0,22927.433802185304,23730.1676237226,controller
89854821,2026-11-22,1891.2661784627044,1353.7637912113942,1975.276382749637,23730.1676237226,23814.17782800953,controller
89854821,2026-11-29,1891.2661784627041,1348.5131534434604,1598.480518903556,23814.17782800953,23521.39216845038,controller
89854821,2026-12-06,1891.2661784627044,1366.8122571659078,1403.934655057475,23521.39216845038,23034.06064504515,controller
89854821,2026-12-13,1891.2661784627044,1397.2704773787348,1353.7637912113942,23034.06064504515,22496.558257793837,controller
89854821,2026-12-20,1891.2661784627044,1430.8643765819418,1348.5131534434604,22496.558257793837,21953.80523277459,controller
89854821,2026-12-27,1891.2661784627041,1464.7864406456442,1366.8122571659078,21953.80523277459,21429.351311477792,controller
89854821,2027-01-03,1891.2661784627044,1497.5648107266945,1397.2704773787348,21429.351311477792,20935.35561039382,controller
89854821,2027-01-10,1891.2661784627044,1528.4395420444428,1430.8643765819418,20935.35561039382,20474.95380851306,controller
89854821,2027-01-17,1891.2661784627044,1557.2146546619904,1464.7864406456442,20474.95380851306,20048.474070695996,controller
89854821,2027-01-24,1891.2661784627044,1583.8696382755568,1497.5648107266945,20048.474070695996,19654.772702959985,controller
89854821,2027-01-31,1891.2661784627044,1608.4759737590575,1528.4395420444428,19654.772702959985,19291.94606654172,controller
89854821,2027-02-07,1891.2661784627041,1631.1526385351985,1557.2146546619904,19291.94606654172,18957.894542741007,controller
89854821,2027-02-14,1891.2661784627041,1652.0308587727432,1583.8696382755568,18957.894542741007,18650.498002553857,controller
89854821,2027-02-21,1891.2661784627041,1671.2431425344403,1608.4759737590575,18650.498002553857,18367.70779785021,controller
89854821,2027-02-28,1891.2661784627044,1688.9175303284185,1631.1526385351985,18367.70779785021,18107.5942579227,controller
89854821,2027-03-07,1891.2661784627044,1705.1746265738877,1652.0308587727432,18107.5942579227,17868.35893823274,controller
89854821,2027-03-14,1891.2661784627044,1720.1268340545103,1671.2431425344403,17868.35893823274,17648.335902304476,controller
89854821,2027-03-21,1891.2661784627044,1733.8782738000268,1688.9175303284185,17648.335902304476,17445.987254170188,controller
89854821,2027-03-28,1967.844396251136,1861.3923909910673,1705.1746265738877,17445.987254170188,17183.317484492938,controller
89854821,2027-04-04,2069.9486866357115,2030.9656871727586,1720.1268340545103,17183.317484492938,16833.495631911737,controller
89854821,2027-04-11,2069.9486866357115,2052.8295529590837,1733.8782738000268,16833.495631911737,16497.425219076053,controller
89854821,2027-04-18,2069.9486866357115,2073.8339537613138,1861.3923909910673,16497.425219076053,16288.868923431408,controller
89854821,2027-04-25,2069.9487267328614,2086.868782384829,2030.9656871727586,16288.868923431408,16249.885883871306,controller
89854821,2027-05-02,2069.948967315758,2089.3055832316804,2052.8295529590837,16249.885883871306,16232.76646951463,controller
89854821,2027-05-09,2069.948967315758,2090.375546628973,2073.8339537613138,16232.76646951463,16236.651455960186,controller
89854821,2027-05-16,2069.948967315758,2090.132734976126,2086.868782384829,16236.651455960186,16253.571271029257,controller
89854821,2027-05-23,2069.948967315758,2089.0752465343085,2089.3055832316804,16253.571271029257,16272.927886945181,controller
89854821,2027-05-30,2069.9487668300108,2087.8651573109423,2090.375546628973,16272.927886945181,16293.354666744144,controller
89854821,2027-06-06,2069.9486866357115,2086.5883632820583,2090.132734976126,16293.354666744144,16313.53871508456,controller
89854821,2027-06-13,2069.9486866357115,2085.3268602607823,2089.0752465343085,16313.53871508456,16332.665274983156,controller
89854821,2027-06-20,2069.9486866357115,2084.1314502671203,2087.8651573109423,16332.665274983156,16350.581745658386,controller
89854821,2027-06-27,2069.94880692716,2083.0118512870913,2086.5883632820583,16350.581745658386,16367.221302013284,controller
89854821,2027-07-04,2069.948967315758,2081.9721195978073,2085.3268602607823,16367.221302013284,16382.599194958308,controller
89854821,2027-07-11,2069.948967315758,2081.011001288743,2084.1314502671203,16382.599194958308,16396.78167790967,controller
89854821,2027-07-18,2069.948967315758,2080.1245961042832,2083.0118512870913,16396.78167790967,16409.844561881,controller
89854821,2027-07-25,2069.948967315758,2079.308165856075,2081.9721195978073,16409.844561881,16421.867714163047,controller
89854821,2027-08-01,2069.948967315758,2078.5567188384466,2081.011001288743,16421.867714163047,16432.92974813603,controller
89854821,2027-08-08,2069.948967315758,2077.8653417151354,2080.1245961042832,16432.92974813603,16443.105376924555,controller
89854821,2027-08-15,2069.948967315758,2077.229364915853,2079.308165856075,16443.105376924555,16452.464575464874,controller
89854821,2027-08-22,2069.948967315758,2076.644415007083,2078.5567188384466,16452.464575464874,16461.07232698756,controller
89854821,2027-08-29,2069.94880692716,2076.1061899540177,2077.8653417151354,16461.07232698756,16468.988861775535,controller
89854821,2027-09-05,2069.9486866357115,2075.6112260925966,2077.229364915853,16468.988861775535,16476.269540055677,controller
89854821,2027-09-12,2069.9486866357115,2075.1561837000872,2076.644415007083,16476.269540055677,16482.965268427048,controller
89854821,2027-09-19,2069.9486866357115,2074.7377006768766,2076.1061899540177,16482.965268427048,16489.122771745355,controller
89854821,2027-09-26,2069.9487668300108,2074.3529770109317,2075.6112260925966,16489.122771745355,16494.785231007943,controller
89854821,2027-10-03,2069.948967315758,2073.999374035641,2075.1561837000872,16494.785231007943,16499.992447392273,controller
89854821,2027-10-10,2069.948967315758,2073.67392301162,2074.7377006768766,16499.992447392273,16504.78118075339,controller
89854821,2027-10-17,2069.948967315758,2073.3746271765503,2074.3529770109317,16504.78118075339,16509.185190448563,controller
89854821,2027-10-24,2069.948967315758,2073.099376570602,2073.999374035641,16509.185190448563,16513.235597168445,controller
89854821,2027-10-31,2069.9487267328614,2072.8458652762642,2073.67392301162,16513.235597168445,16516.960793447204,controller
89854821,2027-11-07,2069.9486866357115,2072.612980363117,2073.3746271765503,16516.960793447204,16520.386733988045,controller
89854821,2027-11-14,2069.9486866357115,2072.398859079314,2073.099376570602,16520.386733988045,16523.537423922935,controller
89854821,2027-11-21,2069.9486866357115,2072.2019409583836,2072.8458652762642,16523.537423922935,16526.434602563488,controller
89854821,2027-11-28,2069.9488470243095,2072.0211078762463,2072.612980363117,16526.434602563488,16529.098735902295,controller
89854821,2027-12-05,2069.948967315758,2071.854779979744,2072.398859079314,16529.098735902295,16531.54862766585,controller
89854821,2027-12-12,2069.948967315758,2071.7016617445215,2072.2019409583836,16531.54862766585,16533.801601308474,controller
89854821,2027-12-19,2069.948967315758,2071.5608508918576,2072.0211078762463,16533.801601308474,16535.873741868963,controller
89854821,2027-12-26,1774.2419719849356,1627.870849110593,2071.854779979744,16535.873741868963,16833.486549863774,controller
89854821,2028-01-02,1947.875,1869.7195906335141,2071.7016617445215,16833.486549863774,16957.313211608296,controller
89854821,2028-01-09,1947.875,1861.9804242744815,2071.5608508918576,16957.313211608296,17080.999062500152,controller
89854821,2028-01-16,1947.875,1854.2500585937405,1627.870849110593,17080.999062500152,16760.994911610745,controller
89854821,2028-01-23,1947.875,1874.2503180243284,1869.7195906335141,16760.994911610745,16682.83950224426,controller
89854821,2028-01-30,1947.875,1879.1350311097337,1861.9804242744815,16682.83950224426,16596.944926518743,controller
89854821,2028-02-06,1947.875,1884.5034420925786,1854.2500585937405,16596.944926518743,16503.319985112485,controller
89854822,2026-08-30,3.125,4.6875,0.0,0.0,0.0,controller
89854822,2026-09-06,4.375,6.5625,0.0,0.0,0.0,controller
89854822,2026-09-13,4.375,6.5625,0.0,0.0,0.0,controller
89854822,2026-09-20,4.375,6.5625,4.6875,0.0,0.3125,controller
89854822,2026-09-27,4.375,6.54296875,6.5625,0.3125,2.5,controller
89854822,2026-10-04,4.375,6.40625,6.5625,2.5,4.6875,controller
89854822,2026-10-11,4.375,6.26953125,6.5625,4.6875,6.875,controller
89854822,2026-10-18,4.375,6.1328125,6.54296875,6.875,9.04296875,controller
89854822,2026-10-25,4.375,5.997314453125,6.40625,9.04296875,11.07421875,controller
89854822,2026-11-01,4.375,5.870361328125,6.26953125,11.07421875,12.96875,controller
89854822,2026-11-08,4.375,5.751953125,6.1328125,12.96875,14.7265625,controller
89854822,2026-11-15,4.375,5.64208984375,5.997314453125,14.7265625,16.348876953125,controller
89854822,2026-11-22,4.375,5.5406951904296875,5.870361328125,16.348876953125,17.84423828125,controller
89854822,2026-11-29,4.375,5.447235107421875,5.751953125,17.84423828125,19.22119140625,controller
89854822,2026-12-06,4.375,5.361175537109375,5.64208984375,19.22119140625,20.48828125,controller
89854822,2026-12-13,4.375,5.281982421875,5.5406951904296875,20.48828125,21.653976440429688,controller
89854822,2026-12-20,4.375,5.2091264724731445,5.447235107421875,21.653976440429688,22.726211547851562,controller
89854822,2026-12-27,4.375,5.142111778259277,5.361175537109375,22.726211547851562,23.712387084960938,controller
89854822,2027-01-03,4.375,5.080475807189941,5.281982421875,23.712387084960938,24.619369506835938,controller
89854822,2027-01-10,4.375,5.023789405822754,5.2091264724731445,24.619369506835938,25.453495979309082,controller
89854822,2027-01-17,4.375,4.971656501293182,5.142111778259277,25.453495979309082,26.22060775756836,controller
89854822,2027-01-24,4.375,4.9237120151519775,5.080475807189941,26.22060775756836,26.9260835647583,controller
89854822,2027-01-31,4.375,4.879619777202606,5.023789405822754,26.9260835647583,27.574872970581055,controller
89854822,2027-02-07,4.375,4.839070439338684,4.971656501293182,27.574872970581055,28.171529471874237,controller
89854822,2027-02-14,4.375,4.80177940800786,4.9237120151519775,28.171529471874237,28.720241487026215,controller
89854822,2027-02-21,4.375,4.767484907060862,4.879619777202606,28.720241487026215,29.22486126422882,controller
89854822,2027-02-28,4.375,4.735946170985699,4.839070439338684,29.22486126422882,29.688931703567505,controller
89854822,2027-03-07,4.375,4.706941768527031,4.80177940800786,29.688931703567505,30.115711111575365,controller
89854822,2027-03-14,4.375,4.68026805552654,4.767484907060862,30.115711111575365,30.508196018636227,controller
89854822,2027-03-21,4.375,4.655737748835236,4.735946170985699,30.508196018636227,30.869142189621925,controller
89854822,2027-03-28,4.375,4.63317861314863,4.706941768527031,30.869142189621925,31.201083958148956,controller
89854822,2027-04-04,4.375,4.61243225261569,4.68026805552654,31.201083958148956,31.506352013675496,controller
89854822,2027-04-11,4.375,4.5933529991452815,4.655737748835236,31.506352013675496,31.787089762510732,controller
89854822,2027-04-18,4.375,4.575806889843079,4.63317861314863,31.787089762510732,32.04526837565936,controller
89854822,2027-04-25,4.375,4.55967072652129,4.61243225261569,32.04526837565936,32.28270062827505,controller
89854822,2027-05-02,4.375,4.544831210732809,4.5933529991452815,32.28270062827505,32.50105362742033,controller
89854822,2027-05-09,4.375,4.531184148286229,4.575806889843079,32.50105362742033,32.70186051726341,controller
89854822,2027-05-16,4.375,4.518633717671037,4.55967072652129,32.70186051726341,32.8865312437847,controller
89854822,2027-05-23,4.375,4.507091797263456,4.544831210732809,32.8865312437847,33.05636245451751,controller
89854822,2027-05-30,4.375,4.4964773465926555,4.531184148286229,33.05636245451751,33.21254660280374,controller
89854822,2027-06-06,4.375,4.486715837324766,4.518633717671037,33.21254660280374,33.35618032047478,controller
89854822,2027-06-13,4.375,4.477738729970326,4.507091797263456,33.35618032047478,33.488272117738234,controller
89854822,2027-06-20,4.375,4.46948299264136,4.4964773465926555,33.488272117738234,33.60974946433089,controller
89854822,2027-06-27,4.375,4.461890658479319,4.486715837324766,33.60974946433089,33.721465301655655,controller
89854822,2027-07-04,4.375,4.4549084186465215,4.477738729970326,33.721465301655655,33.82420403162598,controller
89854822,2027-07-11,4.375,4.448487248023376,4.46948299264136,33.82420403162598,33.91868702426734,controller
89854822,2027-07-18,4.375,4.442582060983291,4.461890658479319,33.91868702426734,34.00557768274666,controller
89854822,2027-07-25,4.375,4.437151394828334,4.4549084186465215,34.00557768274666,34.08548610139319,controller
89854822,2027-08-01,4.375,4.432157118662926,4.448487248023376,34.08548610139319,34.15897334941656,controller
89854822,2027-08-08,4.375,4.427564165661465,4.442582060983291,34.15897334941656,34.226555410399854,controller
89854822,2027-08-15,4.375,4.423340286850009,4.437151394828334,34.226555410399854,34.28870680522819,controller
89854822,2027-08-22,4.375,4.419455824673238,4.432157118662926,34.28870680522819,34.345863923891116,controller
89854822,2027-08-29,4.375,4.415883504756805,4.427564165661465,34.345863923891116,34.39842808955258,controller
89854822,2027-09-05,4.375,4.412598244402964,4.423340286850009,34.39842808955258,34.44676837640259,controller
89854822,2027-09-12,4.375,4.409576976474838,4.419455824673238,34.44676837640259,34.49122420107582,controller
89854822,2027-09-19,4.375,4.406798487432761,4.415883504756805,34.49122420107582,34.53210770583263,controller
89854822,2027-09-26,4.375,4.404243268385461,4.412598244402964,34.53210770583263,34.569705950235594,controller
89854822,2027-10-03,4.375,4.401893378110275,4.409576976474838,34.569705950235594,34.60428292671043,controller
89854822,2027-10-10,4.375,4.399732317080598,4.406798487432761,34.60428292671043,34.63608141414319,controller
89854822,2027-10-17,4.375,4.3977449116160505,4.404243268385461,34.63608141414319,34.66532468252865,controller
89854822,2027-10-24,4.375,4.3959172073419595,4.401893378110275,34.66532468252865,34.69221806063892,controller
89854822,2027-10-31,4.375,4.394236371210067,4.399732317080598,34.69221806063892,34.71695037771952,controller
89854822,2027-11-07,4.375,4.39269060139253,4.3977449116160505,34.71695037771952,34.73969528933557,controller
89854822,2027-11-14,4.375,4.391269044416527,4.3959172073419595,34.73969528933557,34.76061249667753,controller
89854822,2027-11-21,4.375,4.389961718957654,4.394236371210067,34.76061249667753,34.7798488678876,controller
89854822,2027-11-28,4.375,4.3887594457570245,4.39269060139253,34.7798488678876,34.79753946928013,controller
89854822,2027-12-05,4.375,4.387653783169991,4.391269044416527,34.79753946928013,34.81380851369666,controller
89854822,2027-12-12,4.375,4.386636967893959,4.389961718957654,34.81380851369666,34.82877023265431,controller
89854822,2027-12-19,4.375,4.385701860459106,4.3887594457570245,34.82877023265431,34.84252967841133,controller
89854822,2027-12-26,3.75,3.447341895099292,4.387653783169991,34.84252967841133,35.48018346158132,controller
89854822,2028-01-02,4.375,4.3449885336511676,4.386636967893959,35.48018346158132,35.491820429475275,controller
89854822,2028-01-09,4.375,4.344261223157796,4.385701860459106,35.491820429475275,35.50252228993438,controller
89854822,2028-01-16,4.375,4.3435923568791015,3.447341895099292,35.50252228993438,34.574864185033675,controller
89854822,2028-01-23,4.375,4.401570988435395,4.3449885336511676,34.574864185033675,34.544852718684844,controller
89854822,2028-01-30,4.375,4.403446705082198,4.344261223157796,34.544852718684844,34.51411394184264,controller
89854822,2028-02-06,4.375,4.405367878634835,4.3435923568791015,34.51411394184264,34.48270629872174,controller
89854823,2026-08-30,1075.950741472999,1296.0,954.0,13300.0,13178.049258527,plan
89854823,2026-09-06,1506.3310380621988,2022.0,918.0,13178.049258527,12589.718220464802,plan
89854823,2026-09-13,1506.3310380621988,1446.0,2340.0,12589.718220464802,13423.387182402603,plan
89854823,2026-09-20,1506.3310380621988,948.0,1296.0,13423.387182402603,13213.056144340404,plan
89854823,2026-09-27,1506.3310380621988,2706.0,2022.0,13213.056144340404,13728.725106278205,plan
89854823,2026-10-04,1506.3310380621986,2886.0,1446.0,13728.725106278205,13668.394068216006,plan
89854823,2026-10-11,1506.3310380621986,7020.0,948.0,13668.394068216006,13110.063030153808,plan_forward
89854823,2026-10-18,1506.3310380621986,4296.0,2706.0,13110.063030153808,14309.731992091609,plan
89854823,2026-10-25,1506.3310380621986,2196.0,2886.0,14309.731992091609,15689.40095402941,plan
89854823,2026-11-01,1506.3310380621988,1278.90899746646,7020.0,15689.40095402941,21203.06991596721,controller
89854823,2026-11-08,1506.3310380621988,934.3046873453475,4296.0,21203.06991596721,23992.738877905012,controller
89854823,2026-11-15,1506.3310380621988,759.9503772242349,2196.0,23992.738877905012,24682.407839842814,controller
89854823,2026-11-22,1506.3310380621988,716.8460671031223,1278.90899746646,24682.407839842814,24454.985799247075,controller
89854823,2026-11-29,1506.3310380621986,731.0599446403556,934.3046873453475,24454.985799247075,23882.959448530222,controller
89854823,2026-12-06,1506.3310380621986,766.811591560159,759.9503772242349,23882.959448530222,23136.57878769226,controller
89854823,2026-12-13,1506.3310380621986,813.4603828625317,716.8460671031223,23136.57878769226,22347.09381673318,controller
89854823,2026-12-20,1506.3310380621986,862.803193547474,731.0599446403556,22347.09381673318,21571.822723311336,controller
89854823,2026-12-27,1506.3310380621986,911.2576368863394,766.811591560159,21571.822723311336,20832.303276809296,controller
89854823,2027-01-03,1506.3310380621986,957.4776022927168,813.4603828625317,20832.303276809296,20139.43262160963,controller
89854823,2027-01-10,1506.3310380621986,1000.7820182426959,862.803193547474,20139.43262160963,19495.904777094907,controller
89854823,2027-01-17,1506.3310380621986,1041.0025085248662,911.2576368863394,19495.904777094907,18900.83137591905,controller
89854823,2027-01-24,1506.3310380621986,1078.1945960983571,957.4776022927168,18900.83137591905,18351.97794014957,controller
89854823,2027-01-31,1506.3310380621986,1112.4979358339497,1000.7820182426959,18351.97794014957,17846.428920330065,controller
89854823,2027-02-07,1506.3310380621986,1144.0947495726687,1041.0025085248662,17846.428920330065,17381.100390792733,controller
89854823,2027-02-14,1506.3310380621986,1173.1777826687521,1078.1945960983571,17381.100390792733,16952.963948828892,controller
89854823,2027-02-21,1506.3310380621986,1199.9363102914922,1112.4979358339497,16952.963948828892,16559.130846600645,controller
89854823,2027-02-28,1506.3310380621986,1224.5508791807574,1144.0947495726687,16559.130846600645,16196.894558111115,controller
89854823,2027-03-07,1506.3310380621986,1247.1906472113533,1173.1777826687521,16196.894558111115,15863.741302717666,controller
89854823,2027-03-14,1506.3310380621986,1268.0127256734436,1199.9363102914922,15863.741302717666,15557.346574946961,controller
89854823,2027-03-21,1506.3310380621986,1287.1623961591126,1224.5508791807574,15557.346574946961,15275.566416065521,controller
89854823,2027-03-28,1572.9208286901576,1404.6583420311413,1247.1906472113533,15275.566416065521,14949.836234586719,controller
89854823,2027-04-04,1661.707216194103,1558.1960596294846,1268.0127256734436,14949.836234586719,14556.141744066059,controller
89854823,2027-04-11,1661.707216194103,1582.8019652870257,1287.1623961591126,14556.141744066059,14181.596924031068,controller
89854823,2027-04-18,1661.707216194103,1606.2110165392128,1404.6583420311413,14181.596924031068,13924.548049868106,controller
89854823,2027-04-25,1661.7071983731478,1622.2765444429651,1558.1960596294846,13924.548049868106,13821.036911124444,controller
89854823,2027-05-02,1661.7070914474157,1628.7458302258458,1582.8019652870257,13821.036911124444,13742.131784964055,controller
89854823,2027-05-09,1661.7070914474157,1633.67740061087,1606.2110165392128,13742.131784964055,13686.635710055853,controller
89854823,2027-05-16,1661.7070914474157,1637.1459052926327,1622.2765444429651,13686.635710055853,13647.205163051402,controller
89854823,2027-05-23,1661.7070914474157,1639.610314480411,1628.7458302258458,13647.205163051402,13614.243901829832,controller
89854823,2027-05-30,1661.7071805521923,1641.670526963924,1633.67740061087,13614.243901829832,13586.21412188851,controller
89854823,2027-06-06,1661.707216194103,1643.4224416731226,1637.1459052926327,13586.21412188851,13561.65281098704,controller
89854823,2027-06-13,1661.707216194103,1644.9575236044645,1639.610314480411,13561.65281098704,13539.555909273347,controller
89854823,2027-06-20,1661.707216194103,1646.3385799615703,1641.670526963924,13539.555909273347,13519.519220043168,controller
89854823,2027-06-27,1661.707162731237,1647.5907928441575,1643.4224416731226,13519.519220043168,13501.234498985054,controller
89854823,2027-07-04,1661.7070914474157,1648.7334809845577,1644.9575236044645,13501.234498985054,13484.484931142102,controller
89854823,2027-07-11,1661.7070914474157,1649.7803289747421,1646.3385799615703,13484.484931142102,13469.116419656257,controller
89854823,2027-07-18,1661.7070914474157,1650.7408609426075,1647.5907928441575,13469.116419656257,13455.000121052999,controller
89854823,2027-07-25,1661.7070914474157,1651.623129605311,1648.7334809845577,13455.000121052999,13442.026510590142,controller
89854823,2027-08-01,1661.7070914474157,1652.4339802592397,1649.7803289747421,13442.026510590142,13430.099748117469,controller
89854823,2027-08-08,1661.7070914474157,1653.1794029137818,1650.7408609426075,13430.099748117469,13419.133517612661,controller
89854823,2027-08-15,1661.7070914474157,1653.864792320332,1651.623129605311,13419.133517612661,13409.049555770556,controller
89854823,2027-08-22,1661.7070914474157,1654.4950399354639,1652.4339802592397,13409.049555770556,13399.776444582381,controller
89854823,2027-08-29,1661.707162731237,1655.0747163104568,1653.1794029137818,13399.776444582381,13391.248684764927,controller
89854823,2027-09-05,1661.707216194103,1655.6077814933465,1653.864792320332,13391.248684764927,13383.406260891155,controller
89854823,2027-09-12,1661.707216194103,1656.0979329854572,1654.4950399354639,13383.406260891155,13376.194084632516,controller
89854823,2027-09-19,1661.707216194103,1656.5486940016222,1655.0747163104568,13376.194084632516,13369.56158474887,controller
89854823,2027-09-26,1661.7071805521923,1656.963171781484,1655.6077814933465,13369.56158474887,13363.462185690025,controller
89854823,2027-10-03,1661.7070914474157,1657.344250565497,1656.0979329854572,13363.462185690025,13357.853027228068,controller
89854823,2027-10-10,1661.7070914474157,1657.6948229693694,1656.5486940016222,13357.853027228068,13352.694629782274,controller
89854823,2027-10-17,1661.7070914474157,1658.0172228097313,1656.963171781484,13352.694629782274,13347.950710116344,controller
89854823,2027-10-24,1661.7070914474157,1658.313717788852,1657.344250565497,13347.950710116344,13343.587869234425,controller
89854823,2027-10-31,1661.7071983731478,1658.58655573257,1657.6948229693694,13343.587869234425,13339.575493830647,controller
89854823,2027-11-07,1661.707216194103,1658.837355926739,1658.0172228097313,13339.575493830647,13335.885500446275,controller
89854823,2027-11-14,1661.707216194103,1659.0679805132622,1658.313717788852,13335.885500446275,13332.492002041025,controller
89854823,2027-11-21,1661.707216194103,1659.2800741635906,1658.58655573257,13332.492002041025,13329.371341579492,controller
89854823,2027-11-28,1661.7071449102818,1659.4750085167045,1658.837355926739,13329.371341579492,13326.501552595948,controller
89854823,2027-12-05,1661.7070914474157,1659.6542901338767,1659.0679805132622,13326.501552595948,13323.862441661795,controller
89854823,2027-12-12,1661.7070914474157,1659.8192345672614,1659.2800741635906,13323.862441661795,13321.43542437797,controller
89854823,2027-12-19,1661.7070914474157,1659.9709231475003,1659.4750085167045,13321.43542437797,13319.20334144726,controller
89854823,2027-12-26,1424.320364097785,1304.0303373062236,1659.6542901338767,13319.20334144726,13554.537267483352,controller
89854823,2028-01-02,1457.75,1339.4664207822905,1659.8192345672614,13554.537267483352,13756.606502050614,controller
89854823,2028-01-09,1457.75,1326.8370936218366,1659.9709231475003,13756.606502050614,13958.827425198115,controller
89854823,2028-01-16,1457.75,1314.198285925118,1304.0303373062236,13958.827425198115,13805.107762504338,controller
89854823,2028-01-23,1457.75,1323.8057648434788,1339.4664207822905,13805.107762504338,13686.824183286628,controller
89854823,2028-01-30,1457.75,1331.1984885445859,1326.8370936218366,13686.824183286628,13555.911276908464,controller
89854823,2028-02-06,1457.75,1339.380545193221,1314.198285925118,13555.911276908464,13412.359562833582,controller
89854824,2026-08-30,0.0,0.0,0.0,1.0,1.0,controller
89854824,2026-09-06,0.0,0.0,0.0,1.0,1.0,controller
89854824,2026-09-13,0.0,0.0,0.0,1.0,1.0,controller
89854824,2026-09-20,0.0,0.0,0.0,1.0,1.0,controller
89854824,2026-09-27,0.0,0.0,0.0,1.0,1.0,controller
89854824,2026-10-04,0.0,0.0,0.0,1.0,1.0,controller
89854824,2026-10-11,0.0,0.0,0.0,1.0,1.0,controller
89854824,2026-10-18,0.0,0.0,0.0,1.0,1.0,controller
89854824,2026-10-25,0.0,0.0,0.0,1.0,1.0,controller
89854824,2026-11-01,0.0,0.0,0.0,1.0,1.0,controller
89854824,2026-11-08,0.0,0.0,0.0,1.0,1.0,controller
89854824,2026-11-15,0.0,0.0,0.0,1.0,1.0,controller
89854824,2026-11-22,0.0,0.0,0.0,1.0,1.0,controller
89854824,2026-11-29,0.0,0.0,0.0,1.0,1.0,controller
89854824,2026-12-06,0.0,0.0,0.0,1.0,1.0,controller
89854824,2026-12-13,0.0,0.0,0.0,1.0,1.0,controller
89854824,2026-12-20,0.0,0.0,0.0,1.0,1.0,controller
89854824,2026-12-27,0.0,0.0,0.0,1.0,1.0,controller
89854824,2027-01-03,0.0,0.0,0.0,1.0,1.0,controller
89854824,2027-01-10,0.0,0.0,0.0,1.0,1.0,controller
89854824,2027-01-17,0.0,0.0,0.0,1.0,1.0,controller
89854824,2027-01-24,0.0,0.0,0.0,1.0,1.0,controller
89854824,2027-01-31,0.0,0.0,0.0,1.0,1.0,controller
89854824,2027-02-07,0.0,0.0,0.0,1.0,1.0,controller
89854824,2027-02-14,0.0,0.0,0.0,1.0,1.0,controller
89854824,2027-02-21,0.0,0.0,0.0,1.0,1.0,controller
89854824,2027-02-28,0.0,0.0,0.0,1.0,1.0,controller
89854824,2027-03-07,0.0,0.0,0.0,1.0,1.0,controller
89854824,2027-03-14,0.0,0.0,0.0,1.0,1.0,controller
89854824,2027-03-21,0.0,0.0,0.0,1.0,1.0,controller
89854824,2027-03-28,0.0,0.0,0.0,1.0,1.0,controller
89854824,2027-04-04,0.0,0.0,0.0,1.0,1.0,controller
89854824,2027-04-11,0.0,0.0,0.0,1.0,1.0,controller
89854824,2027-04-18,0.0,0.0,0.0,1.0,1.0,controller
89854824,2027-04-25,0.0,0.0,0.0,1.0,1.0,controller
89854824,2027-05-02,0.0,0.0,0.0,1.0,1.0,controller
89854824,2027-05-09,0.0,0.0,0.0,1.0,1.0,controller
89854824,2027-05-16,0.0,0.0,0.0,1.0,1.0,controller
89854824,2027-05-23,0.0,0.0,0.0,1.0,1.0,controller
89854824,2027-05-30,0.0,0.0,0.0,1.0,1.0,controller
89854824,2027-06-06,0.0,0.0,0.0,1.0,1.0,controller
89854824,2027-06-13,0.0,0.0,0.0,1.0,1.0,controller
89854824,2027-06-20,0.0,0.0,0.0,1.0,1.0,controller
89854824,2027-06-27,0.0,0.0,0.0,1.0,1.0,controller
89854824,2027-07-04,0.0,0.0,0.0,1.0,1.0,controller
89854824,2027-07-11,0.0,0.0,0.0,1.0,1.0,controller
89854824,2027-07-18,0.0,0.0,0.0,1.0,1.0,controller
89854824,2027-07-25,0.0,0.0,0.0,1.0,1.0,controller
89854824,2027-08-01,0.0,0.0,0.0,1.0,1.0,controller
89854824,2027-08-08,0.0,0.0,0.0,1.0,1.0,controller
89854824,2027-08-15,0.0,0.0,0.0,1.0,1.0,controller
89854824,2027-08-22,0.0,0.0,0.0,1.0,1.0,controller
89854824,2027-08-29,0.0,0.0,0.0,1.0,1.0,controller
89854824,2027-09-05,0.0,0.0,0.0,1.0,1.0,controller
89854824,2027-09-12,0.0,0.0,0.0,1.0,1.0,controller
89854824,2027-09-19,0.0,0.0,0.0,1.0,1.0,controller
89854824,2027-09-26,0.0,0.0,0.0,1.0,1.0,controller
89854824,2027-10-03,0.0,0.0,0.0,1.0,1.0,controller
89854824,2027-10-10,0.0,0.0,0.0,1.0,1.0,controller
89854824,2027-10-17,0.0,0.0,0.0,1.0,1.0,controller
89854824,2027-10-24,0.0,0.0,0.0,1.0,1.0,controller
89854824,2027-10-31,0.0,0.0,0.0,1.0,1.0,controller
89854824,2027-11-07,0.0,0.0,0.0,1.0,1.0,controller
89854824,2027-11-14,0.0,0.0,0.0,1.0,1.0,controller
89854824,2027-11-21,0.0,0.0,0.0,1.0,1.0,controller
89854824,2027-11-28,0.0,0.0,0.0,1.0,1.0,controller
89854824,2027-12-05,0.0,0.0,0.0,1.0,1.0,controller
89854824,2027-12-12,0.0,0.0,0.0,1.0,1.0,controller
89854824,2027-12-19,0.0,0.0,0.0,1.0,1.0,controller
89854824,2027-12-26,0.0,0.0,0.0,1.0,1.0,controller
89854824,2028-01-02,0.0,0.0,0.0,1.0,1.0,controller
89854824,2028-01-09,0.0,0.0,0.0,1.0,1.0,controller
89854824,2028-01-16,0.0,0.0,0.0,1.0,1.0,controller
89854824,2028-01-23,0.0,0.0,0.0,1.0,1.0,controller
89854824,2028-01-30,0.0,0.0,0.0,1.0,1.0,controller
89854824,2028-02-06,0.0,0.0,0.0,1.0,1.0,controller
89854825,2026-08-30,1188.1878817902013,642.0,3060.0,9905.0,11776.812118209798,plan
89854825,2026-09-06,1663.4630345062824,3648.0,882.0,11776.812118209798,10995.349083703517,plan
89854825,2026-09-13,1663.4630345062824,1764.0,1320.0,10995.349083703517,10651.886049197234,plan
89854825,2026-09-20,1663.4630345062824,1122.0,642.0,10651.886049197234,9630.42301469095,plan
89854825,2026-09-27,1663.4630345062824,1188.0,3648.0,9630.42301469095,11614.959980184667,plan
89854825,2026-10-04,1663.4630345062826,1302.0,1764.0,11614.959980184667,11715.496945678384,plan
89854825,2026-10-11,1663.4630345062826,1398.0,1122.0,11715.496945678384,11174.0339111721,plan
89854825,2026-10-18,1663.4630345062826,1464.0,1188.0,11174.0339111721,10698.570876665817,plan
89854825,2026-10-25,1663.4630345062826,1314.0,1302.0,10698.570876665817,10337.107842159534,plan
89854825,2026-11-01,1663.4630345062824,1849.1253116244527,1398.0,10337.107842159534,10071.64480765325,controller
89854825,2026-11-08,1663.4630345062824,1865.7167512810954,1464.0,10071.64480765325,9872.181773146967,controller
89854825,2026-11-15,1663.4630345062824,1878.1831909377381,1314.0,9872.181773146967,9522.718738640684,controller
89854825,2026-11-22,1663.4630345062824,1900.0246305943808,1849.1253116244527,9522.718738640684,9708.381015758856,controller
89854825,2026-11-29,1663.4630345062824,1888.420738274495,1865.7167512810954,9708.381015758856,9910.634732533668,controller
89854825,2026-12-06,1663.4630345062826,1875.7798809760698,1878.1831909377381,9910.634732533668,10125.354888965123,controller
89854825,2026-12-13,1663.4630345062826,1862.3598711991037,1900.0246305943808,10125.354888965123,10361.91648505322,controller
89854825,2026-12-20,1663.4630345062826,1847.5747714435977,1888.420738274495,10361.91648505322,10586.874188821432,controller
89854825,2026-12-27,1663.4630345062824,1833.514914958084,1875.7798809760698,10586.874188821432,10799.19103529122,controller
89854825,2027-01-03,1663.4630345062826,1820.2451120537226,1862.3598711991037,10799.19103529122,10998.08787198404,controller
89854825,2027-01-10,1663.4630345062826,1807.8140597604215,1847.5747714435977,10998.08787198404,11182.199608921355,controller
89854825,2027-01-17,1663.4630345062826,1796.3070762018392,1833.514914958084,11182.199608921355,11352.251489373157,controller
89854825,2027-01-24,1663.4630345062826,1785.6788336736017,1820.2451120537226,11352.251489373157,11509.033566920596,controller
89854825,2027-01-31,1663.4630345062824,1775.8799538268863,1807.8140597604215,11509.033566920596,11653.384592174734,controller
89854825,2027-02-07,1663.4630345062822,1766.8580147485022,1796.3070762018392,11653.384592174734,11786.228633870292,controller
89854825,2027-02-14,1663.4630345062822,1758.55526214253,1785.6788336736017,11786.228633870292,11908.444433037612,controller
89854825,2027-02-21,1663.4630345062822,1750.9167746945725,1775.8799538268863,11908.444433037612,12020.861352358217,controller
89854825,2027-02-28,1663.4630345062826,1743.8907172370355,1766.8580147485022,12020.861352358217,12124.256332600437,controller
89854825,2027-03-07,1663.4630345062826,1737.4285309718966,1758.55526214253,12124.256332600437,12219.348560236684,controller
89854825,2027-03-14,1663.4630345062826,1731.4852667446312,1750.9167746945725,12219.348560236684,12306.802300424974,controller
89854825,2027-03-21,1663.4630345062826,1726.019407982863,1743.8907172370355,12306.802300424974,12387.229983155725,controller
89854825,2027-03-28,1731.295836769095,1822.7418812064097,1737.4285309718966,12387.229983155725,12393.362677358526,controller
89854825,2027-04-04,1821.7395731195118,1958.0241923443598,1731.4852667446312,12393.362677358526,12303.108370983644,controller
89854825,2027-04-11,1821.7395731195118,1963.66508649279,1726.019407982863,12303.108370983644,12207.388205846995,controller
89854825,2027-04-18,1821.7395731195118,1969.6475968138304,1822.7418812064097,12207.388205846995,12208.390513933893,controller
89854825,2027-04-25,1821.7395552985568,1969.5849258269668,1958.0241923443598,12208.390513933893,12344.675150979696,controller
89854825,2027-05-02,1821.7394483728247,1961.0669756230059,1963.66508649279,12344.675150979696,12486.600789099663,controller
89854825,2027-05-09,1821.7394483728247,1952.196623240508,1969.6475968138304,12486.600789099663,12634.50893754067,controller
89854825,2027-05-16,1821.7394483728247,1942.9523639629451,1969.5849258269668,12634.50893754067,12782.354414994812,controller
89854825,2027-05-23,1821.7394483728247,1933.7120216220612,1961.0669756230059,12782.354414994812,12921.681942244993,controller
89854825,2027-05-30,1821.7395374776015,1925.0041848260903,1952.196623240508,12921.681942244993,13052.1390280079,controller
89854825,2027-06-06,1821.7395731195118,1916.8506704287738,1942.9523639629451,13052.1390280079,13173.351818851332,controller
89854825,2027-06-13,1821.7395731195118,1909.2748710010594,1933.7120216220612,13173.351818851332,13285.32426735388,controller
89854825,2027-06-20,1821.7395731195118,1902.2765929696502,1925.0041848260903,13285.32426735388,13388.588879060459,controller
89854825,2027-06-27,1821.7395196566458,1895.82247454369,1916.8506704287738,13388.588879060459,13483.700029832587,controller
89854825,2027-07-04,1821.7394483728247,1889.8779206947002,1909.2748710010594,13483.700029832587,13571.235452460824,controller
89854825,2027-07-11,1821.7394483728247,1884.4069567804354,1902.2765929696502,13571.235452460824,13651.77259705765,controller
89854825,2027-07-18,1821.7394483728247,1879.3733852431337,1895.82247454369,13651.77259705765,13725.855623228515,controller
89854825,2027-07-25,1821.7394483728247,1874.7431961074549,1889.8779206947002,13725.855623228515,13793.994095550392,controller
89854825,2027-08-01,1821.7394483728247,1870.4845415873374,1884.4069567804354,13793.994095550392,13856.661603958004,controller
89854825,2027-08-08,1821.7394483728247,1866.5678223118616,1879.3733852431337,13856.661603958004,13914.295540828314,controller
89854825,2027-08-15,1821.7394483728247,1862.9657012574673,1874.7431961074549,13914.295540828314,13967.299288562945,controller
89854825,2027-08-22,1821.7394483728247,1859.652967024053,1870.4845415873374,13967.299288562945,14016.044381777458,controller
89854825,2027-08-29,1821.7395196566458,1856.6065056238776,1866.5678223118616,14016.044381777458,14060.872684432674,controller
89854825,2027-09-05,1821.7395731195118,1853.8048169022254,1862.9657012574673,14060.872684432674,14102.09881257063,controller
89854825,2027-09-12,1821.7395731195118,1851.2281838936033,1859.652967024053,14102.09881257063,14140.01220647517,controller
89854825,2027-09-19,1821.7395731195118,1848.8585967745694,1856.6065056238776,14140.01220647517,14174.879138979535,controller
89854825,2027-09-26,1821.7395374776015,1846.6793600301812,1853.8048169022254,14174.879138979535,14206.94441840416,controller
89854825,2027-10-03,1821.7394483728247,1844.675146408977,1851.2281838936033,14206.94441840416,14236.43315392494,controller
89854825,2027-10-10,1821.7394483728247,1842.8321004389281,1848.8585967745694,14236.43315392494,14263.552302326685,controller
89854825,2027-10-17,1821.7394483728247,1841.1371536638192,1846.6793600301812,14263.552302326685,14288.492213984042,controller
89854825,2027-10-24,1821.7394483728247,1839.5784091852342,1844.675146408977,14288.492213984042,14311.427912020195,controller
89854825,2027-10-31,1821.7395552985568,1838.145088446573,1842.8321004389281,14311.427912020195,14332.520457160566,controller
89854825,2027-11-07,1821.7395731195118,1836.8268311067322,1841.1371536638192,14332.520457160566,14351.918037704874,controller
89854825,2027-11-14,1821.7395731195118,1835.614482322713,1839.5784091852342,14351.918037704874,14369.756873770597,controller
89854825,2027-11-21,1821.7395731195118,1834.4995550686053,1838.145088446573,14369.756873770597,14386.162389097657,controller
89854825,2027-11-28,1821.7395018356906,1833.4741034349322,1836.8268311067322,14386.162389097657,14401.249718368697,controller
89854825,2027-12-05,1821.7394483728247,1832.5310651611935,1835.614482322713,14401.249718368697,14415.124752318587,controller
89854825,2027-12-12,1821.7394483728247,1831.6638755393253,1834.4995550686053,14415.124752318587,14427.884859014368,controller
89854825,2027-12-19,1821.7394483728247,1830.8663688708389,1833.4741034349322,14427.884859014368,14439.619514076476,controller
89854825,2027-12-26,1561.4909557481353,1439.7602139924234,1832.5310651611935,14439.619514076476,14710.659623489535,controller
89854825,2028-01-02,1731.0,1677.0837735319042,1831.6638755393253,14710.659623489535,14811.323499028862,controller
89854825,2028-01-09,1731.0,1670.7922813106961,1830.8663688708389,14811.323499028862,14911.189867899702,controller
89854825,2028-01-16,1731.0,1664.5506332562686,1439.7602139924234,14911.189867899702,14619.950081892126,controller
89854825,2028-01-23,1731.0,1682.7531198817421,1677.0837735319042,14619.950081892126,14566.03385542403,controller
89854825,2028-01-30,1731.0,1686.1228840359981,1670.7922813106961,14566.03385542403,14505.826136734726,controller
89854825,2028-02-06,1731.0,1689.8858664540796,1664.5506332562686,14505.826136734726,14439.376769990995,controller
89854826,2026-08-30,1968.281437758495,1536.0,588.0,25600.0,24219.718562241505,plan
89854826,2026-09-06,2755.5940128618936,3144.0,1248.0,24219.718562241505,22712.124549379612,plan
89854826,2026-09-13,2755.5940128618936,3468.0,1020.0,22712.124549379612,20976.53053651772,plan
89854826,2026-09-20,2755.5940128618936,3600.0,1536.0,20976.53053651772,19756.936523655826,plan
89854826,2026-09-27,2781.090453664548,3984.0,3144.0,19756.936523655826,20119.84606999128,plan
89854826,2026-10-04,2815.0857080680876,3612.0,3468.0,20119.84606999128,20772.760361923192,plan
89854826,2026-10-11,2815.0857080680876,3864.0,3600.0,20772.760361923192,21557.674653855105,plan
89854826,2026-10-18,2815.0857080680876,3936.0,3984.0,21557.674653855105,22726.588945787018,plan
89854826,2026-10-25,2815.0857080680876,3900.0,3612.0,22726.588945787018,23523.50323771893,plan
89854826,2026-11-01,2877.5512707411403,2846.1079537542773,3864.0,23523.50323771893,24509.95196697779,controller
89854826,2026-11-08,2877.5512707411403,2784.4549081755986,3936.0,24509.95196697779,25568.40069623665,controller
89854826,2026-11-15,2877.5512707411403,2718.30186259692,3900.0,25568.40069623665,26590.84942549551,controller
89854826,2026-11-22,2877.5512707411403,2654.398817018241,2846.1079537542773,26590.84942549551,26559.40610850865,controller
89854826,2026-11-29,2924.4006242969117,2726.638054663577,2784.4549081755986,26559.40610850865,26419.460392387336,controller
89854826,2026-12-06,2943.140365719221,2763.494274054623,2718.30186259692,26419.460392387336,26194.621889265036,controller
89854826,2026-12-13,2943.140365719221,2777.546680499767,2654.398817018241,26194.621889265036,25905.880340564057,controller
89854826,2026-12-20,2943.140365719221,2795.5930272935775,2726.638054663577,25905.880340564057,25689.378029508414,controller
89854826,2026-12-27,2962.8171062417896,2838.6395325184085,2763.494274054623,25689.378029508414,25490.05519732125,controller
89854826,2027-01-03,3012.008957548212,2924.88498648974,2777.546680499767,25490.05519732125,25255.592920272804,controller
89854826,2027-01-10,3012.008957548212,2939.538878805268,2795.5930272935775,25255.592920272804,25039.176990018168,controller
89854826,2027-01-17,3012.008957548212,2953.0648744461823,2838.6395325184085,25039.176990018168,24865.807564988365,controller
89854826,2027-01-24,3012.008957548212,2963.9004635105453,2924.88498648974,24865.807564988365,24778.68359392989,controller
89854826,2027-01-31,3073.9903006791374,3062.317726398088,2939.538878805268,24778.68359392989,24644.23217205602,controller
89854826,2027-02-07,3084.320524534292,3086.216276047937,2953.0648744461823,24644.23217205602,24512.976521967914,controller
89854826,2027-02-14,3084.320524534292,3094.4197541784433,2963.9004635105453,24512.976521967914,24392.556460944168,controller
89854826,2027-02-21,3084.320524534292,3101.9460079924274,3062.317726398088,24392.556460944168,24370.553662807964,controller
89854826,2027-02-28,3149.4014346040917,3200.9425479806396,3086.216276047937,24370.553662807964,24307.36850425181,controller
89854826,2027-03-07,3160.248252949058,3221.161847907849,3094.4197541784433,24307.36850425181,24241.54000548119,controller
89854826,2027-03-14,3160.248252949058,3225.2761290810126,3101.9460079924274,24241.54000548119,24183.23776052456,controller
89854826,2027-03-21,3160.248252949058,3228.920019390802,3200.9425479806396,24183.23776052456,24223.932055556143,controller
89854826,2027-03-28,3365.252855696027,3533.8835300717815,3221.161847907849,24223.932055556143,24079.841047767964,controller
89854826,2027-04-04,3638.592326025318,3952.8984235524795,3225.2761290810126,24079.841047767964,23666.52485082366,controller
89854826,2027-04-11,3638.592326025318,3978.7306858614984,3228.920019390802,23666.52485082366,23256.85254418914,controller
89854826,2027-04-18,3638.592326025318,4004.3352050261556,3533.8835300717815,23256.85254418914,23152.1437482356,controller
89854826,2027-04-25,3581.646652790216,3925.460994920599,3952.8984235524795,23152.1437482356,23523.395518997866,controller
89854826,2027-05-02,3239.972613379604,3389.746700132039,3978.7306858614984,23523.395518997866,24262.15359147976,controller
89854826,2027-05-09,3239.972613379604,3343.5743206019206,4004.3352050261556,24262.15359147976,25026.516183126314,controller
89854826,2027-05-16,3239.972613379604,3295.801658624011,3925.460994920599,25026.516183126314,25712.00456466731,controller
89854826,2027-05-23,3239.972613379604,3252.958634777699,3389.746700132039,25712.00456466731,25861.778651419747,controller
89854826,2027-05-30,3628.0207972061717,3825.6700300955235,3343.5743206019206,25861.778651419747,25577.332174815496,controller
89854826,2027-06-06,3783.2400707367997,4076.276845179231,3295.801658624011,25577.332174815496,25089.893762702708,controller
89854826,2027-06-13,3783.2400707367997,4106.7417459362805,3252.958634777699,25089.893762702708,24559.61232674361,controller
89854826,2027-06-20,3783.2400707367997,4139.884335683724,3825.6700300955235,24559.61232674361,24602.042286102333,controller
89854826,2027-06-27,3783.240070736799,4137.232463223803,4076.276845179231,24602.042286102333,24895.079060544762,controller
89854826,2027-07-04,3783.2400707367988,4118.9176648211505,4106.7417459362805,24895.079060544762,25218.580735744243,controller
89854826,2027-07-11,3783.2400707367988,4098.698810121183,4139.884335683724,25218.580735744243,25575.225000691167,controller
89854826,2027-07-18,3783.2400707367988,4076.408543562,4137.232463223803,25575.225000691167,25929.217393178173,controller
89854826,2027-07-25,3783.2400707367988,4054.2840190315624,4118.9176648211505,25929.217393178173,26264.894987262524,controller
89854826,2027-08-01,3783.2400707367988,4033.3041694012904,4098.698810121183,26264.894987262524,26580.353726646907,controller
89854826,2027-08-08,3783.2400707367988,4013.5879981897665,4076.408543562,26580.353726646907,26873.522199472107,controller
89854826,2027-08-15,3783.2400707367988,3995.2649686381915,4054.2840190315624,26873.522199472107,27144.56614776687,controller
89854826,2027-08-22,3783.2400707367988,3978.324721869769,4033.3041694012904,27144.56614776687,27394.63024643136,controller
89854826,2027-08-29,3783.240070736799,3962.695715703239,4013.5879981897665,27394.63024643136,27624.978173884327,controller
89854826,2027-09-05,3783.2400707367997,3948.298970237429,3995.2649686381915,27624.978173884327,27837.00307178572,controller
89854826,2027-09-12,3783.2400707367997,3935.0474141185923,3978.324721869769,27837.00307178572,28032.087722918688,controller
89854826,2027-09-19,3783.2400707367997,3922.8546234227815,3962.695715703239,28032.087722918688,28211.543367885126,controller
89854826,2027-09-26,3783.240070736799,3911.6386456123782,3948.298970237429,28211.543367885126,28376.602267385755,controller
89854826,2027-10-03,3783.2400707367988,3901.3224643935882,3935.0474141185923,28376.602267385755,28528.409610767547,controller
89854826,2027-10-10,3783.2400707367988,3891.8345054322263,3922.8546234227815,28528.409610767547,28668.024163453527,controller
89854826,2027-10-17,3783.2400707367988,3883.1085958893527,3911.6386456123782,28668.024163453527,28796.422738329107,controller
89854826,2027-10-24,3783.2400707367988,3875.083684959629,3901.3224643935882,28796.422738329107,28914.505131985898,controller
89854826,2027-10-31,3783.2400707367997,3867.703535356081,3891.8345054322263,28914.505131985898,29023.099566681325,controller
89854826,2027-11-07,3783.2400707367997,3860.9163831876167,3883.1085958893527,29023.099566681325,29122.968091833878,controller
89854826,2027-11-14,3783.2400707367997,3854.674600365582,3875.083684959629,29122.968091833878,29214.81170605671,controller
89854826,2027-11-21,3783.2400707367997,3848.934374476655,3867.703535356081,29214.81170605671,29299.27517067599,controller
89854826,2027-11-28,3783.2400707367997,3843.6554079379503,3860.9163831876167,29299.27517067599,29376.951483126802,controller
89854826,2027-12-05,3783.2400707367988,3838.800638409773,3854.674600365582,29376.951483126802,29448.38601275558,controller
89854826,2027-12-12,3783.2400707367988,3834.3359803079743,3848.934374476655,29448.38601275558,29514.080316495434,controller
89854826,2027-12-19,3783.2400707367988,3830.2300863242335,3843.6554079379503,29514.080316495434,29574.495653696584,controller
89854826,2027-12-26,3242.777203488685,3015.7598268769907,3838.800638409773,29574.495653696584,30170.519088617675,controller
89854826,2028-01-02,2673.5,2124.5925569613955,3834.3359803079743,30170.519088617675,31331.35506892565,controller
89854826,2028-01-09,2673.5,2052.0403081921468,3830.2300863242335,31331.35506892565,32488.085155249886,controller
89854826,2028-01-16,2673.5,1979.7446777968821,3015.7598268769907,32488.085155249886,32830.34498212687,controller
89854826,2028-01-23,2673.5,1958.3534386170704,2124.5925569613955,32830.34498212687,32281.43753908827,controller
89854826,2028-01-30,2673.5,1992.660153806983,2052.0403081921468,32281.43753908827,31659.977847280417,controller
89854826,2028-02-06,2673.5,2031.501384544974,1979.7446777968821,31659.977847280417,30966.222525077297,controller
93197977,2026-08-30,751.0642318081773,324.0,432.0,20470.0,20150.935768191823,plan
93197977,2026-09-06,1051.4899245314482,1152.0,192.0,20150.935768191823,19291.445843660375,plan
93197977,2026-09-13,1051.4899245314482,1368.0,456.0,19291.445843660375,18695.955919128926,plan
93197977,2026-09-20,1051.4899245314482,1380.0,324.0,18695.955919128926,17968.465994597478,plan
93197977,2026-09-27,1061.68850085251,1308.0,1152.0,17968.465994597478,18058.77749374497,plan
93197977,2026-10-04,1075.286602613926,1140.0,1368.0,18058.77749374497,18351.49089113104,plan
93197977,2026-10-11,1075.286602613926,1200.0,1380.0,18351.49089113104,18656.204288517114,plan
93197977,2026-10-18,1075.286602613926,1236.0,1308.0,18656.204288517114,18888.917685903187,plan
93197977,2026-10-25,1075.286602613926,1092.0,1140.0,18888.917685903187,18953.63108328926,plan
93197977,2026-11-01,1100.2730210405125,465.80758885519003,1200.0,18953.63108328926,19053.358062248746,controller
93197977,2026-11-08,1100.2730210405125,459.5746526702221,1236.0,19053.358062248746,19189.085041208233,controller
93197977,2026-11-15,1100.2730210405125,451.0917164852542,1092.0,19189.085041208233,19180.81202016772,controller
93197977,2026-11-22,1100.2730210405125,451.6087803002863,465.80758885519003,19180.81202016772,18546.346587982396,controller
93197977,2026-11-29,1119.0128916647473,519.3726757482211,459.5746526702221,18546.346587982396,17886.90834898787,controller
93197977,2026-12-06,1126.5088399144413,571.8314880599202,451.0917164852542,17886.90834898787,17211.491225558682,controller
93197977,2026-12-13,1126.5088399144413,614.0450582742443,451.6087803002863,17211.491225558682,16536.591165944526,controller
93197977,2026-12-20,1126.5088399144413,656.226312000129,519.3726757482211,16536.591165944526,15929.455001778308,controller
93197977,2026-12-27,1134.3793757348708,705.978125991162,571.8314880599202,15929.455001778308,15366.907114103358,controller
93197977,2027-01-03,1154.0557152859449,770.6518782974574,614.0450582742443,15366.907114103358,14826.896457091658,controller
93197977,2027-01-10,1154.0557152859449,804.4025443606887,656.226312000129,14826.896457091658,14329.067053805842,controller
93197977,2027-01-17,1154.0557152859449,835.5168820660522,705.978125991162,14329.067053805842,13880.989464511058,controller
93197977,2027-01-24,1154.0557152859449,863.5217313969762,770.6518782974574,13880.989464511058,13497.58562752257,controller
93197977,2027-01-31,1178.8484129269132,924.6735176702091,804.4025443606887,13497.58562752257,13123.139758956346,controller
93197977,2027-02-07,1182.9805292004078,954.27455886584,835.5168820660522,13123.139758956346,12775.676111821991,controller
93197977,2027-02-14,1182.9805292004078,975.9910368117372,863.5217313969762,12775.676111821991,12456.21731401856,controller
93197977,2027-02-21,1182.9805292004078,995.9572116744516,924.6735176702091,12456.21731401856,12197.910302488363,controller
93197977,2027-02-28,1209.0125724511315,1051.1494647711747,954.27455886584,12197.910302488363,11943.172288903072,controller
93197977,2027-03-07,1213.351246326252,1073.578601432936,975.9910368117372,11943.172288903072,11705.812079388557,controller
93197977,2027-03-14,1213.351246326252,1088.4136145275934,995.9572116744516,11705.812079388557,11488.418044736756,controller
93197977,2027-03-21,1213.351246326252,1102.0007416933308,1051.1494647711747,11488.418044736756,11326.21626318168,controller
93197977,2027-03-28,1295.3531649461952,1235.1412309704378,1073.578601432936,11326.21626318168,11104.44169966842,controller
93197977,2027-04-04,1404.6890564394525,1413.0059784299026,1088.4136145275934,11104.44169966842,10788.16625775656,controller
93197977,2027-04-11,1404.6890564394525,1432.773193549394,1102.0007416933308,10788.16625775656,10485.477943010439,controller
93197977,2027-04-18,1404.6890564394525,1451.6912132210264,1235.1412309704378,10485.477943010439,10315.930117541424,controller
93197977,2027-04-25,1381.9107880364595,1428.1205497083502,1413.0059784299026,10315.930117541424,10347.025307934868,controller
93197977,2027-05-02,1245.2411776185013,1221.1726846818228,1432.773193549394,10347.025307934868,10534.55732386576,controller
93197977,2027-05-09,1245.2411776185013,1209.451933686142,1451.6912132210264,10534.55732386576,10741.007359468285,controller
93197977,2027-05-16,1245.2411776185013,1196.548806460984,1428.1205497083502,10741.007359468285,10923.886731558134,controller
93197977,2027-05-23,1245.2411776185013,1185.1188457053686,1221.1726846818228,10923.886731558134,10899.818238621456,controller
93197977,2027-05-30,1269.1585035686205,1222.4991154390898,1209.451933686142,10899.818238621456,10840.111668738977,controller
93197977,2027-06-06,1278.725433948668,1240.581171626816,1196.548806460984,10840.111668738977,10757.935041251292,controller
93197977,2027-06-13,1278.725433948668,1245.7172108447962,1185.1188457053686,10757.935041251292,10664.328453007993,controller
93197977,2027-06-20,1278.725433948668,1251.5676226100027,1222.4991154390898,10664.328453007993,10608.102134498415,controller
93197977,2027-06-27,1293.7931140606324,1277.6832876847977,1240.581171626816,10608.102134498415,10554.890192064599,controller
93197977,2027-07-04,1313.8833542099183,1311.14439431084,1245.7172108447962,10554.890192064599,10486.724048699476,controller
93197977,2027-07-11,1313.8833542099183,1315.40477827116,1251.5676226100027,10486.724048699476,10424.40831709956,controller
93197977,2027-07-18,1313.8833542099183,1319.299511496155,1277.6832876847977,10424.40831709956,10388.20825057444,controller
93197977,2027-07-25,1313.8833542099183,1321.5620156539749,1311.14439431084,10388.20825057444,10385.469290675363,controller
93197977,2027-08-01,1350.7993295362578,1377.1071636371767,1315.40477827116,10385.469290675363,10350.074739410265,controller
93197977,2027-08-08,1350.7993295362578,1379.3193230912452,1319.299511496155,10350.074739410265,10318.574921370164,controller
93197977,2027-08-15,1350.7993295362578,1381.2880617187516,1321.5620156539749,10318.574921370164,10289.337607487882,controller
93197977,2027-08-22,1350.7993295362578,1383.115393836394,1377.1071636371767,10289.337607487882,10315.6454415888,controller
93197977,2027-08-29,1372.9492800616458,1414.6960799931687,1379.3193230912452,10315.6454415888,10322.0154846184,controller
93197977,2027-09-05,1389.561742955687,1439.2166466448803,1381.2880617187516,10322.0154846184,10313.741803381465,controller
93197977,2027-09-12,1389.561742955687,1439.7337517221888,1383.115393836394,10313.741803381465,10307.29545426217,controller
93197977,2027-09-19,1389.561742955687,1440.1366485421447,1414.6960799931687,10307.29545426217,10332.429791299652,controller
93197977,2027-09-26,1401.190308375013,1456.0086006062913,1439.2166466448803,10332.429791299652,10370.456129569518,controller
93197977,2027-10-03,1430.2617219233287,1497.239074786898,1439.7337517221888,10370.456129569518,10379.928159368379,controller
93197977,2027-10-10,1430.2617219233287,1496.6470729244693,1440.1366485421447,10379.928159368379,10389.803085987194,controller
93197977,2027-10-17,1430.2617219233287,1496.0298900107932,1456.0086006062913,10389.803085987194,10415.549964670157,controller
93197977,2027-10-24,1430.2617219233287,1494.420710093108,1497.239074786898,10415.549964670157,10482.527317533726,controller
93197977,2027-10-31,1466.8914570650227,1545.1792282516762,1496.6470729244693,10482.527317533726,10512.282933393173,controller
93197977,2027-11-07,1472.9964129219713,1552.4769360458836,1496.0298900107932,10512.282933393173,10535.316410481995,controller
93197977,2027-11-14,1472.9964129219713,1551.0373437278322,1494.420710093108,10535.316410481995,10556.740707653133,controller
93197977,2027-11-21,1472.9964129219713,1549.6983251546362,1545.1792282516762,10556.740707653133,10628.923522982837,controller
93197977,2027-11-28,1498.6376133448405,1583.6486998308333,1552.4769360458836,10628.923522982837,10682.76284568388,controller
93197977,2027-12-05,1517.868513661992,1609.1300926377455,1551.0373437278322,10682.76284568388,10715.93167574972,controller
93197977,2027-12-12,1517.868513661992,1607.0570407586306,1549.6983251546362,10715.93167574972,10747.761487242364,controller
93197977,2027-12-19,1517.868513661992,1605.0676775403404,1583.6486998308333,10747.761487242364,10813.541673411206,controller
93197977,2027-12-26,1301.0301545674217,1275.6988772629322,1609.1300926377455,10813.541673411206,11121.641611481531,controller
93197977,2028-01-02,982.75,779.0223992824043,1607.0570407586306,11121.641611481531,11745.948652240162,controller
93197977,2028-01-09,982.75,740.0032092349899,1605.0676775403404,11745.948652240162,12368.266329780503,controller
93197977,2028-01-16,982.75,701.1083543887186,1275.6988772629322,12368.266329780503,12661.215207043435,controller
93197977,2028-01-23,982.75,682.7990495597853,779.0223992824043,12661.215207043435,12457.48760632584,controller
93197977,2028-01-30,982.75,695.532024604635,740.0032092349899,12457.48760632584,12214.74081556083,controller
93197977,2028-02-06,982.75,710.7036990274481,701.1083543887186,12214.74081556083,11933.099169949548,controller
93197978,2026-08-30,0.0,0.0,0.0,0.0,0.0,controller
93197978,2026-09-06,0.0,0.0,0.0,0.0,0.0,controller
93197978,2026-09-13,0.0,0.0,0.0,0.0,0.0,controller
93197978,2026-09-20,0.0,0.0,0.0,0.0,0.0,controller
93197978,2026-09-27,0.0,0.0,0.0,0.0,0.0,controller
93197978,2026-10-04,0.0,0.0,0.0,0.0,0.0,controller
93197978,2026-10-11,0.0,0.0,0.0,0.0,0.0,controller
93197978,2026-10-18,0.0,0.0,0.0,0.0,0.0,controller
93197978,2026-10-25,0.0,0.0,0.0,0.0,0.0,controller
93197978,2026-11-01,0.0,0.0,0.0,0.0,0.0,controller
93197978,2026-11-08,0.0,0.0,0.0,0.0,0.0,controller
93197978,2026-11-15,0.0,0.0,0.0,0.0,0.0,controller
93197978,2026-11-22,0.0,0.0,0.0,0.0,0.0,controller
93197978,2026-11-29,0.0,0.0,0.0,0.0,0.0,controller
93197978,2026-12-06,0.0,0.0,0.0,0.0,0.0,controller
93197978,2026-12-13,0.0,0.0,0.0,0.0,0.0,controller
93197978,2026-12-20,0.0,0.0,0.0,0.0,0.0,controller
93197978,2026-12-27,0.0,0.0,0.0,0.0,0.0,controller
93197978,2027-01-03,0.0,0.0,0.0,0.0,0.0,controller
93197978,2027-01-10,0.0,0.0,0.0,0.0,0.0,controller
93197978,2027-01-17,0.0,0.0,0.0,0.0,0.0,controller
93197978,2027-01-24,0.0,0.0,0.0,0.0,0.0,controller
93197978,2027-01-31,0.0,0.0,0.0,0.0,0.0,controller
93197978,2027-02-07,0.0,0.0,0.0,0.0,0.0,controller
93197978,2027-02-14,0.0,0.0,0.0,0.0,0.0,controller
93197978,2027-02-21,0.0,0.0,0.0,0.0,0.0,controller
93197978,2027-02-28,0.0,0.0,0.0,0.0,0.0,controller
93197978,2027-03-07,0.0,0.0,0.0,0.0,0.0,controller
93197978,2027-03-14,0.0,0.0,0.0,0.0,0.0,controller
93197978,2027-03-21,0.0,0.0,0.0,0.0,0.0,controller
93197978,2027-03-28,0.0,0.0,0.0,0.0,0.0,controller
93197978,2027-04-04,0.0,0.0,0.0,0.0,0.0,controller
93197978,2027-04-11,0.0,0.0,0.0,0.0,0.0,controller
93197978,2027-04-18,0.0,0.0,0.0,0.0,0.0,controller
93197978,2027-04-25,0.0,0.0,0.0,0.0,0.0,controller
93197978,2027-05-02,0.0,0.0,0.0,0.0,0.0,controller
93197978,2027-05-09,0.0,0.0,0.0,0.0,0.0,controller
93197978,2027-05-16,0.0,0.0,0.0,0.0,0.0,controller
93197978,2027-05-23,0.0,0.0,0.0,0.0,0.0,controller
93197978,2027-05-30,0.0,0.0,0.0,0.0,0.0,controller
93197978,2027-06-06,0.0,0.0,0.0,0.0,0.0,controller
93197978,2027-06-13,0.0,0.0,0.0,0.0,0.0,controller
93197978,2027-06-20,0.0,0.0,0.0,0.0,0.0,controller
93197978,2027-06-27,0.0,0.0,0.0,0.0,0.0,controller
93197978,2027-07-04,0.0,0.0,0.0,0.0,0.0,controller
93197978,2027-07-11,0.0,0.0,0.0,0.0,0.0,controller
93197978,2027-07-18,0.0,0.0,0.0,0.0,0.0,controller
93197978,2027-07-25,0.0,0.0,0.0,0.0,0.0,controller
93197978,2027-08-01,0.0,0.0,0.0,0.0,0.0,controller
93197978,2027-08-08,0.0,0.0,0.0,0.0,0.0,controller
93197978,2027-08-15,0.0,0.0,0.0,0.0,0.0,controller
93197978,2027-08-22,0.0,0.0,0.0,0.0,0.0,controller
93197978,2027-08-29,0.0,0.0,0.0,0.0,0.0,controller
93197978,2027-09-05,0.0,0.0,0.0,0.0,0.0,controller
93197978,2027-09-12,0.0,0.0,0.0,0.0,0.0,controller
93197978,2027-09-19,0.0,0.0,0.0,0.0,0.0,controller
93197978,2027-09-26,0.0,0.0,0.0,0.0,0.0,controller
93197978,2027-10-03,0.0,0.0,0.0,0.0,0.0,controller
93197978,2027-10-10,0.0,0.0,0.0,0.0,0.0,controller
93197978,2027-10-17,0.0,0.0,0.0,0.0,0.0,controller
93197978,2027-10-24,0.0,0.0,0.0,0.0,0.0,controller
93197978,2027-10-31,0.0,0.0,0.0,0.0,0.0,controller
93197978,2027-11-07,0.0,0.0,0.0,0.0,0.0,controller
93197978,2027-11-14,0.0,0.0,0.0,0.0,0.0,controller
93197978,2027-11-21,0.0,0.0,0.0,0.0,0.0,controller
93197978,2027-11-28,0.0,0.0,0.0,0.0,0.0,controller
93197978,2027-12-05,0.0,0.0,0.0,0.0,0.0,controller
93197978,2027-12-12,0.0,0.0,0.0,0.0,0.0,controller
93197978,2027-12-19,0.0,0.0,0.0,0.0,0.0,controller
93197978,2027-12-26,0.0,0.0,0.0,0.0,0.0,controller
93197978,2028-01-02,0.0,0.0,0.0,0.0,0.0,controller
93197978,2028-01-09,0.0,0.0,0.0,0.0,0.0,controller
93197978,2028-01-16,0.0,0.0,0.0,0.0,0.0,controller
93197978,2028-01-23,0.0,0.0,0.0,0.0,0.0,controller
93197978,2028-01-30,0.0,0.0,0.0,0.0,0.0,controller
93197978,2028-02-06,0.0,0.0,0.0,0.0,0.0,controller
93197979,2026-08-30,1839.591396120105,2724.0,1944.0,16546.0,16650.408603879896,plan
93197979,2026-09-06,2575.427954568147,2856.0,2148.0,16650.408603879896,16222.980649311748,plan
93197979,2026-09-13,2575.427954568147,2784.0,3096.0,16222.980649311748,16743.552694743605,plan
93197979,2026-09-20,2575.427954568147,2964.0,2724.0,16743.552694743605,16892.12474017546,plan
93197979,2026-09-27,2597.5244645037137,3000.0,2856.0,16892.12474017546,17150.600275671746,plan
93197979,2026-10-04,2626.9864777511366,2820.0,2784.0,17150.600275671746,17307.61379792061,plan
93197979,2026-10-11,2626.9864777511366,2796.0,2964.0,17307.61379792061,17644.627320169475,plan
93197979,2026-10-18,2626.9864777511366,2808.0,3000.0,17644.627320169475,18017.64084241834,plan
93197979,2026-10-25,2626.9864777511366,2724.0,2820.0,18017.64084241834,18210.654364667203,plan
93197979,2026-11-01,2681.1238580154304,2883.5198892314456,2796.0,18210.654364667203,18325.530506651772,controller
93197979,2026-11-08,2681.1238580154304,2876.34013035741,2808.0,18325.530506651772,18452.40664863634,controller
93197979,2026-11-15,2681.1238580154304,2868.4103714833745,2724.0,18452.40664863634,18495.28279062091,controller
93197979,2026-11-22,2681.1238580154304,2865.730612609339,2883.5198892314456,18495.28279062091,18697.678821836926,controller
93197979,2026-11-29,2721.726365267849,2913.9846215369653,2876.34013035741,18697.678821836926,18852.292586926487,controller
93197979,2026-12-06,2737.9673681688164,2928.682765570319,2868.4103714833745,18852.292586926487,18982.73559024105,controller
93197979,2026-12-13,2737.9673681688164,2920.530077863159,2865.730612609339,18982.73559024105,19110.498834681573,controller
93197979,2026-12-20,2737.9673681688164,2912.5448750856262,2913.9846215369653,19110.498834681573,19286.51608804972,controller
93197979,2026-12-27,2755.0206858560186,2927.1237732809204,2928.682765570319,19286.51608804972,19460.17816776402,controller
93197979,2027-01-03,2797.6539800740247,2980.2198346257856,2920.530077863159,19460.17816776402,19583.054265553157,controller
93197979,2027-01-10,2797.6539800740247,2972.5400785139645,2912.5448750856262,19583.054265553157,19697.94516056476,controller
93197979,2027-01-17,2797.6539800740247,2965.3593975757394,2927.1237732809204,19697.94516056476,19827.414953771655,controller
93197979,2027-01-24,2797.6539800740247,2957.2675355003084,2980.2198346257856,19827.414953771655,20009.980808323417,controller
93197979,2027-01-31,2851.3713866131125,3026.4332793994554,2972.5400785139645,20009.980808323417,20131.14950022427,controller
93197979,2027-02-07,2860.3242877029597,3032.289587790423,2965.3593975757394,20131.14950022427,20236.18461009705,controller
93197979,2027-02-14,2860.3242877029597,3025.724893423374,2957.2675355003084,20236.18461009705,20333.1278578944,controller
93197979,2027-02-21,2860.3242877029597,3019.66594043604,3026.4332793994554,20333.1278578944,20499.236849590896,controller
93197979,2027-02-28,2916.7272867530373,3093.888627030125,3032.289587790423,20499.236849590896,20614.79915062828,controller
93197979,2027-03-07,2926.127786594717,3100.766732977808,3025.724893423374,20614.79915062828,20714.39625745694,controller
93197979,2027-03-14,2926.127786594717,3094.5419138010166,3019.66594043604,20714.39625745694,20807.934411298265,controller
93197979,2027-03-21,2926.127786594717,3088.6957791859336,3093.888627030125,20807.934411298265,20975.695251733676,controller
93197979,2027-03-28,3103.7985501255357,3344.716871954949,3100.766732977808,20975.695251733676,20972.66343458595,controller
93197979,2027-04-04,3340.6929014999614,3700.2478875883203,3094.5419138010166,20972.66343458595,20726.512446887005,controller
93197979,2027-04-11,3340.6929014999614,3715.6323243195043,3088.6957791859336,20726.512446887005,20474.515324572978,controller
93197979,2027-04-18,3340.6929014999614,3731.3821444641308,3344.716871954949,20474.515324572978,20478.539295027964,controller
93197979,2027-04-25,3291.3398952944135,3657.1011370023725,3700.2478875883203,20478.539295027964,20887.44728732187,controller
93197979,2027-05-02,2995.2218580611275,3187.3673316340746,3715.6323243195043,20887.44728732187,21607.857753580247,controller
93197979,2027-05-09,2995.2218580611275,3142.3416774929256,3731.3821444641308,21607.857753580247,22344.01803998325,controller
93197979,2027-05-16,2995.2218580611275,3096.331659592738,3657.1011370023725,22344.01803998325,23005.897318924497,controller
93197979,2027-05-23,2995.2218580611275,3054.96420465891,3187.3673316340746,23005.897318924497,23198.042792497446,controller
93197979,2027-05-30,3047.042612146683,3120.686243688934,3142.3416774929256,23198.042792497446,23293.341857843687,controller
93197979,2027-06-06,3067.7709137809056,3145.822504556128,3096.331659592738,23293.341857843687,23321.90260365552,controller
93197979,2027-06-13,3067.7709137809056,3144.0374579428885,3054.96420465891,23321.90260365552,23309.095894533522,controller
93197979,2027-06-20,3067.7709137809056,3144.837877263013,3120.686243688934,23309.095894533522,23362.01122444155,controller
93197979,2027-06-27,3100.417692135899,3190.5008366762513,3145.822504556128,23362.01122444155,23407.416036861778,controller
93197979,2027-07-04,3143.946729942557,3252.956592609974,3144.0374579428885,23407.416036861778,23407.50676486211,controller
93197979,2027-07-11,3143.946729942557,3252.9509221099534,3144.837877263013,23407.50676486211,23408.39791218257,controller
93197979,2027-07-18,3143.946729942557,3252.895225402425,3190.5008366762513,23408.39791218257,23454.952018916265,controller
93197979,2027-07-25,3143.946729942557,3249.9855937315688,3252.956592609974,23454.952018916265,23563.961881583684,controller
93197979,2027-08-01,3223.9321228164217,3363.1505666256526,3252.9509221099534,23563.961881583684,23592.980680877215,controller
93197979,2027-08-08,3223.9321228164217,3361.3368916698064,3252.895225402425,23592.980680877215,23621.94378346322,controller
93197979,2027-08-15,3223.9321228164217,3359.5266977581814,3249.9855937315688,23621.94378346322,23647.997254378366,controller
93197979,2027-08-22,3223.9321228164217,3357.8983558259847,3363.1505666256526,23647.997254378366,23787.215698187596,controller
93197979,2027-08-29,3271.9228684644686,3421.183321559978,3361.3368916698064,23787.215698187596,23876.629721392932,controller
93197979,2027-09-05,3307.9159277005037,3469.584533963697,3359.5266977581814,23876.629721392932,23928.24049145061,controller
93197979,2027-09-12,3307.9159277005037,3466.3588608350924,3357.8983558259847,23928.24049145061,23978.222919576096,controller
93197979,2027-09-19,3307.9159277005037,3463.2349590772496,3421.183321559978,23978.222919576096,24091.49031343557,controller
93197979,2027-09-26,3333.1114705827476,3493.9490612843983,3469.584533963697,24091.49031343557,24227.963376816522,controller
93197979,2027-10-03,3396.100327788357,3579.9027806315025,3466.3588608350924,24227.963376816522,24298.221909863256,controller
93197979,2027-10-10,3396.100327788357,3575.511622316082,3463.2349590772496,24298.221909863256,24365.35654115215,controller
93197979,2027-10-17,3396.100327788357,3571.3157078605263,3493.9490612843983,24365.35654115215,24463.20527464819,controller
93197979,2027-10-24,3396.100327788357,3565.2001620170236,3579.9027806315025,24463.20527464819,24647.007727491335,controller
93197979,2027-10-31,3406.9543855781985,3569.9935953990894,3575.511622316082,24647.007727491335,24815.564964229216,controller
93197979,2027-11-07,3408.7633952098386,3562.172282550432,3571.3157078605263,24815.564964229216,24978.1172768799,controller
93197979,2027-11-14,3408.7633952098386,3552.012763009764,3565.2001620170236,24978.1172768799,25134.554043687087,controller
93197979,2027-11-21,3408.7633952098386,3542.235465084315,3569.9935953990894,25134.554043687087,25295.78424387634,controller
93197979,2027-11-28,3408.7635555984366,3532.1588181553834,3562.172282550432,25295.78424387634,25449.192970828335,controller
93197979,2027-12-05,3408.763675889885,3522.570953158056,3552.012763009764,25449.192970828335,25592.442057948214,controller
93197979,2027-12-12,3408.763675889885,3513.617885213064,3542.235465084315,25592.442057948214,25725.913847142645,controller
93197979,2027-12-19,3408.763675889885,3505.275898388412,3532.1588181553834,25725.913847142645,25849.308989408146,controller
93197979,2027-12-26,2921.7974364770444,2767.1143428775576,3522.570953158056,25849.308989408146,26450.082506089155,controller
93197979,2028-01-02,2636.75,2301.994843369428,3513.617885213064,26450.082506089155,27326.95039130222,controller
93197979,2028-01-09,2636.75,2247.1906005436113,3505.275898388412,27326.95039130222,28195.476289690632,controller
93197979,2028-01-16,2636.75,2192.9077318943355,2767.1143428775576,28195.476289690632,28325.84063256819,controller
93197979,2028-01-23,2636.75,2184.7599604644884,2301.994843369428,28325.84063256819,27991.085475937616,controller
93197979,2028-01-30,2636.75,2205.682157753899,2247.1906005436113,27991.085475937616,27601.526076481226,controller
93197979,2028-02-06,2636.75,2230.0296202199233,2192.9077318943355,27601.526076481226,27157.68380837556,controller
94643458,2026-08-30,13.59139532908809,6.0,24.0,0.0,10.40860467091191,plan
94643458,2026-09-06,19.027953460723324,6.0,30.0,10.40860467091191,21.38065121018859,plan
94643458,2026-09-13,19.027953460723324,12.0,24.0,21.38065121018859,26.352697749465264,plan
94643458,2026-09-20,19.027953460723324,30.0,6.0,26.352697749465264,13.32474428874194,plan
94643458,2026-09-27,19.02795346054957,12.0,6.0,13.32474428874194,0.29679082819237124,plan
94643458,2026-10-04,19.0279534603179,12.0,12.0,0.29679082819237124,0.0,plan
94643458,2026-10-11,19.0279534603179,12.0,30.0,0.0,10.9720465396821,plan
94643458,2026-10-18,19.0279534603179,12.0,12.0,10.9720465396821,3.944093079364201,plan
94643458,2026-10-25,19.0279534603179,18.0,12.0,3.944093079364201,0.0,plan
94643458,2026-11-01,19.027953460723324,28.541930191084987,12.0,0.0,0.0,controller
94643458,2026-11-08,19.027953460723324,28.541930191084987,12.0,0.0,0.0,controller
94643458,2026-11-15,19.027953460723324,28.541930191084987,18.0,0.0,0.0,controller
94643458,2026-11-22,19.027953460723324,28.541930191084987,28.541930191084987,0.0,9.513976730361662,controller
94643458,2026-11-29,19.027953460433736,27.947306645003,28.541930191084987,9.513976730361662,19.027953461012913,controller
94643458,2026-12-06,19.0279534603179,27.352683099163542,28.541930191084987,19.027953461012913,28.54193019178,controller
94643458,2026-12-13,19.0279534603179,26.7580595534906,28.541930191084987,28.54193019178,38.05590692254708,controller
94643458,2026-12-20,19.0279534603179,26.16343600781766,27.947306645003,38.05590692254708,46.975260107232174,controller
94643458,2026-12-27,19.027953460317896,25.605976433774835,27.352683099163542,46.975260107232174,55.29998974607782,controller
94643458,2027-01-03,19.0279534603179,25.085680831346984,26.7580595534906,55.29998974607782,63.03009583925052,controller
94643458,2027-01-10,19.0279534603179,24.60254920052369,26.16343600781766,63.03009583925052,70.16557838675028,controller
94643458,2027-01-17,19.0279534603179,24.156581541304956,25.605976433774835,70.16557838675028,76.74360136020722,controller
94643458,2027-01-24,19.0279534603179,23.745455105463897,25.085680831346984,76.74360136020722,82.8013287312363,controller
94643458,2027-01-31,19.02795346054702,23.366847145118264,24.60254920052369,82.8013287312363,88.37592447121295,controller
94643458,2027-02-07,19.027953460585213,23.018434911427008,24.156581541304956,88.37592447121295,93.5045525519327,controller
94643458,2027-02-14,19.027953460585213,22.697895656382023,23.745455105463897,93.5045525519327,98.22205419681138,controller
94643458,2027-02-21,19.027953460585213,22.403051803577107,23.366847145118264,98.22205419681138,102.56094788134443,controller
94643458,2027-02-28,19.027953460356084,22.131870947950098,23.018434911427008,102.56094788134443,106.55142933241535,controller
94643458,2027-03-07,19.0279534603179,21.88246585720089,22.697895656382023,106.55142933241535,110.22137152847948,controller
94643458,2027-03-14,19.0279534603179,21.653094469946883,22.403051803577107,110.22137152847948,113.59646987173868,controller
94643458,2027-03-21,19.0279534603179,21.442150823493183,22.131870947950098,113.59646987173868,116.70038735937088,controller
94643458,2027-03-28,19.027953460491652,21.248155980776797,21.88246585720089,116.70038735937088,119.55489975608012,controller
94643458,2027-04-04,19.027953460723324,21.06974895632998,21.653094469946883,119.55489975608012,122.18004076530369,controller
94643458,2027-04-11,19.027953460723324,20.905677643253505,21.442150823493183,122.18004076530369,124.59423812807356,controller
94643458,2027-04-18,19.027953460723324,20.754790308080388,21.248155980776797,124.59423812807356,126.81444064812703,controller
94643458,2027-04-25,19.027953460665405,20.616027650490167,21.06974895632998,126.81444064812703,128.85623614379162,controller
94643458,2027-05-02,19.0279534603179,20.488415431489873,20.905677643253505,128.85623614379162,130.73396032672724,controller
94643458,2027-05-09,19.0279534603179,20.371057670056395,20.754790308080388,130.73396032672724,132.46079717448973,controller
94643458,2027-05-16,19.0279534603179,20.26313036707124,20.616027650490167,132.46079717448973,134.048871364662,controller
94643458,2027-05-23,19.0279534603179,20.163875730185474,20.488415431489873,134.048871364662,135.509333335834,controller
94643458,2027-05-30,19.027953460607492,20.072596857421615,20.371057670056395,135.509333335834,136.8524375452829,controller
94643458,2027-06-06,19.027953460723324,19.988652844504806,20.26313036707124,136.8524375452829,138.08761445163083,controller
94643458,2027-06-13,19.027953460723324,19.91145428785806,20.163875730185474,138.08761445163083,139.22353672109298,controller
94643458,2027-06-20,19.027953460723324,19.840459146016677,20.072596857421615,139.22353672109298,140.26818011779127,controller
94643458,2027-06-27,19.02795346054957,19.775168933462396,19.988652844504806,140.26818011779127,141.22887950174652,controller
94643458,2027-07-04,19.0279534603179,19.71512522161769,19.91145428785806,141.22887950174652,142.11238032928668,controller
94643458,2027-07-11,19.0279534603179,19.65990641989643,19.840459146016677,142.11238032928668,142.92488601498547,controller
94643458,2027-07-18,19.0279534603179,19.60912481454026,19.775168933462396,142.92488601498547,143.67210148812998,controller
94643458,2027-07-25,19.0279534603179,19.562423847468725,19.71512522161769,143.67210148812998,144.35927324942978,controller
94643458,2027-08-01,19.0279534603179,19.519475612387488,19.65990641989643,144.35927324942978,144.99122620900832,controller
94643458,2027-08-08,19.0279534603179,19.47997855241383,19.60912481454026,144.99122620900832,145.57239756323068,controller
94643458,2027-08-15,19.0279534603179,19.44365534277493,19.562423847468725,145.57239756323068,146.1068679503815,controller
94643458,2027-08-22,19.0279534603179,19.410250943578006,19.519475612387488,146.1068679503815,146.5983901024511,controller
94643458,2027-08-29,19.02795346054957,19.37953080942116,19.47997855241383,146.5983901024511,147.05041519431535,controller
94643458,2027-09-05,19.027953460723324,19.351279241440277,19.44365534277493,147.05041519431535,147.46611707636697,controller
94643458,2027-09-12,19.027953460723324,19.32529787381205,19.410250943578006,147.46611707636697,147.84841455922165,controller
94643458,2027-09-19,19.027953460723324,19.301404281133635,19.37953080942116,147.84841455922165,148.1999919079195,controller
94643458,2027-09-26,19.027953460607492,19.279430696666267,19.351279241440277,148.1999919079195,148.5233176887523,controller
94643458,2027-10-03,19.0279534603179,19.25922283492983,19.32529787381205,148.5233176887523,148.82066210224644,controller
94643458,2027-10-10,19.0279534603179,19.240638809086448,19.301404281133635,148.82066210224644,149.0941129230622,controller
94643458,2027-10-17,19.0279534603179,19.22354813278546,19.279430696666267,149.0941129230622,149.3455901594106,controller
94643458,2027-10-24,19.0279534603179,19.207830805513687,19.25922283492983,149.3455901594106,149.57685953402253,controller
94643458,2027-10-31,19.027953460665405,19.1933764701217,19.240638809086448,149.57685953402253,149.78954488244358,controller
94643458,2027-11-07,19.027953460723324,19.180083635932263,19.22354813278546,149.78954488244358,149.9851395545057,controller
94643458,2027-11-14,19.027953460723324,19.16785896892838,19.207830805513687,149.9851395545057,150.16501689929606,controller
94643458,2027-11-21,19.027953460723324,19.156616634878983,19.1933764701217,150.16501689929606,150.33043990869444,controller
94643458,2027-11-28,19.027953460491652,19.146277696444074,19.180083635932263,150.33043990869444,150.48257008413506,controller
94643458,2027-12-05,19.0279534603179,19.136769560218408,19.16785896892838,150.48257008413506,150.62247559274556,controller
94643458,2027-12-12,19.0279534603179,19.12802546593025,19.156616634878983,150.62247559274556,150.75113876730666,controller
94643458,2027-12-19,19.0279534603179,19.11998401752018,19.146277696444074,150.75113876730666,150.86946300343286,controller
94643458,2027-12-26,16.309674394558197,15.035170154122742,19.136769560218408,150.86946300343286,153.69655816909307,controller
94643458,2028-01-02,24.0,26.393965114431683,19.12802546593025,153.69655816909307,148.82458363502332,controller
94643458,2028-01-09,24.0,26.698463522811043,19.11998401752018,148.82458363502332,143.9445676525435,controller
94643458,2028-01-16,24.0,27.003464521716033,15.035170154122742,143.9445676525435,134.97973780666624,controller
94643458,2028-01-23,24.0,27.563766387083362,26.393965114431683,134.97973780666624,137.37370292109793,controller
94643458,2028-01-30,24.0,27.41414356743138,26.698463522811043,137.37370292109793,140.07216644390897,controller
94643458,2028-02-06,24.0,27.24548959725569,27.003464521716033,140.07216644390897,143.075630965625,controller
94643459,2026-08-30,28.755878242553198,12.0,66.0,25.0,62.244121757446806,plan
94643459,2026-09-06,40.25822953957448,12.0,66.0,62.244121757446806,87.98589221787233,plan
94643459,2026-09-13,40.25822953957448,6.0,36.0,87.98589221787233,83.72766267829786,plan
94643459,2026-09-20,40.25822953957448,30.0,12.0,83.72766267829786,55.46943313872338,plan
94643459,2026-09-27,40.25822953940073,36.0,12.0,55.46943313872338,27.21120359932266,plan
94643459,2026-10-04,40.25822953916905,18.0,6.0,27.21120359932266,0.0,plan
94643459,2026-10-11,40.25822953916905,18.0,30.0,0.0,0.0,plan
94643459,2026-10-18,40.25822953916905,24.0,36.0,0.0,0.0,plan
94643459,2026-10-25,40.25822953916905,18.0,18.0,0.0,0.0,plan
94643459,2026-11-01,40.25822953957448,60.38734430936172,18.0,0.0,0.0,controller
94643459,2026-11-08,40.25822953957448,60.38734430936172,24.0,0.0,0.0,controller
94643459,2026-11-15,40.25822953957448,60.38734430936172,18.0,0.0,0.0,controller
94643459,2026-11-22,40.25822953957448,60.38734430936172,60.38734430936172,0.0,20.129114769787243,controller
94643459,2026-11-29,40.25822953928489,59.129274635815634,60.38734430936172,20.129114769787243,40.25822953986408,controller
94643459,2026-12-06,40.25822953916905,57.87120496251207,60.38734430936172,40.25822953986408,60.38734431005675,controller
94643459,2026-12-13,40.25822953916905,56.61313528937503,60.38734430936172,60.38734431005675,80.51645908024942,controller
94643459,2026-12-20,40.25822953916905,55.35506561623799,59.129274635815634,80.51645908024942,99.387504176896,controller
94643459,2026-12-27,40.25822953916905,54.17562529769758,57.87120496251207,99.387504176896,117.00047960023902,controller
94643459,2027-01-03,40.25822953916905,53.07481433373864,56.61313528937503,117.00047960023902,133.35538535044498,controller
94643459,2027-01-10,40.25822953916905,52.052632724350765,55.35506561623799,133.35538535044498,148.4522214275139,controller
94643459,2027-01-17,40.25822953916905,51.10908046953396,54.17562529769758,148.4522214275139,162.36961718604243,controller
94643459,2027-01-24,40.25822953916905,50.239243234625924,53.07481433373864,162.36961718604243,175.186201980612,controller
94643459,2027-01-31,40.25822953939819,49.43820668530903,52.052632724350765,175.186201980612,186.98060516556455,controller
94643459,2027-02-07,40.25822953943638,48.70105648630678,51.10908046953396,186.98060516556455,197.83145609566213,controller
94643459,2027-02-14,40.25822953943638,48.02287830317569,50.239243234625924,197.83145609566213,207.81246979085168,controller
94643459,2027-02-21,40.25822953943638,47.399064947226336,49.43820668530903,207.81246979085168,216.99244693672435,controller
94643459,2027-02-28,40.25822953920724,46.825316375265594,48.70105648630678,216.99244693672435,225.4352738838239,controller
94643459,2027-03-07,40.25822953916905,46.29763969101458,48.02287830317569,225.4352738838239,233.19992264783053,controller
94643459,2027-03-14,40.25822953916905,45.81234914326417,47.399064947226336,233.19992264783053,240.34075805588782,controller
94643459,2027-03-21,40.25822953916905,45.36604693026059,46.825316375265594,240.34075805588782,246.90784489198433,controller
94643459,2027-03-28,40.25822953934281,44.955604003265194,46.29763969101458,246.90784489198433,252.9472550436561,controller
94643459,2027-04-04,40.25822953957448,44.578140869133215,45.81234914326417,252.9472550436561,258.5013746473458,controller
94643459,2027-04-11,40.25822953957448,44.231008393902606,45.36604693026059,258.5013746473458,263.60919203803195,controller
94643459,2027-04-18,40.25822953957448,43.91176980698472,44.955604003265194,263.60919203803195,268.30656650172267,controller
94643459,2027-04-25,40.25822953951656,43.61818390291718,44.578140869133215,268.30656650172267,272.62647783133934,controller
94643459,2027-05-02,40.25822953916905,43.34818944429487,44.231008393902606,272.62647783133934,276.59925668607286,controller
94643459,2027-05-09,40.25822953916905,43.09989076587402,43.91176980698472,276.59925668607286,280.2527969538885,controller
94643459,2027-05-16,40.25822953916905,42.871544499135545,43.61818390291718,280.2527969538885,283.6127513176366,controller
94643459,2027-05-23,40.25822953916905,42.66154735140129,43.34818944429487,283.6127513176366,286.7027112227624,controller
94643459,2027-05-30,40.25822953945864,42.468424857765314,43.09989076587402,286.7027112227624,289.5443724491778,controller
94643459,2027-06-06,40.25822953957448,42.290821031288104,42.871544499135545,289.5443724491778,292.15768740873887,controller
94643459,2027-06-13,40.25822953957448,42.12748884631554,42.66154735140129,292.15768740873887,294.5610052205657,controller
94643459,2027-06-20,40.25822953957448,41.97728148307637,42.468424857765314,294.5610052205657,296.7712005387565,controller
94643459,2027-06-27,40.25822953940073,41.839144275428815,42.290821031288104,296.7712005387565,298.8037920306439,controller
94643459,2027-07-04,40.25822953916905,41.712107306838334,42.12748884631554,298.8037920306439,300.67305133779035,controller
94643459,2027-07-11,40.25822953916905,41.59527860014168,41.97728148307637,300.67305133779035,302.39210328169764,controller
94643459,2027-07-18,40.25822953916905,41.48783785364748,41.839144275428815,302.39210328169764,303.9730180179574,controller
94643459,2027-07-25,40.25822953916905,41.389030682631244,41.712107306838334,303.9730180179574,305.42689578562664,controller
94643459,2027-08-01,40.25822953916905,41.29816332215191,41.59527860014168,305.42689578562664,306.76394484659926,controller
94643459,2027-08-08,40.25822953916905,41.214597755841126,41.48783785364748,306.76394484659926,307.99355316107767,controller
94643459,2027-08-15,40.25822953916905,41.13774723618622,41.389030682631244,307.99355316107767,309.12435430453985,controller
94643459,2027-08-22,40.25822953916905,41.06707216471983,41.29816332215191,309.12435430453985,310.16428808752266,controller
94643459,2027-08-29,40.25822953940073,41.00207630363093,41.214597755841126,310.16428808752266,311.1206563039631,controller
94643459,2027-09-05,40.25822953957448,40.94230329036402,41.13774723618622,311.1206563039631,312.0001740005748,controller
94643459,2027-09-12,40.25822953957448,40.8873334343258,41.06707216471983,312.0001740005748,312.8090166257202,controller
94643459,2027-09-19,40.25822953957448,40.83678077025421,41.00207630363093,312.8090166257202,313.55286338977663,controller
94643459,2027-09-26,40.25822953945864,40.790290347326916,40.94230329036402,313.55286338977663,314.236937140682,controller
94643459,2027-10-03,40.25822953916905,40.74753573746095,40.8873334343258,314.236937140682,314.86604103583875,controller
94643459,2027-10-10,40.25822953916905,40.708216744013654,40.83678077025421,314.86604103583875,315.4445922669239,controller
94643459,2027-10-17,40.25822953916905,40.67205729207083,40.790290347326916,315.4445922669239,315.97665307508174,controller
94643459,2027-10-24,40.25822953916905,40.638803491560964,40.74753573746095,315.97665307508174,316.46595927337364,controller
94643459,2027-10-31,40.25822953951656,40.60822185468899,40.708216744013654,316.46595927337364,316.91594647787076,controller
94643459,2027-11-07,40.25822953957448,40.58009765449479,40.67205729207083,316.91594647787076,317.3297742303671,controller
94643459,2027-11-14,40.25822953957448,40.55423341996378,40.638803491560964,317.3297742303671,317.7103481823536,controller
94643459,2027-11-21,40.25822953957448,40.53044754796462,40.60822185468899,317.7103481823536,318.06034049746813,controller
94643459,2027-11-28,40.25822953934281,40.50857302792245,40.58009765449479,318.06034049746813,318.38220861262016,controller
94643459,2027-12-05,40.25822953916905,40.488456270464816,40.55423341996378,318.38220861262016,318.6782124934149,controller
94643459,2027-12-12,40.25822953916905,40.469956027915146,40.53044754796462,318.6782124934149,318.95043050221045,controller
94643459,2027-12-19,40.25822953916905,40.45294240236542,40.50857302792245,318.95043050221045,319.20077399096385,controller
94643459,2027-12-26,34.507053890716335,31.810532461639262,40.488456270464816,319.20077399096385,325.18217637071234,controller
94643459,2028-01-02,60.25,70.05111397683048,40.469956027915146,325.18217637071234,305.4021323986275,controller
94643459,2028-01-09,60.25,71.28736672508577,40.45294240236542,305.4021323986275,285.6050748009929,controller
94643459,2028-01-16,60.25,72.52468282493794,31.810532461639262,285.6050748009929,257.16560726263214,controller
94643459,2028-01-23,60.25,74.30214954608549,70.05111397683048,257.16560726263214,266.96672123946263,controller
94643459,2028-01-30,60.25,73.68957992253358,71.28736672508577,266.96672123946263,278.0040879645484,controller
94643459,2028-02-06,60.25,72.99974450221572,72.52468282493794,278.0040879645484,290.2787707894863,controller
94643460,2026-08-30,25.147777135556332,6.0,54.0,45.0,73.85222286444366,plan
94643460,2026-09-06,35.206887989778856,24.0,60.0,73.85222286444366,98.6453348746648,plan
94643460,2026-09-13,35.206887989778856,18.0,36.0,98.6453348746648,99.43844688488593,plan
94643460,2026-09-20,35.206887989778856,36.0,6.0,99.43844688488593,70.23155889510707,plan
94643460,2026-09-27,35.20688798960511,24.0,24.0,70.23155889510707,59.024670905501964,plan
94643460,2026-10-04,35.206887989373435,30.0,18.0,59.024670905501964,41.81778291612853,plan
94643460,2026-10-11,35.206887989373435,24.0,36.0,41.81778291612853,42.61089492675509,plan
94643460,2026-10-18,35.206887989373435,36.0,24.0,42.61089492675509,31.40400693738166,plan
94643460,2026-10-25,35.206887989373435,36.0,30.0,31.40400693738166,26.197118948008224,plan
94643460,2026-11-01,35.206887989778856,51.17301205041777,24.0,26.197118948008224,14.990230958229368,controller
94643460,2026-11-08,35.206887989778856,51.87344254977895,36.0,14.990230958229368,15.783342968450512,controller
94643460,2026-11-15,35.206887989778856,51.823873049140126,36.0,15.783342968450512,16.576454978671656,controller
94643460,2026-11-22,35.206887989778856,51.77430354850131,51.17301205041777,16.576454978671656,32.542579039310574,controller
94643460,2026-11-29,35.206887989489275,50.776420794277,51.87344254977895,32.542579039310574,49.20913359960025,controller
94643460,2026-12-06,35.206887989373435,49.73476113408513,51.823873049140126,49.20913359960025,65.82611865936695,controller
94643460,2026-12-13,35.206887989373435,48.69619956784972,51.77430354850131,65.82611865936695,82.39353421849484,controller
94643460,2026-12-20,35.206887989373435,47.660736095404225,50.776420794277,82.39353421849484,97.9630670233984,controller
94643460,2026-12-27,35.206887989373435,46.68764029509775,49.73476113408513,97.9630670233984,112.49094016811009,controller
94643460,2027-01-03,35.206887989373435,45.779648223553274,48.69619956784972,112.49094016811009,125.98025174658639,controller
94643460,2027-01-10,35.206887989373435,44.936566249898505,47.660736095404225,125.98025174658639,138.43409985261718,controller
94643460,2027-01-17,35.206887989373435,44.15820074327158,46.68764029509775,138.43409985261718,149.91485215834152,controller
94643460,2027-01-24,35.206887989373435,43.44065372416381,45.779648223553274,149.91485215834152,160.48761239252136,controller
94643460,2027-01-31,35.20688798960256,42.77985620987126,44.936566249898505,160.48761239252136,170.2172906528173,controller
94643460,2027-02-07,35.20688798964075,42.17175131866004,44.15820074327158,170.2172906528173,179.16860340644814,controller
94643460,2027-02-14,35.20688798964075,41.61229427155811,43.44065372416381,179.16860340644814,187.4023691409712,controller
94643460,2027-02-21,35.20688798964075,41.09768391315042,42.77985620987126,187.4023691409712,194.9753373612017,controller
94643460,2027-02-28,35.20688798941163,40.624373399042334,42.17175131866004,194.9753373612017,201.9402006904501,controller
94643460,2027-03-07,35.206887989373435,40.18906944090702,41.61229427155811,201.9402006904501,208.34560697263478,controller
94643460,2027-03-14,35.206887989373435,39.788731548270476,41.09768391315042,208.34560697263478,214.23640289641176,controller
94643460,2027-03-21,35.206887989373435,39.420556803034415,40.624373399042334,214.23640289641176,219.65388830608066,controller
94643460,2027-03-28,35.206887989547184,39.08196396519074,40.18906944090702,219.65388830608066,224.6360697574405,controller
94643460,2027-04-04,35.206887989778856,38.77057762482825,39.788731548270476,224.6360697574405,229.2179133159321,controller
94643460,2027-04-11,35.206887989778856,38.48421240242253,39.420556803034415,229.2179133159321,233.43158212918763,controller
94643460,2027-04-18,35.206887989778856,38.22085810159406,39.08196396519074,233.43158212918763,237.30665810459953,controller
94643460,2027-04-25,35.20688798972094,37.978665853043935,38.77057762482825,237.30665810459953,240.87034773970686,controller
94643460,2027-05-02,35.206887989373435,37.75593525032848,38.48421240242253,240.87034773970686,244.14767215275597,controller
94643460,2027-05-09,35.206887989373435,37.5511024745129,38.22085810159406,244.14767215275597,247.16164226497662,controller
94643460,2027-05-16,35.206887989373435,37.362729342499115,37.978665853043935,247.16164226497662,249.93342012864716,controller
94643460,2027-05-23,35.206887989373435,37.18949322601971,37.75593525032848,249.93342012864716,252.4824673896022,controller
94643460,2027-05-30,35.20688798966303,37.03017777264441,37.5511024745129,252.4824673896022,254.82668187445205,controller
94643460,2027-06-06,35.206887989778856,36.88366436751503,37.362729342499115,254.82668187445205,256.9825232271723,controller
94643460,2027-06-13,35.206887989778856,36.748924282970016,37.18949322601971,256.9825232271723,258.9651284634131,controller
94643460,2027-06-20,35.206887989778856,36.625011455704964,37.03017777264441,258.9651284634131,260.7884182462787,controller
94643460,2027-06-27,35.20688798960511,36.511055844015246,36.88366436751503,260.7884182462787,262.46519462418865,controller
94643460,2027-07-04,35.206887989373435,36.40625732004836,36.748924282970016,262.46519462418865,264.0072309177852,controller
94643460,2027-07-11,35.206887989373435,36.30988005169858,36.625011455704964,264.0072309177852,265.4253543841167,controller
94643460,2027-07-18,35.206887989373435,36.22124733505286,36.511055844015246,265.4253543841167,266.7295222387585,controller
94643460,2027-07-25,35.206887989373435,36.139736844137744,36.40625732004836,266.7295222387585,267.9288915694334,controller
94643460,2027-08-01,35.206887989373435,36.06477626097056,36.30988005169858,267.9288915694334,269.03188363175855,controller
94643460,2027-08-08,35.206887989373435,35.99583925707525,36.22124733505286,269.03188363175855,270.04624297743794,controller
94643460,2027-08-15,35.206887989373435,35.932441797970284,36.139736844137744,270.04624297743794,270.97909183220224,controller
94643460,2027-08-22,35.206887989373435,35.87413874454751,36.06477626097056,270.97909183220224,271.83698010379936,controller
94643460,2027-08-29,35.20688798960511,35.8205207279202,35.99583925707525,271.83698010379936,272.62593137126953,controller
94643460,2027-09-05,35.206887989778856,35.77121127396394,35.932441797970284,272.62593137126953,273.35148517946095,controller
94643460,2027-09-12,35.206887989778856,35.72586416095197,35.87413874454751,273.35148517946095,274.0187359342296,controller
94643460,2027-09-19,35.206887989778856,35.684160988778935,35.8205207279202,274.0187359342296,274.63236867237094,controller
94643460,2027-09-26,35.20688798966303,35.64580894247136,35.77121127396394,274.63236867237094,275.1966919566719,controller
94643460,2027-10-03,35.206887989373435,35.61053873676816,35.72586416095197,275.1966919566719,275.7156681282504,controller
94643460,2027-10-10,35.206887989373435,35.578102726044506,35.684160988778935,275.7156681282504,276.1929411276559,controller
94643460,2027-10-17,35.206887989373435,35.548273163581655,35.64580894247136,276.1929411276559,276.6318620807538,controller
94643460,2027-10-24,35.206887989373435,35.52084060401304,35.61053873676816,276.6318620807538,277.0355128281485,controller
94643460,2027-10-31,35.20688798972094,35.49561243282213,35.578102726044506,277.0355128281485,277.4067275644721,controller
94643460,2027-11-07,35.206887989778856,35.47241151188878,35.548273163581655,277.4067275644721,277.74811273827487,controller
94643460,2027-11-14,35.206887989778856,35.451074938526105,35.52084060401304,277.74811273827487,278.062065352509,controller
94643460,2027-11-21,35.206887989778856,35.43145290013647,35.49561243282213,278.062065352509,278.3507897955523,controller
94643460,2027-11-28,35.206887989547184,35.41340762209876,35.47241151188878,278.3507897955523,278.6163133178939,controller
94643460,2027-12-05,35.206887989373435,35.39681240169178,35.451074938526105,278.6163133178939,278.8605002670466,controller
94643460,2027-12-12,35.206887989373435,35.38155071736974,35.43145290013647,278.8605002670466,279.0850651778096,controller
94643460,2027-12-19,35.206887989373435,35.367515410447055,35.41340762209876,279.0850651778096,279.2915848105349,controller
94643460,2027-12-26,30.17733256232009,27.8102747928217,35.39681240169178,279.2915848105349,284.5110646499066,controller
94643460,2028-01-02,51.625,59.65555845938084,35.38155071736974,284.5110646499066,268.26761536727633,controller
94643460,2028-01-09,51.625,60.67077403954523,35.367515410447055,268.26761536727633,252.01013077772336,controller
94643460,2028-01-16,51.625,61.68686682639229,27.8102747928217,252.01013077772336,228.19540557054506,controller
94643460,2028-01-23,51.625,63.175287151840934,59.65555845938084,228.19540557054506,236.22596402992588,controller
94643460,2028-01-30,51.625,62.67337724812963,60.67077403954523,236.22596402992588,245.2717380694711,controller
94643460,2028-02-06,51.625,62.108016370658056,61.68686682639229,245.2717380694711,255.3336048958634,controller
94723685,2026-08-30,0.17857142857142855,0.0,0.0,12.0,11.821428571428571,controller
94723685,2026-09-06,0.25,0.0,0.0,11.821428571428571,11.571428571428571,controller
94723685,2026-09-13,0.25,0.0,0.0,11.571428571428571,11.321428571428571,controller
94723685,2026-09-20,0.25,0.0,0.0,11.321428571428571,11.071428571428571,controller
94723685,2026-09-27,0.25,0.0,0.0,11.071428571428571,10.821428571428571,controller
94723685,2026-10-04,0.25,0.0,0.0,10.821428571428571,10.571428571428571,controller
94723685,2026-10-11,0.25,0.0,0.0,10.571428571428571,10.321428571428571,controller
94723685,2026-10-18,0.25,0.0,0.0,10.321428571428571,10.071428571428571,controller
94723685,2026-10-25,0.25,0.0,0.0,10.071428571428571,9.821428571428571,controller
94723685,2026-11-01,0.25,0.0,0.0,9.821428571428571,9.571428571428571,controller
94723685,2026-11-08,0.25,0.0,0.0,9.571428571428571,9.321428571428571,controller
94723685,2026-11-15,0.25,0.0,0.0,9.321428571428571,9.071428571428571,controller
94723685,2026-11-22,0.25,0.0,0.0,9.071428571428571,8.821428571428571,controller
94723685,2026-11-29,0.25,0.0,0.0,8.821428571428571,8.571428571428571,controller
94723685,2026-12-06,0.25,0.0,0.0,8.571428571428571,8.321428571428571,controller
94723685,2026-12-13,0.25,0.0,0.0,8.321428571428571,8.071428571428571,controller
94723685,2026-12-20,0.25,0.0,0.0,8.071428571428571,7.821428571428571,controller
94723685,2026-12-27,0.25000000000000006,0.0,0.0,7.821428571428571,7.571428571428571,controller
94723685,2027-01-03,0.25,0.0,0.0,7.571428571428571,7.321428571428571,controller
94723685,2027-01-10,0.25,0.0,0.0,7.321428571428571,7.071428571428571,controller
94723685,2027-01-17,0.25,0.0,0.0,7.071428571428571,6.821428571428571,controller
94723685,2027-01-24,0.25,0.0,0.0,6.821428571428571,6.571428571428571,controller
94723685,2027-01-31,0.25,0.0,0.0,6.571428571428571,6.321428571428571,controller
94723685,2027-02-07,0.25,0.0,0.0,6.321428571428571,6.071428571428571,controller
94723685,2027-02-14,0.25,0.0,0.0,6.071428571428571,5.821428571428571,controller
94723685,2027-02-21,0.25,0.011160714285714302,0.0,5.821428571428571,5.571428571428571,controller
94723685,2027-02-28,0.25,0.0267857142857143,0.0,5.571428571428571,5.321428571428571,controller
94723685,2027-03-07,0.25,0.0424107142857143,0.0,5.321428571428571,5.071428571428571,controller
94723685,2027-03-14,0.25,0.0580357142857143,0.011160714285714302,5.071428571428571,4.832589285714286,controller
94723685,2027-03-21,0.25,0.07296316964285715,0.0267857142857143,4.832589285714286,4.609375,controller
94723685,2027-03-28,0.25,0.0869140625,0.0424107142857143,4.609375,4.401785714285714,controller
94723685,2027-04-04,0.25,0.09988839285714285,0.0580357142857143,4.401785714285714,4.209821428571429,controller
94723685,2027-04-11,0.25,0.1118861607142857,0.07296316964285715,4.209821428571429,4.032784598214286,controller
94723685,2027-04-18,0.25,0.12295096261160715,0.0869140625,4.032784598214286,3.8696986607142856,controller
94723685,2027-04-25,0.25,0.13314383370535715,0.09988839285714285,3.8696986607142856,3.7195870535714284,controller
94723685,2027-05-02,0.25,0.14252580915178573,0.1118861607142857,3.7195870535714284,3.581473214285714,controller
94723685,2027-05-09,0.25,0.15115792410714288,0.12295096261160715,3.581473214285714,3.454424176897321,controller
94723685,2027-05-16,0.25,0.15909848894391743,0.13314383370535715,3.454424176897321,3.3375680106026784,controller
94723685,2027-05-23,0.25,0.1664019993373326,0.14252580915178573,3.3375680106026784,3.230093819754464,controller
94723685,2027-05-30,0.25,0.173119136265346,0.15115792410714288,3.230093819754464,3.1312517438616068,controller
94723685,2027-06-06,0.25,0.17929676600864958,0.15909848894391743,3.1312517438616068,3.0403502328055243,controller
94723685,2027-06-13,0.25,0.18497811044965473,0.1664019993373326,3.0403502328055243,2.9567522321428568,controller
94723685,2027-06-20,0.25,0.19020298549107145,0.173119136265346,2.9567522321428568,2.8798713684082027,controller
94723685,2027-06-27,0.25,0.19500803947448733,0.17929676600864958,2.8798713684082027,2.8091681344168524,controller
94723685,2027-07-04,0.25,0.19942699159894672,0.18497811044965473,2.8091681344168524,2.7441462448665073,controller
94723685,2027-07-11,0.25,0.2034908596958433,0.19020298549107145,2.7441462448665073,2.684349230357579,controller
94723685,2027-07-18,0.25,0.20722817310265132,0.19500803947448733,2.684349230357579,2.629357269832066,controller
94723685,2027-07-25,0.25,0.21066517063549586,0.19942699159894672,2.629357269832066,2.578784261431013,controller
94723685,2027-08-01,0.25,0.21382598366056169,0.2034908596958433,2.578784261431013,2.5322751211268564,controller
94723685,2027-08-08,0.25,0.21673280492957148,0.20722817310265132,2.5322751211268564,2.489503294229508,controller
94723685,2027-08-15,0.25,0.21940604411065576,0.21066517063549586,2.489503294229508,2.450168464865004,controller
94723685,2027-08-22,0.25,0.22186447094593725,0.21382598366056169,2.450168464865004,2.4139944485255658,controller
94723685,2027-08-29,0.25,0.22412534696715214,0.21673280492957148,2.4139944485255658,2.380727253455137,controller
94723685,2027-09-05,0.25,0.22620454665905393,0.21940604411065576,2.380727253455137,2.350133297565793,controller
94723685,2027-09-12,0.25,0.22811666890213794,0.22186447094593725,2.350133297565793,2.3219977685117303,controller
94723685,2027-09-19,0.25,0.22987513946801685,0.22412534696715214,2.3219977685117303,2.2961231154788826,controller
94723685,2027-09-26,0.25,0.23149230528256984,0.22620454665905393,2.2961231154788826,2.2723276621379367,controller
94723685,2027-10-03,0.25,0.23297952111637896,0.22811666890213794,2.2723276621379367,2.250444331040075,controller
94723685,2027-10-10,0.25,0.23434722930999533,0.22987513946801685,2.250444331040075,2.2303194705080918,controller
94723685,2027-10-17,0.25,0.23560503309324426,0.23149230528256984,2.2303194705080918,2.2118117757906615,controller
94723685,2027-10-24,0.25,0.23676176401308366,0.23297952111637896,2.2118117757906615,2.1947912969070402,controller
94723685,2027-10-31,0.25,0.23782554394330999,0.23434722930999533,2.1947912969070402,2.1791385262170357,controller
94723685,2027-11-07,0.25,0.23880384211143527,0.23560503309324426,2.1791385262170357,2.16474355931028,controller
94723685,2027-11-14,0.25,0.2397035275431075,0.23676176401308366,2.16474355931028,2.1515053233233634,controller
94723685,2027-11-21,0.25,0.2405309172922898,0.23782554394330999,2.1515053233233634,2.1393308672666733,controller
94723685,2027-11-28,0.25,0.24129182079583292,0.23880384211143527,2.1393308672666733,2.1281347093781084,controller
94723685,2027-12-05,0.25,0.24199158066386822,0.2397035275431075,2.1281347093781084,2.117838236921216,controller
94723685,2027-12-12,0.25,0.242635110192424,0.2405309172922898,2.117838236921216,2.1083691542135057,controller
94723685,2027-12-19,0.25,0.2432269278616559,0.24129182079583292,2.1083691542135057,2.0996609750093387,controller
94723685,2027-12-26,0.2142857142857143,0.19019976049048778,0.24199158066386822,2.0996609750093387,2.1273668413874924,controller
94723685,2028-01-02,0.25,0.24203957241328172,0.242635110192424,2.1273668413874924,2.1200019515799164,controller
94723685,2028-01-09,0.25,0.24249987802625522,0.2432269278616559,2.1200019515799164,2.1132288794415723,controller
94723685,2028-01-16,0.25,0.24292319503490173,0.19019976049048778,2.1132288794415723,2.05342863993206,controller
94723685,2028-01-23,0.25,0.24666071000424625,0.24203957241328172,2.05342863993206,2.045468212345342,controller
94723685,2028-01-30,0.25,0.24715823672841614,0.24249987802625522,2.045468212345342,2.037968090371597,controller
94723685,2028-02-06,0.25,0.24762699435177518,0.24292319503490173,2.037968090371597,2.030891285406499,controller
94723686,2026-08-30,0.08928571428571427,0.1339285714285714,0.0,0.0,0.0,controller
94723686,2026-09-06,0.125,0.1875,0.0,0.0,0.0,controller
94723686,2026-09-13,0.125,0.1875,0.0,0.0,0.0,controller
94723686,2026-09-20,0.125,0.1875,0.1339285714285714,0.0,0.008928571428571397,controller
94723686,2026-09-27,0.125,0.1869419642857143,0.1875,0.008928571428571397,0.0714285714285714,controller
94723686,2026-10-04,0.125,0.1830357142857143,0.1875,0.0714285714285714,0.1339285714285714,controller
94723686,2026-10-11,0.125,0.1791294642857143,0.1875,0.1339285714285714,0.1964285714285714,controller
94723686,2026-10-18,0.125,0.1752232142857143,0.1869419642857143,0.1964285714285714,0.2583705357142857,controller
94723686,2026-10-25,0.125,0.17135184151785715,0.1830357142857143,0.2583705357142857,0.31640625,controller
94723686,2026-11-01,0.125,0.167724609375,0.1791294642857143,0.31640625,0.3705357142857143,controller
94723686,2026-11-08,0.125,0.16434151785714285,0.1752232142857143,0.3705357142857143,0.4207589285714286,controller
94723686,2026-11-15,0.125,0.1612025669642857,0.17135184151785715,0.4207589285714286,0.4671107700892858,controller
94723686,2026-11-22,0.125,0.15830557686941965,0.167724609375,0.4671107700892858,0.5098353794642858,controller
94723686,2026-11-29,0.125,0.15563528878348215,0.16434151785714285,0.5098353794642858,0.5491768973214286,controller
94723686,2026-12-06,0.125,0.1531764439174107,0.1612025669642857,0.5491768973214286,0.5853794642857143,controller
94723686,2026-12-13,0.125,0.15091378348214285,0.15830557686941965,0.5853794642857143,0.6186850411551339,controller
94723686,2026-12-20,0.125,0.14883218492780415,0.15563528878348215,0.6186850411551339,0.6493203299386161,controller
94723686,2026-12-27,0.12500000000000003,0.14691747937883654,0.1531764439174107,0.6493203299386161,0.6774967738560268,controller
94723686,2027-01-03,0.125,0.14515645163399832,0.15091378348214285,0.6774967738560268,0.7034105573381697,controller
94723686,2027-01-10,0.125,0.1435368401663644,0.14883218492780415,0.7034105573381697,0.7272427422659739,controller
94723686,2027-01-17,0.125,0.14204732860837663,0.14691747937883654,0.7272427422659739,0.7491602216448103,controller
94723686,2027-01-24,0.125,0.14067748614719935,0.14515645163399832,0.7491602216448103,0.7693166732788086,controller
94723686,2027-01-31,0.125,0.13941770792007446,0.1435368401663644,0.7693166732788086,0.787853513445173,controller
94723686,2027-02-07,0.125,0.1382591554096767,0.14204732860837663,0.787853513445173,0.8049008420535496,controller
94723686,2027-02-14,0.125,0.13719369737165316,0.14067748614719935,0.8049008420535496,0.8205783282007489,controller
94723686,2027-02-21,0.125,0.13621385448745318,0.13941770792007446,0.8205783282007489,0.8349960361208234,controller
94723686,2027-02-28,0.125,0.13531274774244853,0.1382591554096767,0.8349960361208234,0.8482551915305001,controller
94723686,2027-03-07,0.125,0.13448405052934376,0.13719369737165316,0.8482551915305001,0.8604488889021533,controller
94723686,2027-03-14,0.125,0.1337219444436154,0.13621385448745318,0.8604488889021533,0.8716627433896065,controller
94723686,2027-03-21,0.125,0.1330210785381496,0.13531274774244853,0.8716627433896065,0.881975491132055,controller
94723686,2027-03-28,0.125,0.13237653180424658,0.13448405052934376,0.881975491132055,0.8914595416613986,controller
94723686,2027-04-04,0.125,0.13178377864616259,0.1337219444436154,0.8914595416613986,0.9001814861050139,controller
94723686,2027-04-11,0.125,0.13123865711843663,0.1330210785381496,0.9001814861050139,0.9082025646431635,controller
94723686,2027-04-18,0.125,0.13073733970980228,0.13237653180424658,0.9082025646431635,0.9155790964474102,controller
94723686,2027-04-25,0.125,0.13027630647203686,0.13178377864616259,0.9155790964474102,0.9223628750935728,controller
94723686,2027-05-02,0.125,0.1298523203066517,0.13123865711843663,0.9223628750935728,0.9286015322120096,controller
94723686,2027-05-09,0.125,0.1294624042367494,0.13073733970980228,0.9286015322120096,0.934338871921812,controller
94723686,2027-05-16,0.125,0.12910382050488675,0.13027630647203686,0.934338871921812,0.9396151783938489,controller
94723686,2027-05-23,0.125,0.12877405135038444,0.1298523203066517,0.9396151783938489,0.9444674987005006,controller
94723686,2027-05-30,0.125,0.1284707813312187,0.1294624042367494,0.9444674987005006,0.94892990293725,controller
94723686,2027-06-06,0.125,0.12819188106642188,0.12910382050488675,0.94892990293725,0.9530337234421367,controller
94723686,2027-06-13,0.125,0.12793539228486644,0.12877405135038444,0.9530337234421367,0.9568077747925212,controller
94723686,2027-06-20,0.125,0.12769951407546742,0.1284707813312187,0.9568077747925212,0.9602785561237399,controller
94723686,2027-06-27,0.125,0.12748259024226627,0.12819188106642188,0.9602785561237399,0.9634704371901619,controller
94723686,2027-07-04,0.125,0.12728309767561488,0.12793539228486644,0.9634704371901619,0.9664058294750284,controller
94723686,2027-07-11,0.125,0.12709963565781074,0.12769951407546742,0.9664058294750284,0.9691053435504959,controller
94723686,2027-07-18,0.125,0.126930916028094,0.12748259024226627,0.9691053435504959,0.9715879337927622,controller
94723686,2027-07-25,0.125,0.12677575413795236,0.12728309767561488,0.9715879337927622,0.9738710314683772,controller
94723686,2027-08-01,0.125,0.12663306053322643,0.12709963565781074,0.9738710314683772,0.9759706671261879,controller
94723686,2027-08-08,0.125,0.12650183330461326,0.126930916028094,0.9759706671261879,0.9779015831542819,controller
94723686,2027-08-15,0.125,0.12638115105285738,0.12677575413795236,0.9779015831542819,0.9796773372922343,controller
94723686,2027-08-22,0.125,0.12627016641923536,0.12663306053322643,0.9796773372922343,0.9813103978254607,controller
94723686,2027-08-29,0.125,0.1261681001359087,0.12650183330461326,0.9813103978254607,0.982812231130074,controller
94723686,2027-09-05,0.125,0.12607423555437036,0.12638115105285738,0.982812231130074,0.9841933821829314,controller
94723686,2027-09-12,0.125,0.1259879136135668,0.12627016641923536,0.9841933821829314,0.9854635486021668,controller
94723686,2027-09-19,0.125,0.1259085282123646,0.1261681001359087,0.9854635486021668,0.9866316487380755,controller
94723686,2027-09-26,0.125,0.12583552195387027,0.12607423555437036,0.9866316487380755,0.987705884292446,controller
94723686,2027-10-03,0.125,0.12576838223172213,0.1259879136135668,0.987705884292446,0.9886937979060129,controller
94723686,2027-10-10,0.125,0.1257066376308742,0.1259085282123646,0.9886937979060129,0.9896023261183775,controller
94723686,2027-10-17,0.125,0.12564985461760142,0.12583552195387027,0.9896023261183775,0.9904378480722478,controller
94723686,2027-10-24,0.125,0.1255976344954845,0.12576838223172213,0.9904378480722478,0.9912062303039699,controller
94723686,2027-10-31,0.125,0.1255496106060019,0.1257066376308742,0.9912062303039699,0.9919128679348441,controller
94723686,2027-11-07,0.125,0.12550544575407224,0.12564985461760142,0.9919128679348441,0.9925627225524456,controller
94723686,2027-11-14,0.125,0.12546482984047214,0.1255976344954845,0.9925627225524456,0.9931603570479302,controller
94723686,2027-11-21,0.125,0.12542747768450435,0.1255496106060019,0.9931603570479302,0.993709967653932,controller
94723686,2027-11-28,0.125,0.12539312702162925,0.12550544575407224,0.993709967653932,0.9942154134080043,controller
94723686,2027-12-05,0.125,0.12536153666199973,0.12546482984047214,0.9942154134080043,0.9946802432484765,controller
94723686,2027-12-12,0.125,0.12533248479697023,0.12542747768450435,0.9946802432484765,0.9951077209329808,controller
94723686,2027-12-19,0.125,0.1253057674416887,0.12539312702162925,0.9951077209329808,0.9955008479546101,controller
94723686,2027-12-26,0.10714285714285715,0.09849548271712259,0.12536153666199973,0.9955008479546101,1.0137195274737527,controller
94723686,2028-01-02,0.125,0.12414252953289046,0.12533248479697023,1.0137195274737527,1.014052012270723,controller
94723686,2028-01-09,0.125,0.12412174923307981,0.1253057674416887,1.014052012270723,1.0143577797124117,controller
94723686,2028-01-16,0.125,0.12410263876797427,0.09849548271712259,1.0143577797124117,0.9878532624295342,controller
94723686,2028-01-23,0.125,0.1257591710981541,0.12414252953289046,0.9878532624295342,0.9869957919624246,controller
94723686,2028-01-30,0.125,0.12581276300234845,0.12412174923307981,0.9869957919624246,0.9861175411955043,controller
94723686,2028-02-06,0.125,0.12586765367528097,0.12410263876797427,0.9861175411955043,0.9852201799634785,controller
94723687,2026-08-30,-0.4464285714285714,0.0,0.0,0.0,0.4464285714285714,controller
94723687,2026-09-06,-0.625,0.0,0.0,0.4464285714285714,1.0714285714285714,controller
94723687,2026-09-13,-0.625,0.0,0.0,1.0714285714285714,1.6964285714285714,controller
94723687,2026-09-20,-0.625,0.0,0.0,1.6964285714285714,2.321428571428571,controller
94723687,2026-09-27,-0.625,0.0,0.0,2.321428571428571,2.946428571428571,controller
94723687,2026-10-04,-0.625,0.0,0.0,2.946428571428571,3.571428571428571,controller
94723687,2026-10-11,-0.625,0.0,0.0,3.571428571428571,4.196428571428571,controller
94723687,2026-10-18,-0.625,0.0,0.0,4.196428571428571,4.821428571428571,controller
94723687,2026-10-25,-0.625,0.0,0.0,4.821428571428571,5.446428571428571,controller
94723687,2026-11-01,-0.625,0.0,0.0,5.446428571428571,6.071428571428571,controller
94723687,2026-11-08,-0.625,0.0,0.0,6.071428571428571,6.696428571428571,controller
94723687,2026-11-15,-0.625,0.0,0.0,6.696428571428571,7.321428571428571,controller
94723687,2026-11-22,-0.625,0.0,0.0,7.321428571428571,7.946428571428571,controller
94723687,2026-11-29,-0.625,0.0,0.0,7.946428571428571,8.571428571428571,controller
94723687,2026-12-06,-0.625,0.0,0.0,8.571428571428571,9.196428571428571,controller
94723687,2026-12-13,-0.625,0.0,0.0,9.196428571428571,9.821428571428571,controller
94723687,2026-12-20,-0.625,0.0,0.0,9.821428571428571,10.446428571428571,controller
94723687,2026-12-27,-0.625,0.0,0.0,10.446428571428571,11.071428571428571,controller
94723687,2027-01-03,-0.625,0.0,0.0,11.071428571428571,11.696428571428571,controller
94723687,2027-01-10,-0.625,0.0,0.0,11.696428571428571,12.321428571428571,controller
94723687,2027-01-17,-0.625,0.0,0.0,12.321428571428571,12.946428571428571,controller
94723687,2027-01-24,-0.625,0.0,0.0,12.946428571428571,13.571428571428571,controller
94723687,2027-01-31,-0.625,0.0,0.0,13.571428571428571,14.196428571428571,controller
94723687,2027-02-07,-0.625,0.0,0.0,14.196428571428571,14.821428571428571,controller
94723687,2027-02-14,-0.625,0.0,0.0,14.821428571428571,15.446428571428571,controller
94723687,2027-02-21,-0.625,0.0,0.0,15.446428571428571,16.07142857142857,controller
94723687,2027-02-28,-0.625,0.0,0.0,16.07142857142857,16.69642857142857,controller
94723687,2027-03-07,-0.625,0.0,0.0,16.69642857142857,17.32142857142857,controller
94723687,2027-03-14,-0.625,0.0,0.0,17.32142857142857,17.94642857142857,controller
94723687,2027-03-21,-0.625,0.0,0.0,17.94642857142857,18.57142857142857,controller
94723687,2027-03-28,-0.625,0.0,0.0,18.57142857142857,19.19642857142857,controller
94723687,2027-04-04,-0.625,0.0,0.0,19.19642857142857,19.82142857142857,controller
94723687,2027-04-11,-0.625,0.0,0.0,19.82142857142857,20.44642857142857,controller
94723687,2027-04-18,-0.625,0.0,0.0,20.44642857142857,21.07142857142857,controller
94723687,2027-04-25,-0.625,0.0,0.0,21.07142857142857,21.69642857142857,controller
94723687,2027-05-02,-0.625,0.0,0.0,21.69642857142857,22.32142857142857,controller
94723687,2027-05-09,-0.625,0.0,0.0,22.32142857142857,22.94642857142857,controller
94723687,2027-05-16,-0.625,0.0,0.0,22.94642857142857,23.57142857142857,controller
94723687,2027-05-23,-0.625,0.0,0.0,23.57142857142857,24.19642857142857,controller
94723687,2027-05-30,-0.625,0.0,0.0,24.19642857142857,24.82142857142857,controller
94723687,2027-06-06,-0.625,0.0,0.0,24.82142857142857,25.44642857142857,controller
94723687,2027-06-13,-0.625,0.0,0.0,25.44642857142857,26.07142857142857,controller
94723687,2027-06-20,-0.625,0.0,0.0,26.07142857142857,26.69642857142857,controller
94723687,2027-06-27,-0.625,0.0,0.0,26.69642857142857,27.32142857142857,controller
94723687,2027-07-04,-0.625,0.0,0.0,27.32142857142857,27.94642857142857,controller
94723687,2027-07-11,-0.625,0.0,0.0,27.94642857142857,28.57142857142857,controller
94723687,2027-07-18,-0.625,0.0,0.0,28.57142857142857,29.19642857142857,controller
94723687,2027-07-25,-0.625,0.0,0.0,29.19642857142857,29.82142857142857,controller
94723687,2027-08-01,-0.625,0.0,0.0,29.82142857142857,30.44642857142857,controller
94723687,2027-08-08,-0.625,0.0,0.0,30.44642857142857,31.07142857142857,controller
94723687,2027-08-15,-0.625,0.0,0.0,31.07142857142857,31.69642857142857,controller
94723687,2027-08-22,-0.625,0.0,0.0,31.69642857142857,32.32142857142857,controller
94723687,2027-08-29,-0.625,0.0,0.0,32.32142857142857,32.94642857142857,controller
94723687,2027-09-05,-0.625,0.0,0.0,32.94642857142857,33.57142857142857,controller
94723687,2027-09-12,-0.625,0.0,0.0,33.57142857142857,34.19642857142857,controller
94723687,2027-09-19,-0.625,0.0,0.0,34.19642857142857,34.82142857142857,controller
94723687,2027-09-26,-0.625,0.0,0.0,34.82142857142857,35.44642857142857,controller
94723687,2027-10-03,-0.625,0.0,0.0,35.44642857142857,36.07142857142857,controller
94723687,2027-10-10,-0.625,0.0,0.0,36.07142857142857,36.69642857142857,controller
94723687,2027-10-17,-0.625,0.0,0.0,36.69642857142857,37.32142857142857,controller
94723687,2027-10-24,-0.625,0.0,0.0,37.32142857142857,37.94642857142857,controller
94723687,2027-10-31,-0.625,0.0,0.0,37.94642857142857,38.57142857142857,controller
94723687,2027-11-07,-0.625,0.0,0.0,38.57142857142857,39.19642857142857,controller
94723687,2027-11-14,-0.625,0.0,0.0,39.19642857142857,39.82142857142857,controller
94723687,2027-11-21,-0.625,0.0,0.0,39.82142857142857,40.44642857142857,controller
94723687,2027-11-28,-0.625,0.0,0.0,40.44642857142857,41.07142857142857,controller
94723687,2027-12-05,-0.625,0.0,0.0,41.07142857142857,41.69642857142857,controller
94723687,2027-12-12,-0.625,0.0,0.0,41.69642857142857,42.32142857142857,controller
94723687,2027-12-19,-0.625,0.0,0.0,42.32142857142857,42.94642857142857,controller
94723687,2027-12-26,-0.5357142857142857,0.0,0.0,42.94642857142857,43.482142857142854,controller
94723687,2028-01-02,-0.625,0.0,0.0,43.482142857142854,44.107142857142854,controller
94723687,2028-01-09,-0.625,0.0,0.0,44.107142857142854,44.732142857142854,controller
94723687,2028-01-16,-0.625,0.0,0.0,44.732142857142854,45.357142857142854,controller
94723687,2028-01-23,-0.625,0.0,0.0,45.357142857142854,45.982142857142854,controller
94723687,2028-01-30,-0.625,0.0,0.0,45.982142857142854,46.607142857142854,controller
94723687,2028-02-06,-0.625,0.0,0.0,46.607142857142854,47.232142857142854,controller
94723688,2026-08-30,0.7843698058688854,0.0,0.0,25.0,24.215630194131116,controller
94723688,2026-09-06,1.0981177282164394,0.13369970519146435,0.0,24.215630194131116,23.117512465914675,controller
94723688,2026-09-13,1.0981177282164394,0.20233206320499186,0.0,23.117512465914675,22.019394737698235,controller
94723688,2026-09-20,1.0981177282164394,0.2709644212185194,0.0,22.019394737698235,20.921277009481795,controller
94723688,2026-09-27,1.0981177282164394,0.3395967792320469,0.13369970519146435,20.921277009481795,19.95685898645682,controller
94723688,2026-10-04,1.0981177282164394,0.3998729056711079,0.20233206320499186,19.95685898645682,19.06107332144537,controller
94723688,2026-10-11,1.0981177282164394,0.45585950973432343,0.2709644212185194,19.06107332144537,18.23392001444745,controller
94723688,2026-10-18,1.0981177282164394,0.5075565914216935,0.3395967792320469,18.23392001444745,17.475399065463055,controller
94723688,2026-10-25,1.0981177282164394,0.5549641507332181,0.3998729056711079,17.475399065463055,16.77715424291772,controller
94723688,2026-11-01,1.0981177282164394,0.5986044521423015,0.45585950973432343,16.77715424291772,16.134896024435605,controller
94723688,2026-11-08,1.0981177282164394,0.6387455907974338,0.5075565914216935,16.134896024435605,15.544334887640858,controller
94723688,2026-11-15,1.0981177282164394,0.6756556618471055,0.5549641507332181,15.544334887640858,15.001181310157637,controller
94723688,2026-11-22,1.0981177282164394,0.7096027604398067,0.5986044521423015,15.001181310157637,14.501668034083501,controller
94723688,2026-11-29,1.0981177282164394,0.7408223401944403,0.6387455907974338,14.501668034083501,14.042295896664495,controller
94723688,2026-12-06,1.0981177282164394,0.7695330987831281,0.6756556618471055,14.042295896664495,13.61983383029516,controller
94723688,2026-12-13,1.0981177282164394,0.7959369779312115,0.7096027604398067,13.61983383029516,13.231318862518528,controller
94723688,2026-12-20,1.0981177282164394,0.8202191634172511,0.7408223401944403,13.231318862518528,12.874023474496529,controller
94723688,2026-12-27,1.0981177282164394,0.842550125168626,0.7695330987831281,12.874023474496529,12.545438845063217,controller
94723688,2027-01-03,1.0981177282164394,0.863086664508208,0.7959369779312115,12.545438845063217,12.243258094777989,controller
94723688,2027-01-10,1.0981177282164394,0.8819729614010348,0.8202191634172511,12.243258094777989,11.965359529978802,controller
94723688,2027-01-17,1.0981177282164394,0.899341621700984,0.842550125168626,11.965359529978802,11.70979192693099,controller
94723688,2027-01-24,1.0981177282164394,0.9153145968914722,0.863086664508208,11.70979192693099,11.474760863222759,controller
94723688,2027-01-31,1.0981177282164394,0.9300040383732366,0.8819729614010348,11.474760863222759,11.258616096407355,controller
94723688,2027-02-07,1.0981177282164394,0.9435130862991994,0.899341621700984,11.258616096407355,11.059839989891898,controller
94723688,2027-02-14,1.0981177282164394,0.9559365929564154,0.9153145968914722,11.059839989891898,10.877036858566932,controller
94723688,2027-02-21,1.0981177282164394,0.9673617886642258,0.9300040383732366,10.877036858566932,10.708923168723729,controller
94723688,2027-02-28,1.0981177282164394,0.977868894279426,0.9435130862991994,10.708923168723729,10.55431852680649,controller
94723688,2027-03-07,1.0981177282164394,0.9875316843992534,0.9559365929564154,10.55431852680649,10.412137391546466,controller
94723688,2027-03-14,1.0981177282164394,0.996418005353005,0.9673617886642258,10.412137391546466,10.281381451994253,controller
94723688,2027-03-21,1.0981177282164394,1.0045902515750182,0.977868894279426,10.281381451994253,10.161132618057241,controller
94723688,2027-03-28,1.0981177282164394,1.0121058036960815,0.9875316843992534,10.161132618057241,10.050546574240055,controller
94723688,2027-04-04,1.0981177282164394,1.0190174314346556,0.996418005353005,10.050546574240055,9.948846851376622,controller
94723688,2027-04-11,1.0981177282164394,1.0253736641136202,1.0045902515750182,9.948846851376622,9.855319374735203,controller
94723688,2027-04-18,1.0981177282164394,1.031219131403709,1.0121058036960815,9.855319374735203,9.769307450214846,controller
94723688,2027-04-25,1.0981177282164394,1.0365948766862312,1.0190174314346556,9.769307450214846,9.690207153433061,controller
94723688,2027-05-02,1.0981177282164394,1.0415386452350928,1.0253736641136202,9.690207153433061,9.61746308933024,controller
94723688,2027-05-09,1.0981177282164394,1.046085149241519,1.031219131403709,9.61746308933024,9.550564492517509,controller
94723688,2027-05-16,1.0981177282164394,1.0502663115423148,1.0365948766862312,9.550564492517509,9.489041640987299,controller
94723688,2027-05-23,1.0981177282164394,1.0541114897629529,1.0415386452350928,9.489041640987299,9.432462558005952,controller
94723688,2027-05-30,1.0981177282164394,1.057647682449287,1.046085149241519,9.432462558005952,9.380429979031032,controller
94723688,2027-06-06,1.0981177282164394,1.0608997186352196,1.0502663115423148,9.380429979031032,9.332578562356908,controller
94723688,2027-06-13,1.0981177282164394,1.0638904321773524,1.0541114897629529,9.332578562356908,9.28857232390342,controller
94723688,2027-06-20,1.0981177282164394,1.0666408220806953,1.057647682449287,9.28857232390342,9.248102278136269,controller
94723688,2027-06-27,1.0981177282164394,1.0691701999411423,1.0608997186352196,9.248102278136269,9.210884268555048,controller
94723688,2027-07-04,1.0981177282164394,1.0714963255399685,1.0638904321773524,9.210884268555048,9.17665697251596,controller
94723688,2027-07-11,1.0981177282164394,1.0736355315424115,1.0666408220806953,9.17665697251596,9.145180066380217,controller
94723688,2027-07-18,1.0981177282164394,1.0756028381758955,1.0691701999411423,9.145180066380217,9.11623253810492,controller
94723688,2027-07-25,1.0981177282164394,1.0774120586931015,1.0714963255399685,9.11623253810492,9.089611135428449,controller
94723688,2027-08-01,1.0981177282164394,1.079075896360381,1.0736355315424115,9.089611135428449,9.06512893875442,controller
94723688,2027-08-08,1.0981177282164394,1.0806060336525078,1.0756028381758955,9.06512893875442,9.042614048713876,controller
94723688,2027-08-15,1.0981177282164394,1.0820132142800418,1.0774120586931015,9.042614048713876,9.021908379190538,controller
94723688,2027-08-22,1.0981177282164394,1.0833073186252504,1.079075896360381,9.021908379190538,9.00286654733448,controller
94723688,2027-08-29,1.0981177282164394,1.084497433116254,1.0806060336525078,9.00286654733448,8.985354852770548,controller
94723688,2027-09-05,1.0981177282164394,1.0855919140264998,1.0820132142800418,8.985354852770548,8.96925033883415,controller
94723688,2027-09-12,1.0981177282164394,1.0865984461475247,1.0833073186252504,8.96925033883415,8.954439929242962,controller
94723688,2027-09-19,1.0981177282164394,1.087524096746974,1.084497433116254,8.954439929242962,8.940819634142777,controller
94723688,2027-09-26,1.0981177282164394,1.0883753651907355,1.0855919140264998,8.940819634142777,8.928293819952838,controller
94723688,2027-10-03,1.0981177282164394,1.0891582285776067,1.0865984461475247,8.928293819952838,8.916774537883924,controller
94723688,2027-10-10,1.0981177282164394,1.0898781837069138,1.087524096746974,8.916774537883924,8.906180906414459,controller
94723688,2027-10-17,1.0981177282164394,1.0905402856737554,1.0883753651907355,8.906180906414459,8.896438543388754,controller
94723688,2027-10-24,1.0981177282164394,1.091149183362862,1.0891582285776067,8.896438543388754,8.88747904374992,controller
94723688,2027-10-31,1.0981177282164394,1.091709152090289,1.0898781837069138,8.88747904374992,8.879239499240395,controller
94723688,2027-11-07,1.0981177282164394,1.0922241236221344,1.0905402856737554,8.879239499240395,8.871662056697712,controller
94723688,2027-11-14,1.0981177282164394,1.092697713781052,1.091149183362862,8.871662056697712,8.864693511844134,controller
94723688,2027-11-21,1.0981177282164394,1.0931332478344007,1.091709152090289,8.864693511844134,8.858284935717982,controller
94723688,2027-11-28,1.0981177282164394,1.0935337838422852,1.0922241236221344,8.858284935717982,8.852391331123677,controller
94723688,2027-12-05,1.0981177282164394,1.0939021341294293,1.092697713781052,8.852391331123677,8.84697131668829,controller
94723688,2027-12-12,1.0981177282164394,1.094240885031641,1.0931332478344007,8.84697131668829,8.841986836306251,controller
94723688,2027-12-19,1.0981177282164394,1.0945524150555184,1.0935337838422852,8.841986836306251,8.837402891932097,controller
94723688,2027-12-26,0.9412437670426622,0.8595279698182372,1.0939021341294293,8.837402891932097,8.990061259018864,controller
94723688,2028-01-02,1.875,2.250621171311321,1.094240885031641,8.990061259018864,8.209302144050504,controller
94723688,2028-01-09,1.875,2.2994186159968435,1.0945524150555184,8.209302144050504,7.428854559106023,controller
94723688,2028-01-16,1.875,2.3481965900558737,0.8595279698182372,7.428854559106023,6.413382528924259,controller
94723688,2028-01-23,1.875,2.411663591942234,2.250621171311321,6.413382528924259,6.789003700235581,controller
94723688,2028-01-30,1.875,2.388187268735276,2.2994186159968435,6.789003700235581,7.213422316232425,controller
94723688,2028-02-06,1.875,2.3616611052354735,2.3481965900558737,7.213422316232425,7.686618906288299,controller
94723689,2026-08-30,0.5357142857142858,0.053571428571428714,0.0,12.0,11.464285714285714,controller
94723689,2026-09-06,0.75,0.4084821428571429,0.0,11.464285714285714,10.714285714285714,controller
94723689,2026-09-13,0.75,0.4553571428571429,0.0,10.714285714285714,9.964285714285714,controller
94723689,2026-09-20,0.75,0.5022321428571429,0.053571428571428714,9.964285714285714,9.267857142857142,controller
94723689,2026-09-27,0.75,0.5457589285714286,0.4084821428571429,9.267857142857142,8.926339285714285,controller
94723689,2026-10-04,0.75,0.5671037946428572,0.4553571428571429,8.926339285714285,8.631696428571427,controller
94723689,2026-10-11,0.75,0.5855189732142858,0.5022321428571429,8.631696428571427,8.38392857142857,controller
94723689,2026-10-18,0.75,0.6010044642857144,0.5457589285714286,8.38392857142857,8.179687499999998,controller
94723689,2026-10-25,0.75,0.6137695312500001,0.5671037946428572,8.179687499999998,7.996791294642856,controller
94723689,2026-11-01,0.75,0.6252005440848215,0.5855189732142858,7.996791294642856,7.832310267857142,controller
94723689,2026-11-08,0.75,0.6354806082589286,0.6010044642857144,7.832310267857142,7.683314732142858,controller
94723689,2026-11-15,0.75,0.6447928292410714,0.6137695312500001,7.683314732142858,7.547084263392858,controller
94723689,2026-11-22,0.75,0.6533072335379464,0.6252005440848215,7.547084263392858,7.422284807477679,controller
94723689,2026-11-29,0.75,0.6611071995326451,0.6354806082589286,7.422284807477679,7.307765415736608,controller
94723689,2026-12-06,0.75,0.668264661516462,0.6447928292410714,7.307765415736608,7.202558244977679,controller
94723689,2026-12-13,0.75,0.6748401096888951,0.6533072335379464,7.202558244977679,7.105865478515625,controller
94723689,2026-12-20,0.75,0.6808834075927734,0.6611071995326451,7.105865478515625,7.01697267804827,controller
94723689,2026-12-27,0.75,0.6864392076219832,0.668264661516462,7.01697267804827,6.935237339564732,controller
94723689,2027-01-03,0.75,0.6915476662772042,0.6748401096888951,6.935237339564732,6.860077449253627,controller
94723689,2027-01-10,0.75,0.6962451594216483,0.6808834075927734,6.860077449253627,6.7909608568464,controller
94723689,2027-01-17,0.75,0.7005649464471,0.6864392076219832,6.7909608568464,6.727400064468384,controller
94723689,2027-01-24,0.75,0.704537495970726,0.6915476662772042,6.727400064468384,6.668947730745588,controller
94723689,2027-01-31,0.75,0.7081907668284008,0.6962451594216483,6.668947730745588,6.615192890167236,controller
94723689,2027-02-07,0.75,0.7115504443645477,0.7005649464471,6.615192890167236,6.5657578366143365,controller
94723689,2027-02-14,0.75,0.714640135211604,0.704537495970726,6.5657578366143365,6.5202953325850626,controller
94723689,2027-02-21,0.75,0.7174815417134336,0.7081907668284008,6.5202953325850626,6.478486099413463,controller
94723689,2027-02-28,0.75,0.7200946187866586,0.7115504443645477,6.478486099413463,6.440036543778011,controller
94723689,2027-03-07,0.75,0.7224977160138744,0.714640135211604,6.440036543778011,6.404676678989615,controller
94723689,2027-03-14,0.75,0.7247077075631491,0.7174815417134336,6.404676678989615,6.3721582207030485,controller
94723689,2027-03-21,0.75,0.7267401112060594,0.7200946187866586,6.3721582207030485,6.342252839489707,controller
94723689,2027-03-28,0.75,0.7286091975318933,0.7224977160138744,6.342252839489707,6.314750555503582,controller
94723689,2027-04-04,0.75,0.7303280902810261,0.7247077075631491,6.314750555503582,6.289458263066731,controller
94723689,2027-04-11,0.75,0.7319088585583293,0.7267401112060594,6.289458263066731,6.26619837427279,controller
94723689,2027-04-18,0.75,0.7333626016079506,0.7286091975318933,6.26619837427279,6.244807571804683,controller
94723689,2027-04-25,0.75,0.7346995267622073,0.7303280902810261,6.244807571804683,6.22513566208571,controller
94723689,2027-05-02,0.75,0.7359290211196432,0.7319088585583293,6.22513566208571,6.207044520644039,controller
94723689,2027-05-09,0.75,0.7370597174597475,0.7333626016079506,6.207044520644039,6.190407122251989,controller
94723689,2027-05-16,0.75,0.7380995548592506,0.7346995267622073,6.190407122251989,6.175106649014197,controller
94723689,2027-05-23,0.75,0.7390558344366127,0.7359290211196432,6.175106649014197,6.16103567013384,controller
94723689,2027-05-30,0.7500000000000001,0.7399352706166351,0.7370597174597475,6.16103567013384,6.148095387593587,controller
94723689,2027-06-06,0.75,0.7407440382754008,0.7380995548592506,6.148095387593587,6.136194942452837,controller
94723689,2027-06-13,0.75,0.7414878160966977,0.7390558344366127,6.136194942452837,6.12525077688945,controller
94723689,2027-06-20,0.75,0.7421718264444094,0.7399352706166351,6.12525077688945,6.115186047506085,controller
94723689,2027-06-27,0.75,0.7428008720308696,0.7407440382754008,6.115186047506085,6.105930085781486,controller
94723689,2027-07-04,0.75,0.7433793696386571,0.7414878160966977,6.105930085781486,6.097417901878184,controller
94723689,2027-07-11,0.75,0.7439113811326135,0.7421718264444094,6.097417901878184,6.0895897283225935,controller
94723689,2027-07-18,0.75,0.7444006419798379,0.7428008720308696,6.0895897283225935,6.082390600353463,controller
94723689,2027-07-25,0.75,0.7448505874779086,0.7433793696386571,6.082390600353463,6.075769969992121,controller
94723689,2027-08-01,0.75,0.7452643768754925,0.7439113811326135,6.075769969992121,6.069681351124734,controller
94723689,2027-08-08,0.75,0.7456449155547041,0.7444006419798379,6.069681351124734,6.064081993104572,controller
94723689,2027-08-15,0.75,0.7459948754309642,0.7448505874779086,6.064081993104572,6.05893258058248,controller
94723689,2027-08-22,0.75,0.746316713713595,0.7452643768754925,6.05893258058248,6.054196957457973,controller
94723689,2027-08-29,0.75,0.7466126901588768,0.7456449155547041,6.054196957457973,6.049841873012677,controller
94723689,2027-09-05,0.75,0.7468848829367076,0.7459948754309642,6.049841873012677,6.045836748443641,controller
94723689,2027-09-12,0.75,0.7471352032222724,0.746316713713595,6.045836748443641,6.042153462157236,controller
94723689,2027-09-19,0.75,0.7473654086151728,0.7466126901588768,6.042153462157236,6.0387661523161125,controller
94723689,2027-09-26,0.7500000000000001,0.7475771154802431,0.7468848829367076,6.0387661523161125,6.03565103525282,controller
94723689,2027-10-03,0.75,0.7477718102966988,0.7471352032222724,6.03565103525282,6.032786238475092,controller
94723689,2027-10-10,0.75,0.7479508600953068,0.7473654086151728,6.032786238475092,6.030151647090265,controller
94723689,2027-10-17,0.75,0.7481155220568585,0.7475771154802431,6.030151647090265,6.027728762570508,controller
94723689,2027-10-24,0.75,0.7482669523393433,0.7477718102966988,6.027728762570508,6.025500572867207,controller
94723689,2027-10-31,0.75,0.7484062141957996,0.7479508600953068,6.025500572867207,6.0234514329625135,controller
94723689,2027-11-07,0.75,0.7485342854398429,0.7481155220568585,6.0234514329625135,6.021566955019372,controller
94723689,2027-11-14,0.75,0.7486520653112892,0.7482669523393433,6.021566955019372,6.0198339073587155,controller
94723689,2027-11-21,0.75,0.7487603807900802,0.7484062141957996,6.0198339073587155,6.018240121554515,controller
94723689,2027-11-28,0.75,0.7488599924028427,0.7485342854398429,6.018240121554515,6.016774406994358,controller
94723689,2027-12-05,0.75,0.7489515995628526,0.7486520653112892,6.016774406994358,6.015426472305648,controller
94723689,2027-12-12,0.75,0.749035845480897,0.7487603807900802,6.015426472305648,6.014186853095728,controller
94723689,2027-12-19,0.75,0.749113321681517,0.7488599924028427,6.014186853095728,6.013046845498571,controller
94723689,2027-12-26,0.6428571428571429,0.5884702864420537,0.7489515995628526,6.013046845498571,6.11914130220428,controller
94723689,2028-01-02,0.75,0.7425536686122325,0.749035845480897,6.11914130220428,6.118177147685177,controller
94723689,2028-01-09,0.75,0.7426139282696764,0.749113321681517,6.118177147685177,6.1172904693666945,controller
94723689,2028-01-16,0.75,0.7426693456645816,0.5884702864420537,6.1172904693666945,5.955760755808749,controller
94723689,2028-01-23,0.75,0.7527649527619532,0.7425536686122325,5.955760755808749,5.948314424420981,controller
94723689,2028-01-30,0.75,0.7532303484736886,0.7426139282696764,5.948314424420981,5.9409283526906576,controller
94723689,2028-02-06,0.75,0.7536919779568338,0.7426693456645816,5.9409283526906576,5.933597698355239,controller
94799734,2026-08-30,475.1571504354115,20.0,380.0,13479.0,13383.84284956459,plan
94799734,2026-09-06,665.220010609576,56.0,176.0,13383.84284956459,12894.622838955014,plan
94799734,2026-09-13,665.220010609576,132.0,80.0,12894.622838955014,12309.402828345439,plan
94799734,2026-09-20,665.220010609576,244.0,20.0,12309.402828345439,11664.182817735864,plan
94799734,2026-09-27,676.4104166552357,260.0,56.0,11664.182817735864,11043.772401080629,plan
94799734,2026-10-04,691.3309580494487,280.0,132.0,11043.772401080629,10484.44144303118,plan
94799734,2026-10-11,691.3309580494487,276.0,244.0,10484.44144303118,10037.110484981733,plan
94799734,2026-10-18,691.3309580494487,288.0,260.0,10037.110484981733,9605.779526932285,plan
94799734,2026-10-25,691.3309580494487,296.0,280.0,9605.779526932285,9194.448568882837,plan
94799734,2026-11-01,720.0532590826848,505.4268530688499,276.0,9194.448568882837,8750.395309800153,controller
94799734,2026-11-08,720.0532590826848,533.1801817615176,288.0,8750.395309800153,8318.342050717469,controller
94799734,2026-11-15,720.0532590826848,560.1835104541854,296.0,8318.342050717469,7894.288791634784,controller
94799734,2026-11-22,720.0532590826848,586.6868391468532,505.4268530688499,7894.288791634784,7679.662385620949,controller
94799734,2026-11-29,742.6210486374149,633.952673854813,533.1801817615176,7679.662385620949,7470.221518745051,controller
94799734,2026-12-06,751.6481644593068,660.5834017673945,560.1835104541854,7470.221518745051,7278.756864739929,controller
94799734,2026-12-13,751.6481644593068,672.5499426427147,586.6868391468532,7278.756864739929,7113.795539427476,controller
94799734,2026-12-20,751.6481644593068,682.860025474743,633.952673854813,7113.795539427476,6996.100048822982,controller
94799734,2026-12-27,761.5778225643123,705.1104807950321,660.5834017673945,6996.100048822982,6895.105628026064,controller
94799734,2027-01-03,786.401967826826,748.65884998861,672.5499426427147,6895.105628026064,6781.253602841953,controller
94799734,2027-01-10,786.401967826826,755.7746015626169,682.860025474743,6781.253602841953,6677.71166048987,controller
94799734,2027-01-17,786.401967826826,762.2459729596221,705.1104807950321,6677.71166048987,6596.4201734580765,controller
94799734,2027-01-24,786.401967826826,767.3266908991092,748.65884998861,6596.4201734580765,6558.677055619861,controller
94799734,2027-01-31,819.1702462730034,818.8380534332638,755.7746015626169,6558.677055619861,6495.281410909474,controller
94799734,2027-02-07,824.6316260140329,830.9923508392072,762.2459729596221,6495.281410909474,6432.8957578550635,controller
94799734,2027-02-14,824.6316260140329,834.8914541551079,767.3266908991092,6432.8957578550635,6375.59082274014,controller
94799734,2027-02-21,824.6316260140329,838.4730125997906,818.8380534332638,6375.59082274014,6369.79725015937,controller
94799734,2027-02-28,1058.3289546459278,1189.3811038339309,830.9923508392072,6369.79725015937,6142.460646352651,controller
94799734,2027-03-07,1097.2785094179105,1262.013973729825,834.8914541551079,6142.460646352651,5880.0735910898475,controller
94799734,2027-03-14,1097.2785094179105,1278.4131646837504,838.4730125997906,5880.0735910898475,5621.268094271727,controller
94799734,2027-03-21,1097.2785094179105,1294.5885082348827,1189.3811038339309,5621.268094271727,5713.370688687747,controller
94799734,2027-03-28,1126.9858593022382,1333.393120910373,1262.013973729825,5713.370688687747,5848.398803115334,controller
94799734,2027-04-04,1166.5956591480085,1384.3685635273043,1278.4131646837504,5848.398803115334,5960.216308651075,controller
94799734,2027-04-11,1166.5956591480085,1377.3799694313207,1294.5885082348827,5960.216308651075,6088.209157737951,controller
94799734,2027-04-18,1166.5956591480085,1369.3804163633909,1333.393120910373,6088.209157737951,6255.006619500315,controller
94799734,2027-04-25,1177.488392866173,1375.2946755804896,1384.3685635273043,6255.006619500315,6461.886790161446,controller
94799734,2027-05-02,1242.844795175161,1460.399268377651,1377.3799694313207,6461.886790161446,6596.421964417606,controller
94799734,2027-05-09,1242.844795175161,1451.9908199866409,1369.3804163633909,6596.421964417606,6722.957585605836,controller
94799734,2027-05-16,1242.844795175161,1444.0823436623766,1375.2946755804896,6722.957585605836,6855.4074660111655,controller
94799734,2027-05-23,1242.844795175161,1435.8042261370435,1460.399268377651,6855.4074660111655,7072.961939213656,controller
94799734,2027-05-30,1302.7540799173232,1512.0709986751312,1451.9908199866409,7072.961939213656,7222.198679282973,controller
94799734,2027-06-06,1326.7177938141879,1538.689273266096,1444.0823436623766,7222.198679282973,7339.563229131162,controller
94799734,2027-06-13,1326.7177938141879,1531.3539889005842,1435.8042261370435,7339.563229131162,7448.649661454018,controller
94799734,2027-06-20,1326.7177938141879,1524.5360868804057,1512.0709986751312,7448.649661454018,7634.0028663149615,controller
94799734,2027-06-27,1366.25831469608,1572.2622928994351,1538.689273266096,7634.0028663149615,7806.433824884976,controller
94799734,2027-07-04,1418.97900920527,1640.566399752594,1531.3539889005842,7806.433824884976,7918.808804580291,controller
94799734,2027-07-11,1418.97900920527,1633.5429635216367,1524.5360868804057,7918.808804580291,8024.365882255426,controller
94799734,2027-07-18,1418.97900920527,1626.9456461669406,1572.2622928994351,8024.365882255426,8177.649165949591,controller
94799734,2027-07-25,1418.97900920527,1617.3654409360554,1640.566399752594,8177.649165949591,8399.236556496915,controller
94799734,2027-08-01,1491.7425044806346,1712.6614719398947,1633.5429635216367,8399.236556496915,8541.037015537917,controller
94799734,2027-08-08,1491.7425044806346,1703.798943249832,1626.9456461669406,8541.037015537917,8676.240157224222,controller
94799734,2027-08-15,1491.7425044806346,1695.3487468944381,1617.3654409360554,8676.240157224222,8801.863093679642,controller
94799734,2027-08-22,1491.7425044806346,1687.4973133659742,1712.6614719398947,8801.863093679642,9022.782061138902,controller
94799734,2027-08-29,1491.7425044806346,1673.6898778997706,1703.798943249832,9022.782061138902,9234.838499908099,controller
94799734,2027-09-05,1491.7425044806344,1660.4363504766952,1695.3487468944381,9234.838499908099,9438.444742321903,controller
94799734,2027-09-12,1491.7425044806344,1647.7109603258327,1687.4973133659742,9438.444742321903,9634.19955120724,controller
94799734,2027-09-19,1491.7425044806344,1635.476284770499,1673.6898778997706,9634.19955120724,9816.146924626377,controller
94799734,2027-09-26,1491.7425044806346,1624.1045739318033,1660.4363504766952,9816.146924626377,9984.840770622437,controller
94799734,2027-10-03,1491.7425044806346,1613.5612085570497,1647.7109603258327,9984.840770622437,10140.809226467634,controller
94799734,2027-10-10,1491.7425044806346,1603.8131800667247,1635.476284770499,10140.809226467634,10284.543006757498,controller
94799734,2027-10-17,1491.7425044806346,1594.8298187986084,1624.1045739318033,10284.543006757498,10416.905076208666,controller
94799734,2027-10-24,1491.7425044806346,1586.5571894579102,1613.5612085570497,10416.905076208666,10538.723780285081,controller
94799734,2027-10-31,1491.7425044806344,1578.943520453134,1603.8131800667247,10538.723780285081,10650.794455871172,controller
94799734,2027-11-07,1491.7425044806344,1571.9391032290032,1594.8298187986084,10650.794455871172,10753.881770189144,controller
94799734,2027-11-14,1491.7425044806344,1565.49614608413,1586.5571894579102,10753.881770189144,10848.696455166419,controller
94799734,2027-11-21,1491.7425044806344,1559.5702282730504,1578.943520453134,10848.696455166419,10935.897471138918,controller
94799734,2027-11-28,1491.7425044806344,1554.1201647747691,1571.9391032290032,10935.897471138918,11016.094069887286,controller
94799734,2027-12-05,1491.7425044806346,1549.1078773529966,1565.49614608413,11016.094069887286,11089.84771149078,controller
94799734,2027-12-12,1491.7425044806346,1544.4982747527781,1559.5702282730504,11089.84771149078,11157.675435283196,controller
94799734,2027-12-19,1491.7425044806346,1540.2590420157521,1554.1201647747691,11157.675435283196,11220.05309557733,controller
94799734,2027-12-26,1278.6364324119725,1216.7013301443756,1549.1078773529966,11220.05309557733,11490.524540518354,controller
94799734,2028-01-02,690.0,316.84221621760287,1544.4982747527781,11490.524540518354,12345.022815271132,controller
94799734,2028-01-09,690.0,263.4360740455543,1540.2590420157521,12345.022815271132,13195.281857286884,controller
94799734,2028-01-16,690.0,210.29488391956977,1216.7013301443756,13195.281857286884,13721.983187431259,controller
94799734,2028-01-23,690.0,177.37605078554634,316.84221621760287,13721.983187431259,13348.825403648862,controller
94799734,2028-01-30,690.0,200.69841227194615,263.4360740455543,13348.825403648862,12922.261477694416,controller
94799734,2028-02-06,690.0,227.35865764409903,210.29488391956977,12922.261477694416,12442.556361613986,controller
94799736,2026-08-30,265.40168185943986,0.0,0.0,8766.0,8500.59831814056,controller
94799736,2026-09-06,371.5623546032158,26.056137021038637,0.0,8500.59831814056,8129.035963537345,controller
94799736,2026-09-13,371.5623546032158,49.27878418373962,0.0,8129.035963537345,7757.4736089341295,controller
94799736,2026-09-20,371.5623546032158,72.5014313464406,0.0,7757.4736089341295,7385.911254330914,controller
94799736,2026-09-27,371.56230114034975,95.7239983148425,26.056137021038637,7385.911254330914,7040.405090211603,controller
94799736,2026-10-04,371.5622298565284,117.3180266465674,49.27878418373962,7040.405090211603,6718.1216445388145,controller
94799736,2026-10-11,371.5622298565284,137.4607420011167,72.5014313464406,6718.1216445388145,6419.060846028727,controller
94799736,2026-10-18,371.5622298565284,156.1520419079972,95.7239983148425,6419.060846028727,6143.222614487041,controller
94799736,2026-10-25,371.5622298565284,173.39193137935254,117.3180266465674,6143.222614487041,5888.978411277079,controller
94799736,2026-11-01,371.5623546032158,189.28238120000623,137.4607420011167,5888.978411277079,5654.876798674981,controller
94799736,2026-11-08,371.5623546032158,203.9137319876374,156.1520419079972,5654.876798674981,5439.466485979762,controller
94799736,2026-11-15,371.5623546032158,217.37687653108856,173.39193137935254,5439.466485979762,5241.296062755899,controller
94799736,2026-11-22,371.5623546032158,229.76252798258002,189.28238120000623,5241.296062755899,5059.016089352689,controller
94799736,2026-11-29,371.56226549843905,241.1548926631155,203.9137319876374,5059.016089352689,4891.367555841887,controller
94799736,2026-12-06,371.5622298565284,251.63287254467465,217.37687653108856,4891.367555841887,4737.182202516447,controller
94799736,2026-12-13,371.5622298565284,261.26945712751467,229.76252798258002,4737.182202516447,4595.382500642499,controller
94799736,2026-12-20,371.5622298565284,270.1319384946364,241.1548926631155,4595.382500642499,4464.975163449086,controller
94799736,2026-12-27,371.56222985652835,278.28239706922466,251.63287254467465,4464.975163449086,4345.045806137232,controller
94799736,2027-01-03,371.5622298565284,285.77798190121564,261.26945712751467,4345.045806137232,4234.7530334082185,controller
94799736,2027-01-10,371.5622298565284,292.671280196779,270.1319384946364,4234.7530334082185,4133.322742046326,controller
94799736,2027-01-17,371.5622298565284,299.01067340689724,278.28239706922466,4133.322742046326,4040.042909259022,controller
94799736,2027-01-24,371.5622298565284,304.84066295610376,285.77798190121564,4040.042909259022,3954.2586613037092,controller
94799736,2027-01-31,371.5625735463814,310.20269398809023,292.671280196779,3954.2586613037092,3875.3673679541066,controller
94799736,2027-02-07,371.5626308280235,315.13348574490357,299.01067340689724,3875.3673679541066,3802.8154105329804,controller
94799736,2027-02-14,371.5626308280235,319.6679830837239,304.84066295610376,3802.8154105329804,3736.093442661061,controller
94799736,2027-02-21,371.5626308280235,323.8381060757189,310.20269398809023,3736.093442661061,3674.733505821128,controller
94799736,2027-02-28,371.5622871381705,327.6725865934353,315.13348574490357,3674.733505821128,3618.304704427861,controller
94799736,2027-03-07,371.5622298565284,331.1993007580513,319.6679830837239,3618.304704427861,3566.4104576550562,controller
94799736,2027-03-14,371.5622298565284,334.4426911813516,323.8381060757189,3566.4104576550562,3518.6863338742464,controller
94799736,2027-03-21,371.5622298565284,337.4254489176522,327.6725865934353,3518.6863338742464,3474.7966906111533,controller
94799736,2027-03-28,371.5622833193944,340.1686318158945,331.1993007580513,3474.7966906111533,3434.4337080498103,controller
94799736,2027-04-04,371.5623546032158,342.6914251517105,334.4426911813516,3434.4337080498103,3397.3140446279463,controller
94799736,2027-04-11,371.5623546032158,345.0114041155771,337.4254489176522,3397.3140446279463,3363.177138942383,controller
94799736,2027-04-18,371.5623546032158,347.14496072092476,340.1686318158945,3363.177138942383,3331.783416155062,controller
94799736,2027-04-25,371.56233678226045,349.1070416636993,342.6914251517105,3331.783416155062,3302.912504524512,controller
94799736,2027-05-02,371.5622298565284,350.9113132520106,345.0114041155771,3302.912504524512,3276.3616787835604,controller
94799736,2027-05-09,371.5622298565284,352.5707398608201,347.14496072092476,3276.3616787835604,3251.9444096479565,controller
94799736,2027-05-16,371.5622298565284,354.09681918179535,349.1070416636993,3251.9444096479565,3229.4892214551273,controller
94799736,2027-05-23,371.5622298565284,355.5002684438472,350.9113132520106,3229.4892214551273,3208.8383048506093,controller
94799736,2027-05-30,371.5623189613051,356.79108438879456,352.5707398608201,3208.8383048506093,3189.8467257501243,controller
94799736,2027-06-06,371.5623546032158,357.9781115454409,354.09681918179535,3189.8467257501243,3172.381190328704,controller
94799736,2027-06-13,371.5623546032158,359.0697075092797,355.5002684438472,3172.381190328704,3156.319104169336,controller
94799736,2027-06-20,371.5623546032158,360.0735878942402,356.79108438879456,3156.319104169336,3141.5478339549145,controller
94799736,2027-06-27,371.56230114034975,360.99671208834246,357.9781115454409,3141.5478339549145,3127.9636443600057,controller
94799736,2027-07-04,371.5622298565284,361.8456170122922,359.0697075092797,3127.9636443600057,3115.471122012757,controller
94799736,2027-07-11,371.5622298565284,362.6263996589953,360.0735878942402,3115.471122012757,3103.9824800504684,controller
94799736,2027-07-18,371.5622298565284,363.34443978163836,360.99671208834246,3103.9824800504684,3093.4169622822824,controller
94799736,2027-07-25,371.5622298565284,364.00478464214996,361.8456170122922,3093.4169622822824,3083.700349438046,controller
94799736,2027-08-01,371.5622298565284,364.61207294491476,362.6263996589953,3083.700349438046,3074.7645192405125,controller
94799736,2027-08-08,371.5622298565284,365.1705623322606,363.34443978163836,3074.7645192405125,3066.5467291656223,controller
94799736,2027-08-15,371.5622298565284,365.68417421194124,364.00478464214996,3066.5467291656223,3058.9892839512436,controller
94799736,2027-08-22,371.5622298565284,366.1565145378399,364.61207294491476,3058.9892839512436,3052.03912703963,controller
94799736,2027-08-29,371.56230114034975,366.5910062705477,365.1705623322606,3052.03912703963,3045.6473882315404,controller
94799736,2027-09-05,371.5623546032158,366.9905701403524,365.68417421194124,3045.6473882315404,3039.769207840266,controller
94799736,2027-09-12,371.5623546032158,367.35795641480706,366.1565145378399,3039.769207840266,3034.3633677748903,controller
94799736,2027-09-19,371.5623546032158,367.69582141889305,366.5910062705477,3034.3633677748903,3029.3920194422226,controller
94799736,2027-09-26,371.5623189613051,368.00647722681873,366.9905701403524,3029.3920194422226,3024.8202706212696,controller
94799736,2027-10-03,371.5622298565284,368.2920778709632,367.35795641480706,3024.8202706212696,3020.6159971795482,controller
94799736,2027-10-10,371.5622298565284,368.55484496107084,367.69582141889305,3020.6159971795482,3016.7495887419127,controller
94799736,2027-10-17,371.5622298565284,368.79649548842303,368.00647722681873,3016.7495887419127,3013.193836112203,controller
94799736,2027-10-24,371.5622298565284,369.01873002777995,368.2920778709632,3013.193836112203,3009.9236841266375,controller
94799736,2027-10-31,371.56233678226045,369.2232749154758,368.55484496107084,3009.9236841266375,3006.916192305448,controller
94799736,2027-11-07,371.5623546032158,369.4112698857332,368.79649548842303,3006.916192305448,3004.150333190655,controller
94799736,2027-11-14,371.5623546032158,369.58413608040775,369.01873002777995,3004.150333190655,3001.6067086152193,controller
94799736,2027-11-21,371.5623546032158,369.7431126163725,369.2232749154758,3001.6067086152193,2999.2676289274796,controller
94799736,2027-11-28,371.5622833193944,369.8891981711241,369.4112698857332,2999.2676289274796,2997.1166154938187,controller
94799736,2027-12-05,371.5622298565284,370.02355631642894,369.58413608040775,2997.1166154938187,2995.138521717698,controller
94799736,2027-12-12,371.5622298565284,370.1471871774365,369.7431126163725,2995.138521717698,2993.319404477542,controller
94799736,2027-12-19,371.5622298565284,370.2608820049462,369.8891981711241,2993.319404477542,2991.6463727921373,controller
94799736,2027-12-26,318.48191130559576,290.74496865888506,370.02355631642894,2991.6463727921373,3043.1880178029705,controller
94799736,2028-01-02,629.125,753.4882488873143,370.1471871774365,3043.1880178029705,2784.210204980407,controller
94799736,2028-01-09,629.125,769.6743621887246,370.2608820049462,2784.210204980407,2525.3460869853534,controller
94799736,2028-01-16,629.125,785.8533695634154,290.74496865888506,2525.3460869853534,2186.9660556442386,controller
94799736,2028-01-23,629.125,807.002121522235,753.4882488873143,2186.9660556442386,2311.329304531553,controller
94799736,2028-01-30,629.125,799.2294184667779,769.6743621887246,2311.329304531553,2451.8786667202776,controller
94799736,2028-02-06,629.125,790.4450833299827,785.8533695634154,2451.8786667202776,2608.607036283693,controller
94799737,2026-08-30,1917.2981343959655,48.0,2076.0,32883.0,33041.70186560403,plan
94799737,2026-09-06,2684.2173881543517,96.0,768.0,33041.70186560403,31125.484477449678,plan
94799737,2026-09-13,2684.2173881543517,336.0,396.0,31125.484477449678,28837.267089295325,plan
94799737,2026-09-20,2684.2173881543517,636.0,48.0,28837.267089295325,26201.04970114097,plan
94799737,2026-09-27,2716.124574586607,816.0,96.0,26201.04970114097,23580.925126554364,plan
94799737,2026-10-04,2758.667489829615,888.0,336.0,23580.925126554364,21158.25763672475,plan
94799737,2026-10-11,2758.667489829615,1104.0,636.0,21158.25763672475,19035.590146895134,plan
94799737,2026-10-18,2758.667489829615,1200.0,816.0,19035.590146895134,17092.92265706552,plan
94799737,2026-10-25,2758.667489829615,1212.0,888.0,17092.92265706552,15222.255167235904,plan
94799737,2026-11-01,2840.5622866870185,3309.4524820782835,1104.0,15222.255167235904,13485.692880548886,controller
94799737,2026-11-08,2840.5622866870185,3417.9876249962226,1200.0,13485.692880548886,11845.130593861868,controller
94799737,2026-11-15,2840.5622866870185,3520.522767914161,1212.0,11845.130593861868,10216.56830717485,controller
94799737,2026-11-22,2840.5622866870185,3622.3079108321,3309.4524820782835,10216.56830717485,10685.458502566114,controller
94799737,2026-11-29,2904.9082987464244,3689.5212917092545,3417.9876249962226,10685.458502566114,11198.537828815912,controller
94799737,2026-12-06,2930.6467035701858,3696.061441054284,3520.522767914161,11198.537828815912,11788.413893159886,controller
94799737,2026-12-13,2930.6467035701858,3659.1941870327855,3622.3079108321,11788.413893159886,12480.0751004218,controller
94799737,2026-12-20,2930.6467035701858,3615.965361578916,3689.5212917092545,12480.0751004218,13238.949688560868,controller
94799737,2026-12-27,2958.9590335258627,3611.0041947537397,3696.061441054284,13238.949688560868,13976.05209608929,controller
94799737,2027-01-03,3029.739858415053,3671.106531616999,3659.1941870327855,13976.05209608929,14605.506424707024,controller
94799737,2027-01-10,3029.739858415053,3631.7656360783903,3615.965361578916,14605.506424707024,15191.731927870887,controller
94799737,2027-01-17,3029.739858415053,3595.126542130649,3611.0041947537397,15191.731927870887,15772.996264209576,controller
94799737,2027-01-24,3029.739858415053,3558.797521109481,3671.106531616999,15772.996264209576,16414.362937411523,controller
94799737,2027-01-31,3123.1709711529365,3658.8587731411844,3631.7656360783903,16414.362937411523,16922.957602336977,controller
94799737,2027-02-07,3138.742823275917,3650.4293847678146,3595.126542130649,16922.957602336977,17379.34132119171,controller
94799737,2027-02-14,3138.742823275917,3621.9054023393937,3558.797521109481,17379.34132119171,17799.396019025276,controller
94799737,2027-02-21,3138.742823275917,3595.651983724796,3658.8587731411844,17799.396019025276,18319.511968890543,controller
94799737,2027-02-28,3995.1907280596006,4847.816594033742,3650.4293847678146,18319.511968890543,17974.75062559876,controller
94799737,2027-03-07,4137.9320455235475,5083.476154185399,3621.9054023393937,17974.75062559876,17458.72398241461,controller
94799737,2027-03-14,4137.9320455235475,5115.727819384409,3595.651983724796,17458.72398241461,16916.44392061586,controller
94799737,2027-03-21,4137.9320455235475,5149.62032324683,4847.816594033742,16916.44392061586,17626.328469126056,controller
94799737,2027-03-28,4232.141621506538,5246.5669029394285,5083.476154185399,17626.328469126056,18477.663001804918,controller
94799737,2027-04-04,4357.754389483859,5381.777646612982,5115.727819384409,18477.663001804918,19235.63643170547,controller
94799737,2027-04-11,4357.754389483859,5334.404307244196,5149.62032324683,19235.63643170547,20027.502365468437,controller
94799737,2027-04-18,4357.754389483859,5284.912686384011,5246.5669029394285,20027.502365468437,20916.314878924008,controller
94799737,2027-04-25,4392.297776376459,5281.1769846319385,5381.777646612982,20916.314878924008,21905.79474916053,controller
94799737,2027-05-02,4599.558097732058,5530.224974775554,5334.404307244196,21905.79474916053,22640.64095867267,controller
94799737,2027-05-09,4599.558097732058,5484.297086681045,5284.912686384011,22640.64095867267,23325.995547324623,controller
94799737,2027-05-16,4599.558097732058,5441.462424890298,5281.1769846319385,23325.995547324623,24007.614434224502,controller
94799737,2027-05-23,4599.558097732058,5398.861244459055,5530.224974775554,24007.614434224502,24938.281311268,controller
94799737,2027-05-30,4475.401484470676,5154.459644751764,5484.297086681045,24938.281311268,25947.176913478368,controller
94799737,2027-06-06,4425.738839166124,5016.9097016567885,5441.462424890298,25947.176913478368,26962.900499202544,controller
94799737,2027-06-13,4425.738839166124,4953.4269775490275,5398.861244459055,26962.900499202544,27936.022904495476,controller
94799737,2027-06-20,4425.738839166124,4892.606827218219,5154.459644751764,27936.022904495476,28664.743710081115,controller
94799737,2027-06-27,4425.738718874676,4847.061596431944,5016.9097016567885,28664.743710081115,29255.91469286323,controller
94799737,2027-07-04,4425.738558486078,4810.113169425164,4953.4269775490275,29255.91469286323,29783.60311192618,controller
94799737,2027-07-11,4425.738558486078,4777.13264323373,4892.606827218219,29783.60311192618,30250.47138065832,controller
94799737,2027-07-18,4425.738558486078,4747.953376437971,4847.061596431944,30250.47138065832,30671.794418604182,controller
94799737,2027-07-25,4425.738558486078,4721.620686566355,4810.113169425164,30671.794418604182,31056.169029543267,controller
94799737,2027-08-01,4425.738558486078,4697.597273382662,4777.13264323373,31056.169029543267,31407.563114290922,controller
94799737,2027-08-08,4425.738558486078,4675.635143085934,4747.953376437971,31407.563114290922,31729.777932242814,controller
94799737,2027-08-15,4425.738558486078,4655.49671696394,4721.620686566355,31729.777932242814,32025.660060323087,controller
94799737,2027-08-22,4425.738558486078,4637.004083958924,4697.597273382662,32025.660060323087,32297.51877521967,controller
94799737,2027-08-29,4425.738718874676,4620.013154860785,4675.635143085934,32297.51877521967,32547.415199430925,controller
94799737,2027-09-05,4425.738839166124,4604.394808784754,4655.49671696394,32547.415199430925,32777.17307722874,controller
94799737,2027-09-12,4425.738839166124,4590.03494142239,4637.004083958924,32777.17307722874,32988.43832202154,controller
94799737,2027-09-19,4425.738839166124,4576.83086362284,4620.013154860785,32988.43832202154,33182.7126377162,controller
94799737,2027-09-26,4425.7387589718255,4564.688598600476,4604.394808784754,33182.7126377162,33361.368687529124,controller
94799737,2027-10-03,4425.738558486078,4553.522294758546,4590.03494142239,33361.368687529124,33525.66507046544,controller
94799737,2027-10-10,4425.738558486078,4543.253770825027,4576.83086362284,33525.66507046544,33676.7573756022,controller
94799737,2027-10-17,4425.738558486078,4533.810501753978,4564.688598600476,33676.7573756022,33815.707415716606,controller
94799737,2027-10-24,4425.738558486078,4525.126124246828,4553.522294758546,33815.707415716606,33943.491151989074,controller
94799737,2027-10-31,4425.738799068975,4517.140001604145,4543.253770825027,33943.491151989074,34061.00612374512,controller
94799737,2027-11-07,4425.738839166124,4509.795376015116,4533.810501753978,34061.00612374512,34169.07778633298,controller
94799737,2027-11-14,4425.738839166124,4503.040897103376,4525.126124246828,34169.07778633298,34268.46507141368,controller
94799737,2027-11-21,4425.738839166124,4496.829191785831,4517.140001604145,34268.46507141368,34359.8662338517,controller
94799737,2027-11-28,4425.738678777526,4491.116378550558,4509.795376015116,34359.8662338517,34443.92293108929,controller
94799737,2027-12-05,4425.738558486078,4485.862654536036,4503.040897103376,34443.92293108929,34521.22526970659,controller
94799737,2027-12-12,4425.738558486078,4481.031258372454,4496.829191785831,34521.22526970659,34592.31590300635,controller
94799737,2027-12-19,4425.738558486078,4476.58809379122,4491.116378550558,34592.31590300635,34657.69372307083,controller
94799737,2027-12-26,3793.4901929880666,3524.129431790173,4485.862654536036,34657.69372307083,35350.0661846188,controller
94799737,2028-01-02,3312.0,2758.620863461325,4481.031258372454,35350.0661846188,36519.09744299125,controller
94799737,2028-01-09,3312.0,2685.5564098130467,4476.58809379122,36519.09744299125,37683.685536782476,controller
94799737,2028-01-16,3312.0,2612.7696539510953,3524.129431790173,37683.685536782476,37895.814968572646,controller
94799737,2028-01-23,3312.0,2599.5115644642096,2758.620863461325,37895.814968572646,37342.43583203397,controller
94799737,2028-01-30,3312.0,2634.097760497877,2685.5564098130467,37342.43583203397,36715.992241847016,controller
94799737,2028-02-06,3312.0,2673.2504848845615,2612.7696539510953,36715.992241847016,36016.76189579811,controller
94799738,2026-08-30,161.55111956239944,0.0,0.0,8984.0,8822.448880437601,controller
94799738,2026-09-06,226.1715673873592,0.0,0.0,8822.448880437601,8596.277313050243,controller
94799738,2026-09-13,226.1715673873592,0.0,0.0,8596.277313050243,8370.105745662884,controller
94799738,2026-09-20,226.1715673873592,0.0,0.0,8370.105745662884,8143.934178275525,controller
94799738,2026-09-27,226.17151392449318,0.0,0.0,8143.934178275525,7917.762664351031,controller
94799738,2026-10-04,226.1714426406718,0.0,0.0,7917.762664351031,7691.59122171036,controller
94799738,2026-10-11,226.1714426406718,0.0,0.0,7691.59122171036,7465.419779069688,controller
94799738,2026-10-18,226.1714426406718,0.0,0.0,7465.419779069688,7239.2483364290165,controller
94799738,2026-10-25,226.1714426406718,0.0,0.0,7239.2483364290165,7013.076893788345,controller
94799738,2026-11-01,226.1715673873592,0.0,0.0,7013.076893788345,6786.905326400985,controller
94799738,2026-11-08,226.1715673873592,0.0,0.0,6786.905326400985,6560.733759013626,controller
94799738,2026-11-15,226.1715673873592,0.0,0.0,6560.733759013626,6334.562191626266,controller
94799738,2026-11-22,226.1715673873592,0.0,0.0,6334.562191626266,6108.390624238907,controller
94799738,2026-11-29,226.1714782825825,0.0,0.0,6108.390624238907,5882.219145956324,controller
94799738,2026-12-06,226.1714426406718,0.0,0.0,5882.219145956324,5656.047703315652,controller
94799738,2026-12-13,226.1714426406718,0.0,0.0,5656.047703315652,5429.876260674981,controller
94799738,2026-12-20,226.1714426406718,0.0,0.0,5429.876260674981,5203.704818034309,controller
94799738,2026-12-27,226.17144264067184,14.025612833863448,0.0,5203.704818034309,4977.5333753936375,controller
94799738,2027-01-03,226.1714426406718,28.161327998905364,0.0,4977.5333753936375,4751.361932752966,controller
94799738,2027-01-10,226.1714426406718,42.297043163947336,0.0,4751.361932752966,4525.190490112294,controller
94799738,2027-01-17,226.1714426406718,56.43275832898931,14.025612833863448,4525.190490112294,4313.044660305486,controller
94799738,2027-01-24,226.1714426406718,69.69187269191482,28.161327998905364,4313.044660305486,4115.03454566372,controller
94799738,2027-01-31,226.17178633052478,82.06802039180471,42.297043163947336,4115.03454566372,3931.1598024971418,controller
94799738,2027-02-07,226.17184361216695,93.56027776217908,56.43275832898931,3931.1598024971418,3761.420717213964,controller
94799738,2027-02-14,226.17184361216695,104.16897059237768,69.69187269191482,3761.420717213964,3604.940746293712,controller
94799738,2027-02-21,226.17184361216695,113.94896877489343,82.06802039180471,3604.940746293712,3460.8369230733497,controller
94799738,2027-02-28,226.17149992231396,122.95494219138658,93.56027776217908,3460.8369230733497,3328.2257009132145,controller
94799738,2027-03-07,226.1714426406718,131.24305765393183,104.16897059237768,3328.2257009132145,3206.22322886492,controller
94799738,2027-03-14,226.1714426406718,138.86821215695022,113.94896877489343,3206.22322886492,3094.0007549991415,controller
94799738,2027-03-21,226.1714426406718,145.8821167735614,122.95494219138658,3094.0007549991415,2990.784254549856,controller
94799738,2027-03-28,226.17149610353786,152.3332282459408,131.24305765393183,2990.784254549856,2895.85581610025,controller
94799738,2027-04-04,226.1715673873592,158.26636257477315,138.86821215695022,2895.85581610025,2808.552460869841,controller
94799738,2027-04-11,226.1715673873592,163.72282227667375,145.8821167735614,2808.552460869841,2728.2630102560433,controller
94799738,2027-04-18,226.1715673873592,168.74091294003608,152.3332282459408,2728.2630102560433,2654.424671114625,controller
94799738,2027-04-25,226.17154956640388,173.35578240494175,158.26636257477315,2654.424671114625,2586.5194841229945,controller
94799738,2027-05-02,226.1714426406718,177.59969620332055,163.72282227667375,2586.5194841229945,2524.0708637589964,controller
94799738,2027-05-09,226.1714426406718,181.50273497607043,168.74091294003608,2524.0708637589964,2466.6403340583606,controller
94799738,2027-05-16,226.1714426406718,185.09214308236017,173.35578240494175,2466.6403340583606,2413.8246738226303,controller
94799738,2027-05-23,226.1714426406718,188.3931218470933,177.59969620332055,2413.8246738226303,2365.252927385279,controller
94799738,2027-05-30,226.17153174544853,191.42898965659288,181.50273497607043,2365.252927385279,2320.5841306159004,controller
94799738,2027-06-06,226.1715673873592,194.22084291754504,185.09214308236017,2320.5841306159004,2279.5047063109014,controller
94799738,2027-06-13,226.1715673873592,196.78830693660746,188.3931218470933,2279.5047063109014,2241.7262607706357,controller
94799738,2027-06-20,226.1715673873592,199.1494597828741,191.42898965659288,2241.7262607706357,2206.9836830398694,controller
94799738,2027-06-27,226.17151392449318,201.32079069674793,194.22084291754504,2206.9836830398694,2175.033012032921,controller
94799738,2027-07-04,226.1714426406718,203.31760070895018,196.78830693660746,2175.033012032921,2145.6498763288564,controller
94799738,2027-07-11,226.1714426406718,205.1540466904542,199.1494597828741,2145.6498763288564,2118.6278934710585,controller
94799738,2027-07-18,226.1714426406718,206.84292061906655,201.32079069674793,2118.6278934710585,2093.7772415271343,controller
94799738,2027-07-25,226.1714426406718,208.3960863655618,203.31760070895018,2093.7772415271343,2070.9233995954123,controller
94799738,2027-08-01,226.1714426406718,209.82445148629444,205.1540466904542,2070.9233995954123,2049.9060036451947,controller
94799738,2027-08-08,226.1714426406718,211.13803873318307,206.84292061906655,2049.9060036451947,2030.5774816235896,controller
94799738,2027-08-15,226.1714426406718,212.34607135953337,208.3960863655618,2030.5774816235896,2012.8021253484796,controller
94799738,2027-08-22,226.1714426406718,213.45703112672774,209.82445148629444,2012.8021253484796,1996.4551341941021,controller
94799738,2027-08-29,226.17151392449318,214.47882499960838,211.13803873318307,1996.4551341941021,1981.421659002792,controller
94799738,2027-09-05,226.1715673873592,215.4184973933643,212.34607135953337,1981.421659002792,1967.5961629749663,controller
94799738,2027-09-12,226.1715673873592,216.2825908951034,213.45703112672774,1967.5961629749663,1954.8816267143347,controller
94799738,2027-09-19,226.1715673873592,217.07724941139287,214.47882499960838,1954.8816267143347,1943.1888843265838,controller
94799738,2027-09-26,226.17153174544853,217.8079923477613,215.4184973933643,1943.1888843265838,1932.4358499744994,controller
94799738,2027-10-03,226.1714426406718,218.47992333760152,216.2825908951034,1932.4358499744994,1922.5469982289312,controller
94799738,2027-10-10,226.1714426406718,219.09797657169952,217.07724941139287,1922.5469982289312,1913.4528049996522,controller
94799738,2027-10-17,226.1714426406718,219.66636364852945,217.8079923477613,1913.4528049996522,1905.089354706742,controller
94799738,2027-10-24,226.1714426406718,220.18907929183635,218.47992333760152,1905.089354706742,1897.3978354036715,controller
94799738,2027-10-31,226.17154956640388,220.66995963687634,219.09797657169952,1897.3978354036715,1890.3242624089671,controller
94799738,2027-11-07,226.1715673873592,221.11208468047835,219.66636364852945,1890.3242624089671,1883.8190586701376,controller
94799738,2027-11-14,226.1715673873592,221.5186599141552,220.18907929183635,1883.8190586701376,1877.8365705746146,controller
94799738,2027-11-21,226.1715673873592,221.89256542012538,220.66995963687634,1877.8365705746146,1872.3349628241317,controller
94799738,2027-11-28,226.17149610353786,222.23630897879855,221.11208468047835,1872.3349628241317,1867.275551401072,controller
94799738,2027-12-05,226.1714426406718,222.5524419984407,221.5186599141552,1867.275551401072,1862.6227686745553,controller
94799738,2027-12-12,226.1714426406718,222.843240918848,221.89256542012538,1862.6227686745553,1858.343891454009,controller
94799738,2027-12-19,226.1714426406718,223.11067074513215,222.23630897879855,1858.343891454009,1854.4087577921357,controller
94799738,2027-12-26,193.86123654914726,174.89130746171242,222.5524419984407,1854.4087577921357,1883.0999632414291,controller
94799738,2028-01-02,380.875,453.61875229741065,222.843240918848,1883.0999632414291,1725.0682041602772,controller
94799738,2028-01-09,380.875,463.49573723998265,223.11067074513215,1725.0682041602772,1567.3038749054094,controller
94799738,2028-01-16,380.875,473.3560078184119,174.89130746171242,1567.3038749054094,1361.3201823671218,controller
94799738,2028-01-23,380.875,486.2299886020549,453.61875229741065,1361.3201823671218,1434.0639346645326,controller
94799738,2028-01-30,380.875,481.6835040834667,463.49573723998265,1434.0639346645326,1516.6846719045152,controller
94799738,2028-02-06,380.875,476.5197080059678,473.3560078184119,1516.6846719045152,1609.165679722927,controller
94799739,2026-08-30,842.0849928891864,39.0,690.0,25805.0,25652.915007110812,plan
94799739,2026-09-06,1178.9189900448612,66.0,768.0,25652.915007110812,25241.99601706595,plan
94799739,2026-09-13,1178.9189900448612,90.0,153.0,25241.99601706595,24216.07702702109,plan
94799739,2026-09-20,1178.9189900448612,198.0,39.0,24216.07702702109,23076.158036976227,plan
94799739,2026-09-27,1193.8058052810961,282.0,66.0,23076.158036976227,21948.35223169513,plan
94799739,2026-10-04,1213.6548922627426,297.0,90.0,21948.35223169513,20824.697339432387,plan
94799739,2026-10-11,1213.6548922627426,333.0,198.0,20824.697339432387,19809.042447169646,plan
94799739,2026-10-18,1213.6548922627426,405.0,282.0,19809.042447169646,18877.387554906905,plan
94799739,2026-10-25,1213.6548922627426,441.0,297.0,18877.387554906905,17960.732662644165,plan
94799739,2026-11-01,1251.8630561501923,755.2487928100281,333.0,17960.732662644165,17041.869606493972,controller
94799739,2026-11-08,1251.8630561501923,812.6777338194152,405.0,17041.869606493972,16195.00655034378,controller
94799739,2026-11-15,1251.8630561501923,865.6066748288022,441.0,16195.00655034378,15384.143494193588,controller
94799739,2026-11-22,1251.8630561501923,916.2856158381892,755.2487928100281,15384.143494193588,14887.529230853423,controller
94799739,2026-11-29,1281.884371170433,992.3559798273106,812.6777338194152,14887.529230853423,14418.322593502406,controller
94799739,2026-12-06,1293.8928971785292,1039.6941836738933,865.6066748288022,14418.322593502406,13990.036371152679,controller
94799739,2026-12-13,1293.8928971785292,1066.4620725707514,916.2856158381892,13990.036371152679,13612.429089812338,controller
94799739,2026-12-20,1293.8928971785292,1090.0625276545227,992.3559798273106,13612.429089812338,13310.89217246112,controller
94799739,2026-12-27,1307.102234799238,1128.7225914200371,1039.6941836738933,13310.89217246112,13043.484121335774,controller
94799739,2027-01-03,1340.1255788510098,1194.970610693029,1066.4620725707514,13043.484121335774,12769.820615055516,controller
94799739,2027-01-10,1340.1255788510098,1212.074579835545,1090.0625276545227,12769.820615055516,12519.75756385903,controller
94799739,2027-01-17,1340.1255788510098,1227.7035205353254,1128.7225914200371,12519.75756385903,12308.354576428057,controller
94799739,2027-01-24,1340.1255788510098,1240.916207249761,1194.970610693029,12308.354576428057,12163.199608270075,controller
94799739,2027-01-31,1383.716106591138,1315.3741843698272,1212.074579835545,12163.199608270075,11991.558081514482,controller
94799739,2027-02-07,1390.9811945478261,1336.999411727084,1227.7035205353254,11991.558081514482,11828.280407501981,controller
94799739,2027-02-14,1390.9811945478261,1347.2042663528655,1240.916207249761,11828.280407501981,11678.215420203915,controller
94799739,2027-02-21,1390.9811945478261,1356.5833280589945,1315.3741843698272,11678.215420203915,11602.608410025916,controller
94799739,2027-02-28,1727.9647419653397,1866.78408732139,1336.999411727084,11602.608410025916,11211.64307978766,controller
94799739,2027-03-07,1784.1286665349255,1975.4653073156596,1347.2042663528655,11211.64307978766,10774.718679605601,controller
94799739,2027-03-14,1784.1286665349255,2002.773082327038,1356.5833280589945,10774.718679605601,10347.17334112967,controller
94799739,2027-03-21,1784.1286665349255,2029.4946659817838,1866.78408732139,10347.17334112967,10429.828761916135,controller
94799739,2027-03-28,1824.9528308298427,2085.564948625006,1975.4653073156596,10429.828761916135,10580.34123840195,controller
94799739,2027-04-04,1879.3850498897325,2157.806247434477,2002.773082327038,10580.34123840195,10703.729270839256,controller
94799739,2027-04-11,1879.3850498897325,2150.094495407145,2029.4946659817838,10703.729270839256,10853.838886931308,controller
94799739,2027-04-18,1879.3850498897325,2140.712644401392,2085.564948625006,10853.838886931308,11060.018785666582,controller
94799739,2027-04-25,1894.3538326100465,2150.2795748109083,2157.806247434477,11060.018785666582,11323.471200491012,controller
94799739,2027-05-02,1984.1665289319305,2268.5328433672075,2150.094495407145,11323.471200491012,11489.399166966228,controller
94799739,2027-05-09,1984.1665289319305,2258.1623454625064,2140.712644401392,11489.399166966228,11645.94528243569,controller
94799739,2027-05-16,1984.1665289319305,2248.3782132456654,2150.2795748109083,11645.94528243569,11812.058328314668,controller
94799739,2027-05-23,1984.1665289319305,2237.996147878229,2268.5328433672075,11812.058328314668,12096.424642749946,controller
94799739,2027-05-30,2066.495221499436,2343.7162920772826,2258.1623454625064,12096.424642749946,12288.091766713016,controller
94799739,2027-06-06,2099.4266985264385,2381.1343123700944,2248.3782132456654,12288.091766713016,12437.043281432243,controller
94799739,2027-06-13,2099.4266985264385,2371.8248427001427,2237.996147878229,12437.043281432243,12575.612730784034,controller
94799739,2027-06-20,2099.4266985264385,2363.1642521156555,2343.7162920772826,12575.612730784034,12819.902324334878,controller
94799739,2027-06-27,2153.7632146009223,2429.400926630454,2381.1343123700944,12819.902324334878,13047.27342210405,controller
94799739,2027-07-04,2226.211902700234,2523.863265168848,2371.8248427001427,13047.27342210405,13192.88636210396,controller
94799739,2027-07-11,2226.211902700234,2514.7624564188536,2363.1642521156555,13192.88636210396,13329.838711519382,controller
94799739,2027-07-18,2226.211902700234,2506.20293458039,2429.400926630454,13329.838711519382,13533.027735449603,controller
94799739,2027-07-25,2226.211902700234,2493.503620584751,2523.863265168848,13533.027735449603,13830.679097918217,controller
94799739,2027-08-01,2365.6771398449937,2684.098266147602,2514.7624564188536,13830.679097918217,13979.764414492078,controller
94799739,2027-08-08,2365.6771398449937,2674.7804338617357,2506.20293458039,13979.764414492078,14120.290209227474,controller
94799739,2027-08-15,2365.6771398449937,2665.9975716907734,2493.503620584751,14120.290209227474,14248.116689967232,controller
94799739,2027-08-22,2365.6771398449937,2658.0084166445386,2684.098266147602,14248.116689967232,14566.53781626984,controller
94799739,2027-08-29,2453.340254713004,2769.6017685526413,2674.7804338617357,14566.53781626984,14787.97799541857,controller
94799739,2027-09-05,2519.0875908640114,2854.3827615823566,2665.9975716907734,14787.97799541857,14934.887976245333,controller
94799739,2027-09-12,2519.0875908640114,2845.200887780684,2658.0084166445386,14934.887976245333,15073.808802025858,controller
94799739,2027-09-19,2519.0875908640114,2836.5183361694008,2769.6017685526413,15073.808802025858,15324.322979714489,controller
94799739,2027-09-26,2567.3025152197383,2893.1835865974517,2854.3827615823566,15324.322979714489,15611.403226077107,controller
94799739,2027-10-03,2687.8398261090542,3056.0470375337622,2845.200887780684,15611.403226077107,15768.764287748738,controller
94799739,2027-10-10,2687.8398261090542,3046.2119711792852,2836.5183361694008,15768.764287748738,15917.442797809083,controller
94799739,2027-10-17,2687.8398261090542,3036.9195643005137,2893.1835865974517,15917.442797809083,16122.786558297477,controller
94799739,2027-10-24,2687.8398261090542,3024.085579269989,3056.0470375337622,16122.786558297477,16490.993769722183,controller
94799739,2027-10-31,2846.9489775766497,3239.736355757338,3046.2119711792852,16490.993769722183,16690.256763324818,controller
94799739,2027-11-07,2873.4671694879157,3267.0597065240727,3036.9195643005137,16690.256763324818,16853.70915813742,controller
94799739,2027-11-14,2873.4671694879157,3256.843931848285,3024.085579269989,16853.70915813742,17004.327567919492,controller
94799739,2027-11-21,2873.4671694879157,3247.430281236905,3239.736355757338,17004.327567919492,17370.596754188915,controller
94799739,2027-11-28,2990.146898466576,3399.558050563057,3267.0597065240727,17370.596754188915,17647.50956224641,controller
94799739,2027-12-05,3077.6566952005714,3513.5156951604567,3256.843931848285,17647.50956224641,17826.696798894125,controller
94799739,2027-12-12,3077.6566952005714,3502.3164928699744,3247.430281236905,17826.696798894125,17996.47038493046,controller
94799739,2027-12-19,3077.6566952005714,3491.7056437427036,3399.558050563057,17996.47038493046,18318.371740292947,controller
94799739,2027-12-26,2637.991453029061,2812.088945775283,3513.5156951604567,18318.371740292947,19193.895982424343,controller
94799739,2028-01-02,1419.875,930.1940010984786,3502.3164928699744,19193.895982424343,21276.337475294316,controller
94799739,2028-01-09,1419.875,800.0414077941052,3491.7056437427036,21276.337475294316,23348.168119037022,controller
94799739,2028-01-16,1419.875,670.5519925601861,2812.088945775283,23348.168119037022,24740.382064812304,controller
94799739,2028-01-23,1419.875,583.538620949231,930.1940010984786,24740.382064812304,24250.701065910784,controller
94799739,2028-01-30,1419.875,614.143683380576,800.0414077941052,24250.701065910784,23630.86747370489,controller
94799739,2028-02-06,1419.875,652.8832828934444,670.5519925601861,23630.86747370489,22881.544466265077,controller
94799740,2026-08-30,448.60053295923996,21.0,1228.0,8348.0,9127.39946704076,plan
94799740,2026-09-06,628.040746142936,39.0,461.0,9127.39946704076,8960.358720897822,plan
94799740,2026-09-13,628.040746142936,139.0,175.0,8960.358720897822,8507.317974754886,plan
94799740,2026-09-20,628.040746142936,201.0,21.0,8507.317974754886,7900.27722861195,plan
94799740,2026-09-27,632.175390446238,199.0,39.0,7900.27722861195,7307.101838165712,plan
94799740,2026-10-04,637.6882495173073,189.0,139.0,7307.101838165712,6808.413588648405,plan
94799740,2026-10-11,637.6882495173073,208.0,201.0,6808.413588648405,6371.725339131097,plan
94799740,2026-10-18,637.6882495173073,220.0,199.0,6371.725339131097,5933.037089613789,plan
94799740,2026-10-25,637.6882495173073,223.0,189.0,5933.037089613789,5484.348840096482,plan
94799740,2026-11-01,648.3016976786474,629.680744011941,208.0,5484.348840096482,5044.047142417834,controller
94799740,2026-11-08,648.3016976786474,657.1996001168566,220.0,5044.047142417834,4615.7454447391865,controller
94799740,2026-11-15,648.3016976786474,683.9684562217719,223.0,4615.7454447391865,4190.443747060539,controller
94799740,2026-11-22,648.3016976786474,710.5498123266875,629.680744011941,4190.443747060539,4171.822793393832,controller
94799740,2026-11-29,656.639899919545,724.220925292203,657.1996001168566,4171.822793393832,4172.382493591143,controller
94799740,2026-12-06,659.9751808159041,729.1888653744097,683.9684562217719,4172.382493591143,4196.375768997011,controller
94799740,2026-12-13,659.9751808159041,727.689285661543,710.5498123266875,4196.375768997011,4246.950400507793,controller
94799740,2026-12-20,659.9751808159041,724.528371192119,724.220925292203,4246.950400507793,4311.196144984092,controller
94799740,2026-12-27,663.644069996198,726.0163459327913,729.1888653744097,4311.196144984092,4376.740940362304,controller
94799740,2027-01-03,672.8162929469329,735.6781306477553,727.689285661543,4376.740940362304,4431.613933076915,controller
94799740,2027-01-10,672.8162929469329,732.2485686030922,724.528371192119,4431.613933076915,4483.326011322101,controller
94799740,2027-01-17,672.8162929469329,729.016563712768,726.0163459327913,4483.326011322101,4536.52606430796,controller
94799740,2027-01-24,672.8162929469329,725.6915604011518,735.6781306477553,4536.52606430796,4599.3879020087825,controller
94799740,2027-01-31,684.9238277276506,739.923997715927,732.2485686030922,4599.3879020087825,4646.712642884224,controller
94799740,2027-02-07,686.9417501911037,739.9930851063915,729.016563712768,4646.712642884224,4688.787456405888,controller
94799740,2027-02-14,686.9417501911037,737.3634092612874,725.6915604011518,4688.787456405888,4727.5372666159365,controller
94799740,2027-02-21,686.9417501911037,734.9415461231595,739.923997715927,4727.5372666159365,4780.519514140759,controller
94799740,2027-02-28,940.645437008432,1112.1856858788506,739.9930851063915,4780.519514140759,4579.867162238719,controller
94799740,2027-03-07,982.9293848113201,1188.1523795770602,737.3634092612874,4579.867162238719,4334.301186688686,controller
94799740,2027-03-14,982.9293848113201,1203.5002530489373,734.9415461231595,4334.301186688686,4086.3133480005254,controller
94799740,2027-03-21,982.9293848113201,1218.9994929669474,1112.1856858788506,4086.3133480005254,4215.569649068056,controller
94799740,2027-03-28,1002.2737333301561,1239.9374969284806,1188.1523795770602,4215.569649068056,4401.44829531496,controller
94799740,2027-04-04,1028.0661980219372,1267.008778575721,1203.5002530489373,4401.44829531496,4576.88235034196,controller
94799740,2027-04-11,1028.0661980219372,1256.0441501365333,1218.9994929669474,4576.88235034196,4767.81564528697,controller
94799740,2027-04-18,1028.0661980219372,1244.1108192024703,1239.9374969284806,4767.81564528697,4979.686944193513,controller
94799740,2027-04-25,1035.1591565533251,1241.508300817893,1267.008778575721,4979.686944193513,5211.536566215909,controller
94799740,2027-05-02,1077.7169077416518,1290.8543262239832,1256.0441501365333,5211.536566215909,5389.86380861079,controller
94799740,2027-05-09,1077.7169077416518,1279.7088735743032,1244.1108192024703,5389.86380861079,5556.257720071609,controller
94799740,2027-05-16,1077.7169077416518,1269.309254108002,1241.508300817893,5556.257720071609,5720.049113147849,controller
94799740,2027-05-23,1077.7169077416518,1259.072292040737,1290.8543262239832,5720.049113147849,5933.18653163018,controller
94799740,2027-05-30,1116.7278477489915,1304.267613396601,1279.7088735743032,5933.18653163018,6096.167557455491,controller
94799740,2027-06-06,1132.3322237519274,1317.487863286923,1269.309254108002,6096.167557455491,6233.144587811566,controller
94799740,2027-06-13,1132.3322237519274,1308.9267988896681,1259.072292040737,6233.144587811566,6359.884656100376,controller
94799740,2027-06-20,1132.3322237519274,1301.0055446216174,1304.267613396601,6359.884656100376,6531.820045745049,controller
94799740,2027-06-27,1158.079552419075,1328.880575769547,1317.487863286923,6531.820045745049,6691.228356612897,controller
94799740,2027-07-04,1192.4093239752722,1370.4122136746023,1308.9267988896681,6691.228356612897,6807.745831527293,controller
94799740,2027-07-11,1192.4093239752722,1363.1298714924524,1301.0055446216174,6807.745831527293,6916.342052173639,controller
94799740,2027-07-18,1192.4093239752722,1356.3426077020558,1328.880575769547,6916.342052173639,7052.813303967913,controller
94799740,2027-07-25,1192.4093239752722,1347.8131544649136,1370.4122136746023,7052.813303967913,7230.816193667243,controller
94799740,2027-08-01,1258.4935697421915,1435.8143425090846,1363.1298714924524,7230.816193667243,7335.452495417505,controller
94799740,2027-08-08,1258.4935697421915,1429.2745736496931,1356.3426077020558,7335.452495417505,7433.301533377369,controller
94799740,2027-08-15,1258.4935697421915,1423.1590087772017,1347.8131544649136,7433.301533377369,7522.621118100091,controller
94799740,2027-08-22,1258.4935697421915,1417.5765347320316,1435.8143425090846,7522.621118100091,7699.941890866983,controller
94799740,2027-08-29,1300.0325236452547,1468.8024172886958,1429.2745736496931,7699.941890866983,7829.183940871421,controller
94799740,2027-09-05,1331.1867390725522,1507.4561123043645,1423.1590087772017,7829.183940871421,7921.15621057607,controller
94799740,2027-09-12,1331.1867390725522,1501.707845447824,1417.5765347320316,7921.15621057607,8007.54600623555,controller
94799740,2027-09-19,1331.1867390725522,1496.3084832191064,1468.8024172886958,8007.54600623555,8145.161684451693,controller
94799740,2027-09-26,1354.0330701592213,1521.9769999606012,1507.4561123043645,8145.161684451693,8298.584726596837,controller
94799740,2027-10-03,1411.1488978758941,1598.061801401539,1501.707845447824,8298.584726596837,8389.143674168767,controller
94799740,2027-10-10,1411.1488978758941,1592.4018671782933,1496.3084832191064,8389.143674168767,8474.30325951198,controller
94799740,2027-10-17,1411.1488978758941,1587.0793930943423,1521.9769999606012,8474.30325951198,8585.131361596688,controller
94799740,2027-10-24,1411.1488978758941,1580.1526367140482,1598.061801401539,8585.131361596688,8772.044265122335,controller
94799740,2027-10-31,1486.5423651877122,1681.5607812114224,1592.4018671782933,8772.044265122335,8877.903767112917,controller
94799740,2027-11-07,1499.1079430730153,1693.7929291649657,1587.0793930943423,8877.903767112917,8965.875217134244,controller
94799740,2027-11-14,1499.1079430730153,1688.2947135386328,1580.1526367140482,8965.875217134244,9046.919910775277,controller
94799740,2027-11-21,1499.1079430730153,1683.2294201860682,1681.5607812114224,9046.919910775277,9229.372748913685,controller
94799740,2027-11-28,1554.3962986483175,1754.7586511653708,1693.7929291649657,9229.372748913685,9368.769379430334,controller
94799740,2027-12-05,1595.8625653297945,1808.2457617802959,1688.2947135386328,9368.769379430334,9461.201527639172,controller
94799740,2027-12-12,1595.8625653297945,1802.4687525172435,1683.2294201860682,9461.201527639172,9548.568382495445,controller
94799740,2027-12-19,1595.8625653297945,1797.0083240887266,1754.7586511653708,9548.568382495445,9707.46446833102,controller
94799740,2027-12-26,1367.8821988541097,1445.1067690104758,1808.2457617802959,9707.46446833102,10147.828031257206,controller
94799740,2028-01-02,907.625,727.1982480464246,1802.4687525172435,10147.828031257206,11042.671783774449,controller
94799740,2028-01-09,907.625,671.2705135140969,1797.0083240887266,11042.671783774449,11932.055107863176,controller
94799740,2028-01-16,907.625,615.6840557585515,1445.1067690104758,11932.055107863176,12469.536876873652,controller
94799740,2028-01-23,907.625,582.0914451953968,727.1982480464246,12469.536876873652,12289.110124920076,controller
94799740,2028-01-30,907.625,593.3681171924952,671.2705135140969,12289.110124920076,12052.755638434173,controller
94799740,2028-02-06,907.625,608.1402725978642,615.6840557585515,12052.755638434173,11760.814694192724,controller
94928289,2026-08-30,2069.45834776353,0.0,0.0,69902.0,67832.54165223647,controller
94928289,2026-09-06,2897.241686868942,24.0,0.0,67832.54165223647,64935.29996536753,plan
94928289,2026-09-13,2897.241686868942,12.0,0.0,64935.29996536753,62038.05827849859,plan
94928289,2026-09-20,2897.241686868942,72.0,0.0,62038.05827849859,59140.81659162965,plan
94928289,2026-09-27,2923.8110605639404,528.0,24.0,59140.81659162965,56241.00553106571,plan
94928289,2026-10-04,2959.23689215727,1356.0,12.0,56241.00553106571,53293.76863890844,plan
94928289,2026-10-11,2959.23689215727,6888.0,72.0,53293.76863890844,50406.53174675117,plan
94928289,2026-10-18,2959.23689215727,3888.0,528.0,50406.53174675117,47975.2948545939,plan
94928289,2026-10-25,2959.23689215727,1968.0,1356.0,47975.2948545939,46372.05796243663,plan
94928289,2026-11-01,1833.534480342891,0.0,6888.0,46372.05796243663,51426.52348209374,controller
94928289,2026-11-08,1833.534480342891,0.0,3888.0,51426.52348209374,53480.98900175085,controller
94928289,2026-11-15,1833.534480342891,0.0,1968.0,53480.98900175085,53615.45452140796,controller
94928289,2026-11-22,1833.534480342891,0.0,0.0,53615.45452140796,51781.920041065074,controller
94928289,2026-11-29,1833.5348144858035,0.0,0.0,51781.920041065074,49948.38522657927,controller
94928289,2026-12-06,1833.5349481429687,0.0,0.0,49948.38522657927,48114.8502784363,controller
94928289,2026-12-13,1833.5349481429687,0.0,0.0,48114.8502784363,46281.315330293335,controller
94928289,2026-12-20,1833.5349481429687,0.0,0.0,46281.315330293335,44447.78038215037,controller
94928289,2026-12-27,2155.164075004198,454.7598386218988,0.0,44447.78038215037,42292.61630714617,controller
94928289,2027-01-03,2959.23689215727,1795.5668190392696,0.0,42292.61630714617,39333.3794149889,controller
94928289,2027-01-10,2959.23689215727,1980.519124799099,0.0,39333.3794149889,36374.14252283163,controller
94928289,2027-01-17,2959.23689215727,2165.4714305589287,454.7598386218988,36374.14252283163,33869.665469296255,controller
94928289,2027-01-24,2959.23689215727,2322.0012464048896,1795.5668190392696,33869.665469296255,32705.995396178252,controller
94928289,2027-01-31,3023.56274426095,2491.2194041302837,1980.519124799099,32705.995396178252,31662.951776716403,controller
94928289,2027-02-07,3034.2837196115624,2572.4910933725687,2165.4714305589287,31662.951776716403,30794.139487663768,controller
94928289,2027-02-14,3034.2837196115624,2626.791861438358,2322.0012464048896,30794.139487663768,30081.857014457095,controller
94928289,2027-02-21,3034.2837196115624,2671.3095160137755,2491.2194041302837,30081.857014457095,29538.792698975816,controller
94928289,2027-02-28,3101.8261650490467,2806.5647038875813,2572.4910933725687,29538.792698975816,29009.45762729934,controller
94928289,2027-03-07,3113.0832392886273,2856.533757226732,2626.791861438358,29009.45762729934,28523.16624944907,controller
94928289,2027-03-14,3113.0832392886273,2886.926968342374,2671.3095160137755,28523.16624944907,28081.39252617422,controller
94928289,2027-03-21,3113.0832392886273,2914.5378260470525,2806.5647038875813,28081.39252617422,27774.873990773176,controller
94928289,2027-03-28,3325.841000133689,3252.8318757772095,2856.533757226732,27774.873990773176,27305.566747866218,controller
94928289,2027-04-04,3609.51801459377,3707.6791001490164,2886.926968342374,27305.566747866218,26582.97570161482,controller
94928289,2027-04-11,3609.51801459377,3752.841040539729,2914.5378260470525,26582.97570161482,25887.995513068105,controller
94928289,2027-04-18,3609.51801459377,3796.2773023238988,3252.8318757772095,25887.995513068105,25531.309374251545,controller
94928289,2027-04-25,3550.4185987117235,3729.9210621768634,3707.6791001490164,25531.309374251545,25688.569875688838,controller
94928289,2027-05-02,3195.8221034194407,3188.197537898609,3752.841040539729,25688.569875688838,26245.58881280913,controller
94928289,2027-05-09,3195.8221034194407,3153.3838543285906,3796.2773023238988,26245.58881280913,26846.044011713588,controller
94928289,2027-05-16,3195.8221034194407,3115.8554043970616,3729.9210621768634,26846.044011713588,27380.142970471014,controller
94928289,2027-05-23,3195.8221034194407,3082.4742194747228,3188.197537898609,27380.142970471014,27372.518404950184,controller
94928289,2027-05-30,3257.876073307997,3176.031709652609,3153.3838543285906,27372.518404950184,27268.026185970775,controller
94928289,2027-06-06,3282.6976612634194,3219.7948552719554,3115.8554043970616,27268.026185970775,27101.183929104416,controller
94928289,2027-06-13,3282.6976612634194,3230.2224963261033,3082.4742194747228,27101.183929104416,26900.96048731572,controller
94928289,2027-06-20,3282.6976612634194,3242.7364614378967,3176.031709652609,26900.96048731572,26794.294535704907,controller
94928289,2027-06-27,3299.8919471625877,3275.1945122623247,3219.7948552719554,26794.294535704907,26714.197443814275,controller
94928289,2027-07-04,3322.8176616948117,3314.5891523038254,3230.2224963261033,26714.197443814275,26621.602278445567,controller
94928289,2027-07-11,3322.8176616948117,3320.3763501393696,3242.7364614378967,26621.602278445567,26541.521078188653,controller
94928289,2027-07-18,3322.8176616948117,3325.3814251554268,3275.1945122623247,26541.521078188653,26493.897928756167,controller
94928289,2027-07-25,3322.8176616948117,3328.3578719949573,3314.5891523038254,26493.897928756167,26485.669419365182,controller
94928289,2027-08-01,3322.8176616948117,3328.8721538318937,3320.3763501393696,26485.669419365182,26483.22810780974,controller
94928289,2027-08-08,3322.8176616948117,3329.024735804109,3325.3814251554268,26483.22810780974,26485.791871270354,controller
94928289,2027-08-15,3322.8176616948117,3328.8645005878207,3328.3578719949573,26485.791871270354,26491.3320815705,controller
94928289,2027-08-22,3322.8176616948117,3328.518237444061,3328.8721538318937,26491.3320815705,26497.386573707583,controller
94928289,2027-08-29,3322.8175013062137,3328.1395911025966,3329.024735804109,26497.386573707583,26503.593808205478,controller
94928289,2027-09-05,3322.8173810147646,3327.7514585093045,3328.8645005878207,26503.593808205478,26509.640927778535,controller
94928289,2027-09-12,3322.8173810147646,3327.3735135359884,3328.518237444061,26509.640927778535,26515.341784207834,controller
94928289,2027-09-19,3322.8173810147646,3327.017210009157,3328.1395911025966,26515.341784207834,26520.663994295668,controller
94928289,2027-09-26,3322.817461209064,3326.6846921701163,3327.7514585093045,26520.663994295668,26525.59799159591,controller
94928289,2027-10-03,3322.8176616948117,3326.376618067473,3327.3735135359884,26525.59799159591,26530.15384343709,controller
94928289,2027-10-10,3322.8176616948117,3326.0918773273997,3327.017210009157,26530.15384343709,26534.353391751436,controller
94928289,2027-10-17,3322.8176616948117,3325.8294055577526,3326.6846921701163,26534.353391751436,26538.22042222674,controller
94928289,2027-10-24,3322.8176616948117,3325.587716153046,3326.376618067473,26538.22042222674,26541.7793785994,controller
94928289,2027-10-31,3322.817421111914,3325.3649205054085,3326.0918773273997,26541.7793785994,26545.053834814884,controller
94928289,2027-11-07,3322.8173810147646,3325.1602068462166,3325.8294055577526,26545.053834814884,26548.065859357874,controller
94928289,2027-11-14,3322.8173810147646,3324.9719553122795,3325.587716153046,26548.065859357874,26550.836194496158,controller
94928289,2027-11-21,3322.8173810147646,3324.798809366137,3325.3649205054085,26550.836194496158,26553.383733986804,controller
94928289,2027-11-28,3322.817541403363,3324.6398287308693,3325.1602068462166,26553.383733986804,26555.72639942966,controller
94928289,2027-12-05,3322.8176616948117,3324.4935925778636,3324.9719553122795,26555.72639942966,26557.880693047126,controller
94928289,2027-12-12,3322.8176616948117,3324.358949226772,3324.798809366137,26557.880693047126,26559.86184071845,controller
94928289,2027-12-19,3322.8176616948117,3324.2351274973144,3324.6398287308693,26559.86184071845,26561.68400775451,controller
94928289,2027-12-26,2848.1294243098387,2612.088885980101,3324.4935925778636,26561.68400775451,27038.048176022534,controller
94928289,2028-01-02,2490.0,2045.1219889985916,3324.358949226772,27038.048176022534,27872.407125249305,controller
94928289,2028-01-09,2490.0,1992.9745546719184,3324.2351274973144,27872.407125249305,28706.64225274662,controller
94928289,2028-01-16,2490.0,1940.8348592033362,2612.088885980101,28706.64225274662,28828.731138726722,controller
94928289,2028-01-23,2490.0,1933.2043038295799,2045.1219889985916,28828.731138726722,28383.853127725313,controller
94928289,2028-01-30,2490.0,1961.009179517168,1992.9745546719184,28383.853127725313,27886.82768239723,controller
94928289,2028-02-06,2490.0,1992.0732698501731,1940.8348592033362,27886.82768239723,27337.662541600566,controller
94928290,2026-08-30,601.5623856928698,912.0,84.0,9440.0,8922.43761430713,plan
94928290,2026-09-06,842.1873399700177,416.0,512.0,8922.43761430713,8592.250274337111,plan
94928290,2026-09-13,842.1873399700177,576.0,740.0,8592.250274337111,8490.062934367093,plan
94928290,2026-09-20,842.1873399700177,768.0,912.0,8490.062934367093,8559.875594397075,plan
94928290,2026-09-27,842.1871662157032,2568.0,416.0,8559.875594397075,8133.688428181373,plan_forward
94928290,2026-10-04,842.1869345432837,3072.0,576.0,8133.688428181373,7867.501493638089,plan_forward
94928290,2026-10-11,842.1869345432837,8636.0,768.0,7867.501493638089,7793.314559094807,plan_forward
94928290,2026-10-18,842.1869345432837,3760.0,2568.0,7793.314559094807,9519.127624551524,plan_forward
94928290,2026-10-25,842.1869345432837,728.0,3072.0,9519.127624551524,11748.94069000824,plan
94928290,2026-11-01,842.1873399700177,528.9722168295116,8636.0,11748.94069000824,19542.753350038223,controller
94928290,2026-11-08,842.1873399700177,41.85892557763748,3760.0,19542.753350038223,22460.566010068207,controller
94928290,2026-11-15,842.1873399700177,0.0,728.0,22460.566010068207,22346.37867009819,controller
94928290,2026-11-22,842.1873399700177,0.0,528.9722168295116,22346.37867009819,22033.163546957687,controller
94928290,2026-11-29,842.1870503794934,0.0,41.85892557763748,22033.163546957687,21232.835422155833,controller
94928290,2026-12-06,842.1869345432837,0.0,0.0,21232.835422155833,20390.64848761255,controller
94928290,2026-12-13,842.1869345432837,0.0,0.0,20390.64848761255,19548.461553069268,controller
94928290,2026-12-20,842.1869345432837,41.50155474809628,0.0,19548.461553069268,18706.274618525986,controller
94928290,2026-12-27,842.1869345432837,94.13823815705143,0.0,18706.274618525986,17864.087683982703,controller
94928290,2027-01-03,842.1869345432837,146.77492156600658,0.0,17864.087683982703,17021.90074943942,controller
94928290,2027-01-10,842.1869345432837,199.41160497496173,41.50155474809628,17021.90074943942,16221.215369644235,controller
94928290,2027-01-17,842.1869345432837,249.45444121216076,94.13823815705143,16221.215369644235,15473.166673258002,controller
94928290,2027-01-24,842.1869345432837,296.20748473630044,146.77492156600658,15473.166673258002,14777.754660280723,controller
94928290,2027-01-31,842.1871636698523,339.6710792372333,199.41160497496173,14777.754660280723,14134.979101585832,controller
94928290,2027-02-07,842.1872018576138,379.8446089373062,249.45444121216076,14134.979101585832,13542.246340940379,controller
94928290,2027-02-14,842.1872018576138,416.890406477647,296.20748473630044,13542.246340940379,12996.266623819065,controller
94928290,2027-02-21,842.1872018576138,451.0141387977291,339.6710792372333,12996.266623819065,12493.750501198685,controller
94928290,2027-02-28,842.1869727310452,482.42105277165,379.8446089373062,12493.750501198685,12031.408137404946,controller
94928290,2027-03-07,842.1869345432837,511.3173932271164,416.890406477647,12031.408137404946,11606.111609339308,controller
94928290,2027-03-14,842.1869345432837,537.8984262312188,451.0141387977291,11606.111609339308,11214.938813593753,controller
94928290,2027-03-21,842.1869345432837,562.346725965316,482.42105277165,11214.938813593753,10855.172931822119,controller
94928290,2027-03-28,882.2477159400864,644.9232656712472,511.3173932271164,10855.172931822119,10484.24260910915,controller
94928290,2027-04-04,935.6620911358234,748.2279736344133,537.8984262312188,10484.24260910915,10086.478944204544,controller
94928290,2027-04-11,935.6620911358234,773.0882026909511,562.346725965316,10086.478944204544,9713.163579034035,controller
94928290,2027-04-18,935.6620911358234,796.4204130141079,644.9232656712472,9713.163579034035,9422.424753569458,controller
94928290,2027-04-25,935.662051038674,814.5915294599199,748.2279736344133,9422.424753569458,9234.990676165196,controller
94928290,2027-05-02,935.661810455777,826.3057984233407,773.0882026909511,9234.990676165196,9072.417068400371,controller
94928290,2027-05-09,935.661810455777,836.4666489086422,796.4204130141079,9072.417068400371,8933.175670958703,controller
94928290,2027-05-16,935.661810455777,845.1692362487465,814.5915294599199,8933.175670958703,8812.105389962846,controller
94928290,2027-05-23,935.661810455777,852.7361288109876,826.3057984233407,8812.105389962846,8702.74937793041,controller
94928290,2027-05-30,935.6620109415243,859.5711802916358,836.4666489086422,8702.74937793041,8603.55401589753,controller
94928290,2027-06-06,935.6620911358234,865.7710107101395,845.1692362487465,8603.55401589753,8513.061161010452,controller
94928290,2027-06-13,935.6620911358234,871.4268141405819,852.7361288109876,8513.061161010452,8430.135198685615,controller
94928290,2027-06-20,935.6620911358234,876.6096867858842,859.5711802916358,8430.135198685615,8354.044287841427,controller
94928290,2027-06-27,935.6619708443748,881.365188276473,865.7710107101395,8354.044287841427,8284.153327707192,controller
94928290,2027-07-04,935.661810455777,885.7331327019659,871.4268141405819,8284.153327707192,8219.918331391998,controller
94928290,2027-07-11,935.661810455777,889.7478199716655,876.6096867858842,8219.918331391998,8160.866207722107,controller
94928290,2027-07-18,935.661810455777,893.4385777010338,881.365188276473,8160.866207722107,8106.569585542804,controller
94928290,2027-07-25,935.661810455777,896.8321165872402,885.7331327019659,8106.569585542804,8056.640907788993,controller
94928290,2027-08-01,935.661810455777,899.9526589468534,889.7478199716655,8056.640907788993,8010.726917304883,controller
94928290,2027-08-08,935.661810455777,902.8222833521103,893.4385777010338,8010.726917304883,7968.50368455014,controller
94928290,2027-08-15,935.661810455777,905.4612353992817,896.8321165872402,7968.50368455014,7929.673990681604,controller
94928290,2027-08-22,935.661810455777,907.8880912660652,899.9526589468534,7929.673990681604,7893.9648391726805,controller
94928290,2027-08-29,935.6619708443748,910.1201538182696,902.8222833521103,7893.9648391726805,7861.125151680416,controller
94928290,2027-09-05,935.6620911358234,912.172814723709,905.4612353992817,7861.125151680416,7830.924295943875,controller
94928290,2027-09-12,935.6620911358234,914.0603682072428,907.8880912660652,7830.924295943875,7803.150296074117,controller
94928290,2027-09-19,935.6620911358234,915.7962431991027,910.1201538182696,7803.150296074117,7777.608358756564,controller
94928290,2027-09-26,935.6620109415243,917.3924939900012,912.172814723709,7777.608358756564,7754.119162538748,controller
94928290,2027-10-03,935.661810455777,918.8602680249937,914.0603682072428,7754.119162538748,7732.517720290214,controller
94928290,2027-10-10,935.661810455777,920.210358165527,915.7962431991027,7732.517720290214,7712.652153033539,controller
94928290,2027-10-17,935.661810455777,921.4519561190692,917.3924939900012,7712.652153033539,7694.382836567764,controller
94928290,2027-10-24,935.661810455777,922.5937883981802,918.8602680249937,7694.382836567764,7677.58129413698,controller
94928290,2027-10-31,935.662051038674,923.6442456744497,920.210358165527,7677.58129413698,7662.129601263833,controller
94928290,2027-11-07,935.6620911358234,924.6100366247456,921.4519561190692,7662.129601263833,7647.919466247079,controller
94928290,2027-11-14,935.6620911358234,925.4981700632927,922.5937883981802,7647.919466247079,7634.8511635094355,controller
94928290,2027-11-21,935.6620911358234,926.3149389843954,923.6442456744497,7634.8511635094355,7622.833318048061,controller
94928290,2027-11-28,935.6619307472254,927.0658137428343,924.6100366247456,7622.833318048061,7611.781423925581,controller
94928290,2027-12-05,935.661810455777,927.7563766883165,925.4981700632927,7611.781423925581,7601.617783533098,controller
94928290,2027-12-12,935.661810455777,928.3916042128468,926.3149389843954,7601.617783533098,7592.270912061716,controller
94928290,2027-12-19,935.661810455777,928.9757836798082,927.0658137428343,7592.270912061716,7583.674915348774,controller
94928290,2027-12-26,801.9958375335231,729.0140740909862,927.7563766883165,7583.674915348774,7709.435454503568,controller
94928290,2028-01-02,769.875,672.972784093527,928.3916042128468,7709.435454503568,7867.952058716415,controller
94928290,2028-01-09,769.875,663.065496330224,928.9757836798082,7867.952058716415,8027.052842396224,controller
94928290,2028-01-16,769.875,653.121697350236,729.0140740909862,8027.052842396224,7986.191916487211,controller
94928290,2028-01-23,769.875,655.6755052195493,672.972784093527,7986.191916487211,7889.289700580737,controller
94928290,2028-01-30,769.875,661.7318937137039,663.065496330224,7889.289700580737,7782.480196910961,controller
94928290,2028-02-06,769.875,668.4074876930649,653.121697350236,7782.480196910961,7665.726894261197,controller
94928291,2026-08-30,3003.375765581687,1208.0,68.0,33906.0,30970.624234418312,plan
94928291,2026-09-06,4204.726071814362,1484.0,896.0,30970.624234418312,27661.89816260395,plan
94928291,2026-09-13,4204.726071814362,1740.0,912.0,27661.89816260395,24369.172090789587,plan
94928291,2026-09-20,4204.726071814362,1832.0,1208.0,24369.172090789587,21372.446018975224,plan
94928291,2026-09-27,4243.2692028335905,2016.0,1484.0,21372.446018975224,18613.176816141633,plan
94928291,2026-10-04,4294.660044192563,1900.0,1740.0,18613.176816141633,16058.516771949071,plan
94928291,2026-10-11,4294.660044192563,2144.0,1832.0,16058.516771949071,13595.856727756509,plan
94928291,2026-10-18,4294.660044192563,2288.0,2016.0,13595.856727756509,11317.196683563947,plan
94928291,2026-10-25,4294.660044192563,2092.0,1900.0,11317.196683563947,8922.536639371385,plan
94928291,2026-11-01,4389.090386170285,6025.977039294716,2144.0,8922.536639371385,6677.4462532011,controller
94928291,2026-11-08,4389.090386170285,6166.295188430358,2288.0,6677.4462532011,4576.355867030816,controller
94928291,2026-11-15,4389.090386170285,6297.613337566001,2092.0,4576.355867030816,2279.265480860531,controller
94928291,2026-11-22,4389.090386170285,6441.181486701644,6025.977039294716,2279.265480860531,3916.1521339849623,controller
94928291,2026-11-29,4459.913157133104,6445.110227325595,6166.295188430358,3916.1521339849623,5622.534165282217,controller
94928291,2026-12-06,4488.242265518231,6380.955012947208,6297.613337566001,5622.534165282217,7431.905237329987,controller
94928291,2026-12-13,4488.242265518231,6267.869320944223,6441.181486701644,7431.905237329987,9384.8444585134,controller
94928291,2026-12-20,4488.242265518231,6145.810619620259,6445.110227325595,9384.8444585134,11341.712420320764,controller
94928291,2026-12-27,4517.9879349117755,6068.124876097616,6380.955012947208,11341.712420320764,13204.679498356196,controller
94928291,2027-01-03,4592.352108395635,6063.23569394619,6267.869320944223,13204.679498356196,14880.196710904786,controller
94928291,2027-01-10,4592.352108395635,5958.515868161903,6145.810619620259,14880.196710904786,16433.65522212941,controller
94928291,2027-01-17,4592.352108395635,5861.424711210364,6068.124876097616,16433.65522212941,17909.42798983139,controller
94928291,2027-01-24,4592.352108395635,5769.188913228991,6063.23569394619,17909.42798983139,19380.311575381944,controller
94928291,2027-01-31,4686.050468635012,5817.806229491147,5958.515868161903,19380.311575381944,20652.776974908833,controller
94928291,2027-02-07,4701.666862008242,5761.701732080561,5861.424711210364,20652.776974908833,21812.534824110953,controller
94928291,2027-02-14,4701.666862008242,5689.216866505429,5769.188913228991,21812.534824110953,22880.056875331702,controller
94928291,2027-02-21,4701.666862008242,5622.496738304131,5817.806229491147,22880.056875331702,23996.196242814607,controller
94928291,2027-02-28,4800.050688731311,5700.313767921054,5761.701732080561,23996.196242814607,24957.84728616386,controller
94928291,2027-03-07,4816.447993185157,5664.806534392495,5689.216866505429,24957.84728616386,25830.61615948413,controller
94928291,2027-03-14,4816.447993185157,5610.258479809978,5622.496738304131,25830.61615948413,26636.664904603105,controller
94928291,2027-03-21,4816.447993185157,5559.880433240042,5700.313767921054,26636.664904603105,27520.530679339,controller
94928291,2027-03-28,5126.356429198437,5969.501476338967,5664.806534392495,27520.530679339,28058.980784533058,controller
94928291,2027-04-04,5539.567677216144,6555.6652167909,5610.258479809978,28058.980784533058,28129.67158712689,controller
94928291,2027-04-11,5539.567677216144,6551.247041628785,5559.880433240042,28129.67158712689,28149.984343150783,controller
94928291,2027-04-18,5539.567677216144,6549.977494377292,5969.501476338967,28149.984343150783,28579.918142273607,controller
94928291,2027-04-25,5447.068373861741,6384.35767690051,6555.6652167909,28579.918142273607,29688.514985202764,controller
94928291,2027-05-02,4892.072553735325,5482.576644027814,6551.247041628785,29688.514985202764,31347.689473096227,controller
94928291,2027-05-09,4892.072553735325,5378.878238534473,6549.977494377292,31347.689473096227,33005.59441373819,controller
94928291,2027-05-16,4892.072553735325,5275.25917974435,6384.35767690051,33005.59441373819,34497.879536903376,controller
94928291,2027-05-23,4892.072553735325,5181.991359546526,5482.576644027814,34497.879536903376,35088.38362719587,controller
94928291,2027-05-30,4892.0727542210725,5145.085154631866,5378.878238534473,35088.38362719587,35575.18911150927,controller
94928291,2027-06-06,4892.072834415372,5114.659932153729,5275.25917974435,35575.18911150927,35958.37545683826,controller
94928291,2027-06-13,4892.072834415372,5090.710785570667,5181.991359546526,35958.37545683826,36248.293981969415,controller
94928291,2027-06-20,4892.072834415372,5072.59087774997,5145.085154631866,36248.293981969415,36501.30630218591,controller
94928291,2027-06-27,4892.072714123923,5056.777427299265,5114.659932153729,36501.30630218591,36723.893520215715,controller
94928291,2027-07-04,4892.072553735325,5042.865485589505,5090.710785570667,36723.893520215715,36922.53175205106,controller
94928291,2027-07-11,4892.072553735325,5030.450596099796,5072.59087774997,36922.53175205106,37103.0500760657,controller
94928291,2027-07-18,4892.072553735325,5019.168200848881,5056.777427299265,37103.0500760657,37267.75494962964,controller
94928291,2027-07-25,4892.072553735325,5008.874146251134,5042.865485589505,37267.75494962964,37418.54788148383,controller
94928291,2027-08-01,4892.072553735325,4999.449588010248,5030.450596099796,37418.54788148383,37556.92592384829,controller
94928291,2027-08-08,4892.072553735325,4990.800960362469,5019.168200848881,37556.92592384829,37684.02157096185,controller
94928291,2027-08-15,4892.072553735325,4982.857482417871,5008.874146251134,37684.02157096185,37800.82316347766,controller
94928291,2027-08-22,4892.072553735325,4975.557382885633,4999.449588010248,37800.82316347766,37908.20019775258,controller
94928291,2027-08-29,4892.072714123923,4968.846558826348,4990.800960362469,37908.20019775258,38006.92844399112,controller
94928291,2027-09-05,4892.072834415372,4962.676223873614,4982.857482417871,38006.92844399112,38097.71309199362,controller
94928291,2027-09-12,4892.072834415372,4957.002183373457,4975.557382885633,38097.71309199362,38181.197640463884,controller
94928291,2027-09-19,4892.072834415372,4951.7843990940655,4968.846558826348,38181.197640463884,38257.97136487486,controller
94928291,2027-09-26,4892.0727542210725,4946.98592102693,4962.676223873614,38257.97136487486,38328.5748345274,controller
94928291,2027-10-03,4892.072553735325,4942.572903445025,4957.002183373457,38328.5748345274,38393.504464165526,controller
94928291,2027-10-10,4892.072553735325,4938.514801592642,4951.7843990940655,38393.504464165526,38453.21630952427,controller
94928291,2027-10-17,4892.072553735325,4934.78281125772,4946.98592102693,38453.21630952427,38508.12967681588,controller
94928291,2027-10-24,4892.072553735325,4931.3507258019945,4942.572903445025,38508.12967681588,38558.630026525585,controller
94928291,2027-10-31,4892.072794318222,4928.194814819484,4938.514801592642,38558.630026525585,38605.0720338,controller
94928291,2027-11-07,4892.072834415372,4925.292249510558,4934.78281125772,38605.0720338,38647.782010642346,controller
94928291,2027-11-14,4892.072834415372,4922.622875957912,4931.3507258019945,38647.782010642346,38687.05990202897,controller
94928291,2027-11-21,4892.072834415372,4920.168007746248,4928.194814819484,38687.05990202897,38723.181882433084,controller
94928291,2027-11-28,4892.072674026773,4917.9101433880915,4925.292249510558,38723.181882433084,38756.40145791687,controller
94928291,2027-12-05,4892.072553735325,4915.833739483182,4922.622875957912,38756.40145791687,38786.951780139454,controller
94928291,2027-12-12,4892.072553735325,4913.924344344271,4920.168007746248,38786.951780139454,38815.04723415038,controller
94928291,2027-12-19,4892.072553735325,4912.168378468588,4917.9101433880915,38815.04723415038,38840.88482380315,controller
94928291,2027-12-26,4193.20504605885,3862.252267600578,4915.833739483182,38840.88482380315,39563.51351722748,controller
94928291,2028-01-02,4108.25,3689.6554051732824,4913.924344344271,39563.51351722748,40369.18786157175,controller
94928291,2028-01-09,4108.25,3639.3007586517656,4912.168378468588,40369.18786157175,41173.10624004034,controller
94928291,2028-01-16,4108.25,3589.055859997479,3862.252267600578,41173.10624004034,40927.108507640914,controller
94928291,2028-01-23,4108.25,3604.430718272443,3689.6554051732824,40927.108507640914,40508.5139128142,controller
94928291,2028-01-30,4108.25,3630.5928804491127,3639.3007586517656,40508.5139128142,40039.56467146596,controller
94928291,2028-02-06,4108.25,3659.9022080333775,3589.055859997479,40039.56467146596,39520.370531463435,controller
94928292,2026-08-30,3286.579992451016,552.0,12.0,54044.0,50769.420007548986,plan
94928292,2026-09-06,4601.211989431423,1656.0,600.0,50769.420007548986,46768.20801811756,plan
94928292,2026-09-13,4601.211989431423,1872.0,528.0,46768.20801811756,42694.99602868614,plan
94928292,2026-09-20,4601.211989431423,2400.0,552.0,42694.99602868614,38645.784039254715,plan
94928292,2026-09-27,4627.08196191321,8904.0,1656.0,38645.784039254715,35674.702077341506,plan
94928292,2026-10-04,4661.575258555593,9840.0,1872.0,35674.702077341506,32885.12681878591,plan
94928292,2026-10-11,4661.575258555593,26412.0,2400.0,32885.12681878591,30623.551560230317,plan_forward
94928292,2026-10-18,4661.575258555593,13860.0,8904.0,30623.551560230317,34865.97630167473,plan_forward
94928292,2026-10-25,4661.575258555593,3924.0,9840.0,34865.97630167473,40044.40104311914,plan
94928292,2026-11-01,2997.493432395205,1993.4650833978615,26412.0,40044.40104311914,63458.90761072394,controller
94928292,2026-11-08,2997.493432395205,530.0584229225619,13860.0,63458.90761072394,74321.41417832873,controller
94928292,2026-11-15,2997.493432395205,0.0,3924.0,74321.41417832873,75247.92074593353,controller
94928292,2026-11-22,2997.493432395205,0.0,1993.4650833978615,75247.92074593353,74243.8923969362,controller
94928292,2026-11-29,2997.493432395205,0.0,530.0584229225619,74243.8923969362,71776.45738746355,controller
94928292,2026-12-06,2997.493432395205,10.211561876335963,0.0,71776.45738746355,68778.96395506835,controller
94928292,2026-12-13,2997.493432395205,197.5549014010362,0.0,68778.96395506835,65781.47052267315,controller
94928292,2026-12-20,2997.493432395205,384.89824092573645,0.0,65781.47052267315,62783.97709027794,controller
94928292,2026-12-27,3472.9453827267444,1285.4195059477452,10.211561876335963,62783.97709027794,59321.243269427534,controller
94928292,2027-01-03,4661.575258555593,3284.7851834941685,197.5549014010362,59321.243269427534,54857.22291227298,controller
94928292,2027-01-10,4661.575258555593,3563.7864558163283,384.89824092573645,54857.22291227298,50580.54589464312,controller
94928292,2027-01-17,4661.575258555593,3831.0787694181945,1285.4195059477452,50580.54589464312,47204.39014203526,controller
94928292,2027-01-24,4661.575258555593,4042.0885039561854,3284.7851834941685,47204.39014203526,45827.60006697384,controller
94928292,2027-01-31,4756.6656486219,4270.773468746985,3563.7864558163283,45827.60006697384,44634.72087416827,controller
94928292,2027-02-07,4772.514046966285,4369.101015813911,3831.0787694181945,44634.72087416827,43693.285596620175,controller
94928292,2027-02-14,4772.514046966285,4427.940720660667,4042.0885039561854,43693.285596620175,42962.86005361007,controller
94928292,2027-02-21,4772.514046966285,4473.592317098797,4270.773468746985,42962.86005361007,42461.11947539077,controller
94928292,2027-02-28,4872.359157021656,4654.718768320561,4369.101015813911,42461.11947539077,41957.86133418302,controller
94928292,2027-03-07,4889.000008697551,4711.133679659887,4427.940720660667,41957.86133418302,41496.80204614614,controller
94928292,2027-03-14,4889.000008697551,4739.949885162192,4473.592317098797,41496.80204614614,41081.39435454739,controller
94928292,2027-03-21,4889.000008697551,4765.912865887114,4654.718768320561,41081.39435454739,40847.1131141704,controller
94928292,2027-03-28,5203.511477183292,5252.322646139288,4711.133679659887,40847.1131141704,40354.735316647,controller
94928292,2027-04-04,5622.860101830948,5912.119195455985,4739.949885162192,40354.735316647,39471.82509997824,controller
94928292,2027-04-11,5622.860101830948,5967.301083997782,4765.912865887114,39471.82509997824,38614.8778640344,controller
94928292,2027-04-18,5622.860101830948,6020.860286244272,5252.322646139288,38614.8778640344,38244.34040834274,controller
94928292,2027-04-25,5535.495813197292,5912.972444274516,5912.119195455985,38244.34040834274,38620.96379060143,controller
94928292,2027-05-02,5011.310081395349,5103.154885180434,5967.301083997782,38620.96379060143,39576.95479320386,controller
94928292,2027-05-09,5011.310081395349,5043.405447517782,6020.860286244272,39576.95479320386,40586.504998052784,controller
94928292,2027-05-16,5011.310081395349,4980.308559714724,5912.972444274516,40586.504998052784,41488.16736093195,controller
94928292,2027-05-23,5011.310081395349,4923.954662034776,5103.154885180434,41488.16736093195,41580.01216471703,controller
94928292,2027-05-30,5103.042491123435,5055.812976390338,5043.405447517782,41580.01216471703,41520.37512111138,controller
94928292,2027-06-06,5139.73545501467,5114.579737452545,4980.308559714724,41520.37512111138,41360.94822581143,controller
94928292,2027-06-13,5139.73545501467,5124.543918408791,4923.954662034776,41360.94822581143,41145.167432831535,controller
94928292,2027-06-20,5139.73545501467,5138.030217970034,5055.812976390338,41145.167432831535,41061.2449542072,controller
94928292,2027-06-27,5182.5242326127645,5207.458539281197,5114.579737452545,41061.2449542072,40993.30045904698,controller
94928292,2027-07-04,5239.5759360768925,5297.282625424903,5124.543918408791,40993.30045904698,40878.268441378874,controller
94928292,2027-07-11,5239.5759360768925,5304.472126529159,5138.030217970034,40878.268441378874,40776.72272327201,controller
94928292,2027-07-18,5239.5759360768925,5310.818733910838,5207.458539281197,40776.72272327201,40744.60532647631,controller
94928292,2027-07-25,5239.5759360768925,5312.826071210569,5297.282625424903,40744.60532647631,40802.31201582432,controller
94928292,2027-08-01,5239.5759360768925,5309.219403126319,5304.472126529159,40802.31201582432,40867.208206276584,controller
94928292,2027-08-08,5239.5759360768925,5305.163391223052,5310.818733910838,40867.208206276584,40938.45100411053,controller
94928292,2027-08-15,5239.5759360768925,5300.710716358431,5312.826071210569,40938.45100411053,41011.70113924421,controller
94928292,2027-08-22,5239.5759360768925,5296.132582912576,5309.219403126319,41011.70113924421,41081.344606293635,controller
94928292,2027-08-29,5239.575704404471,5291.779518713354,5305.163391223052,41081.344606293635,41146.932293112215,controller
94928292,2027-09-05,5239.575530650157,5287.680027655722,5300.710716358431,41146.932293112215,41208.067478820485,controller
94928292,2027-09-12,5239.575530650157,5283.859078548955,5296.132582912576,41208.067478820485,41264.6245310829,controller
94928292,2027-09-19,5239.575530650157,5280.324262782554,5291.779518713354,41264.6245310829,41316.8285191461,controller
94928292,2027-09-26,5239.575646486366,5277.061687282918,5287.680027655722,41316.8285191461,41364.932900315456,controller
94928292,2027-10-03,5239.5759360768925,5274.055597845623,5283.859078548955,41364.932900315456,41409.21604278752,controller
94928292,2027-10-10,5239.5759360768925,5271.287901441119,5280.324262782554,41409.21604278752,41449.96436949318,controller
94928292,2027-10-17,5239.5759360768925,5268.741131022015,5277.061687282918,41449.96436949318,41487.450120699206,controller
94928292,2027-10-24,5239.5759360768925,5266.398271571638,5274.055597845623,41487.450120699206,41521.92978246794,controller
94928292,2027-10-31,5239.575588568263,5264.242771448148,5271.287901441119,41521.92978246794,41553.642095340794,controller
94928292,2027-11-07,5239.575530650157,5262.260665016436,5268.741131022015,41553.642095340794,41582.80769571265,controller
94928292,2027-11-14,5239.575530650157,5260.4378149931945,5266.398271571638,41582.80769571265,41609.63043663413,controller
94928292,2027-11-21,5239.575530650157,5258.761393685602,5264.242771448148,41609.63043663413,41634.297677432114,controller
94928292,2027-11-28,5239.575762322577,5257.220038644358,5262.260665016436,41634.297677432114,41656.98258012597,controller
94928292,2027-12-05,5239.5759360768925,5255.802492857465,5260.4378149931945,41656.98258012597,41677.84445904227,controller
94928292,2027-12-12,5239.5759360768925,5254.498625425196,5258.761393685602,41677.84445904227,41697.02991665098,controller
94928292,2027-12-19,5239.5759360768925,5253.299534324653,5257.220038644358,41697.02991665098,41714.674019218444,controller
94928292,2027-12-26,4491.065088065907,4129.430505897708,5255.802492857465,41714.674019218444,42479.41142401,controller
94928292,2028-01-02,4171.0,3601.536785999375,5254.498625425196,42479.41142401,43562.9100494352,controller
94928292,2028-01-09,4171.0,3533.8181219103,5253.299534324653,43562.9100494352,44645.20958375985,controller
94928292,2028-01-16,4171.0,3466.174401015009,4129.430505897708,44645.20958375985,44603.640089657565,controller
94928292,2028-01-23,4171.0,3468.772494396402,3601.536785999375,44603.640089657565,44034.176875656936,controller
94928292,2028-01-30,4171.0,3504.3639452714415,3533.8181219103,44034.176875656936,43396.994997567235,controller
94928292,2028-02-06,4171.0,3544.187812652048,3466.174401015009,43396.994997567235,42692.16939858224,controller
94928293,2026-08-30,1374.0156897276393,2188.0,36.0,14491.0,13152.98431027236,plan
94928293,2026-09-06,1923.621965618695,1572.0,480.0,13152.98431027236,11709.362344653666,plan
94928293,2026-09-13,1923.621965618695,1852.0,1096.0,11709.362344653666,10881.74037903497,plan
94928293,2026-09-20,1923.621965618695,1932.0,2188.0,10881.74037903497,11146.118413416276,plan
94928293,2026-09-27,1939.8101605737556,1940.0,1572.0,11146.118413416276,10778.30825284252,plan
94928293,2026-10-04,1961.3944205138368,1924.0,1852.0,10778.30825284252,10668.913832328682,plan
94928293,2026-10-11,1961.3944205138368,2004.0,1932.0,10668.913832328682,10639.519411814847,plan
94928293,2026-10-18,1961.3944205138368,2128.0,1940.0,10639.519411814847,10618.12499130101,plan
94928293,2026-10-25,1961.3944205138368,1856.0,1924.0,10618.12499130101,10580.730570787175,plan
94928293,2026-11-01,2001.0548229622905,2340.2865737692373,2004.0,10580.730570787175,10583.675747824884,controller
94928293,2026-11-08,2001.0548229622905,2340.1025002043807,2128.0,10583.675747824884,10710.620924862593,controller
94928293,2026-11-15,2001.0548229622905,2332.1684266395237,1856.0,10710.620924862593,10565.566101900302,controller
94928293,2026-11-22,2001.0548229622905,2341.2343530746666,2340.2865737692373,10565.566101900302,10904.797852707248,controller
94928293,2026-11-29,2030.800670565388,2364.651140053879,2340.1025002043807,10904.797852707248,11214.099682346241,controller
94928293,2026-12-06,2042.699009606627,2363.1672842633006,2332.1684266395237,11214.099682346241,11503.569099379138,controller
94928293,2026-12-13,2042.699009606627,2345.0754456987443,2341.2343530746666,11503.569099379138,11802.104442847178,controller
94928293,2026-12-20,2042.699009606627,2326.416986731992,2364.651140053879,11802.104442847178,12124.056573294429,controller
94928293,2026-12-27,2055.1922121370617,2325.0347823746906,2363.1672842633006,12124.056573294429,12432.031645420666,controller
94928293,2027-01-03,2086.425218463149,2352.635849855932,2345.0754456987443,12432.031645420666,12690.681872656261,controller
94928293,2027-01-10,2086.425218463149,2336.4702106537075,2326.416986731992,12690.681872656261,12930.673640925104,controller
94928293,2027-01-17,2086.425218463149,2321.4707251369045,2325.0347823746906,12930.673640925104,13169.283204836645,controller
94928293,2027-01-24,2086.425218463149,2306.5576273924335,2352.635849855932,13169.283204836645,13435.493836229429,controller
94928293,2027-01-31,2125.778365365374,2348.949183283722,2336.4702106537075,13435.493836229429,13646.185681517763,controller
94928293,2027-02-07,2132.337223182412,2345.6192296787576,2321.4707251369045,13646.185681517763,13835.319183472255,controller
94928293,2027-02-14,2132.337223182412,2333.798385806602,2306.5576273924335,13835.319183472255,14009.539587682275,controller
94928293,2027-02-21,2132.337223182412,2322.9096105434755,2348.949183283722,14009.539587682275,14226.151547783584,controller
94928293,2027-02-28,2173.657937211163,2371.35243408027,2345.6192296787576,14226.151547783584,14398.112840251179,controller
94928293,2027-03-07,2180.544722882621,2370.935031808233,2333.798385806602,14398.112840251179,14551.36650317516,controller
94928293,2027-03-14,2180.544722882621,2361.356677875484,2322.9096105434755,14551.36650317516,14693.731390836014,controller
94928293,2027-03-21,2180.544722882621,2352.458872396681,2371.35243408027,14693.731390836014,14884.539102033663,controller
94928293,2027-03-28,2310.7066327634598,2535.7762552680856,2370.935031808233,14884.539102033663,14944.767501078437,controller
94928293,2027-04-04,2484.2558459379115,2792.335800089465,2361.356677875484,14944.767501078437,14821.86833301601,controller
94928293,2027-04-11,2484.2558459379115,2800.016998093367,2352.458872396681,14821.86833301601,14690.07135947478,controller
94928293,2027-04-18,2484.2558459379115,2808.2543089396936,2535.7762552680856,14690.07135947478,14741.591768804956,controller
94928293,2027-04-25,2448.099796244351,2750.800208816217,2792.335800089465,14741.591768804956,15085.827772650071,controller
94928293,2027-05-02,2231.163498082989,2403.881011333854,2800.016998093367,15085.827772650071,15654.68127266045,controller
94928293,2027-05-09,2231.163498082989,2368.3276675832053,2808.2543089396936,15654.68127266045,16231.772083517155,controller
94928293,2027-05-16,2231.163498082989,2332.2594919046614,2750.800208816217,16231.772083517155,16751.408794250383,controller
94928293,2027-05-23,2231.163498082989,2299.7821974838344,2403.881011333854,16751.408794250383,16924.12630750125,controller
94928293,2027-05-30,2269.127234202256,2345.932957084556,2368.3276675832053,16924.12630750125,17023.3267408822,controller
94928293,2027-06-06,2284.312728649963,2362.511171669807,2332.2594919046614,17023.3267408822,17071.273504136898,controller
94928293,2027-06-13,2284.312728649963,2359.5144989663886,2299.7821974838344,17071.273504136898,17086.74297297077,controller
94928293,2027-06-20,2284.312728649963,2358.547657164271,2345.932957084556,17086.74297297077,17148.363201405362,controller
94928293,2027-06-27,2308.23002341341,2390.5723350322796,2362.511171669807,17148.363201405362,17202.64434966176,controller
94928293,2027-07-04,2340.119749764673,2435.0143527931496,2359.5144989663886,17202.64434966176,17222.03909886348,controller
94928293,2027-07-11,2340.119749764673,2433.802180968042,2358.547657164271,17222.03909886348,17240.46700626308,controller
94928293,2027-07-18,2340.119749764673,2432.650436755567,2390.5723350322796,17240.46700626308,17290.91959153069,controller
94928293,2027-07-25,2340.119749764673,2429.4971501763416,2435.0143527931496,17290.91959153069,17385.814194559167,controller
94928293,2027-08-01,2398.716387488996,2511.4611940735463,2433.802180968042,17385.814194559167,17420.899988038214,controller
94928293,2027-08-08,2398.716387488996,2509.268331981106,2432.650436755567,17420.899988038214,17454.834037304787,controller
94928293,2027-08-15,2398.716387488996,2507.147453901945,2429.4971501763416,17454.834037304787,17485.614799992134,controller
94928293,2027-08-22,2398.716387488996,2505.223656233986,2511.4611940735463,17485.614799992134,17598.359606576683,controller
94928293,2027-08-29,2433.874886931295,2550.9148549858996,2509.268331981106,17598.359606576683,17673.753051626492,controller
94928293,2027-09-05,2460.2437615130193,2585.7560765428734,2507.147453901945,17673.753051626492,17720.656744015418,controller
94928293,2027-09-12,2460.2437615130193,2582.8245957685654,2505.223656233986,17720.656744015418,17765.636638736385,controller
94928293,2027-09-19,2460.2437615130193,2580.0133523485047,2550.9148549858996,17765.636638736385,17856.307732209265,controller
94928293,2027-09-26,2478.701691258084,2602.0333036240468,2585.7560765428734,17856.307732209265,17963.362117494053,controller
94928293,2027-10-03,2524.8465156207462,2664.559641087741,2582.8245957685654,17963.362117494053,18021.34019764187,controller
94928293,2027-10-10,2524.8465156207462,2660.9360110785024,2580.0133523485047,18021.34019764187,18076.50703436963,controller
94928293,2027-10-17,2524.8465156207462,2657.4880837830174,2602.0333036240468,18076.50703436963,18153.693822372934,controller
94928293,2027-10-24,2524.8465156207462,2652.663909532811,2664.559641087741,18153.693822372934,18293.40694783993,controller
94928293,2027-10-31,2582.9895209269307,2731.1463471504003,2660.9360110785024,18293.40694783993,18371.3534379915,controller
94928293,2027-11-07,2592.6800218112953,2740.810442842474,2657.4880837830174,18371.3534379915,18436.161499963222,controller
94928293,2027-11-14,2592.6800218112953,2736.7599389692414,2652.663909532811,18436.161499963222,18496.145387684737,controller
94928293,2027-11-21,2592.6800218112953,2733.010945986647,2731.1463471504003,18496.145387684737,18634.61171302384,controller
94928293,2027-11-28,2633.380410660909,2785.4073839273733,2740.810442842474,18634.61171302384,18742.041745205406,controller
94928293,2027-12-05,2663.9057022981196,2824.4809443718414,2736.7599389692414,18742.041745205406,18814.89598187653,controller
94928293,2027-12-12,2663.9057022981196,2819.9275545798964,2733.010945986647,18814.89598187653,18884.001225565058,controller
94928293,2027-12-19,2663.9057022981196,2815.6084768493633,2785.4073839273733,18884.001225565058,19005.502907194314,controller
94928293,2027-12-26,2283.3477448269596,2237.1776855407948,2824.4809443718414,19005.502907194314,19546.636106739195,controller
94928293,2028-01-02,1994.625,1770.2727433288003,2819.9275545798964,19546.636106739195,20371.93866131909,controller
94928293,2028-01-09,1994.625,1718.6913336675568,2815.6084768493633,20371.93866131909,21192.922138168455,controller
94928293,2028-01-16,1994.625,1667.3798663644716,2237.1776855407948,21192.922138168455,21435.47482370925,controller
94928293,2028-01-23,1994.625,1652.2203235181719,1770.2727433288003,21435.47482370925,21211.12256703805,controller
94928293,2028-01-30,1994.625,1666.2423395601218,1718.6913336675568,21211.12256703805,20935.18890070561,controller
94928293,2028-02-06,1994.625,1683.4881937058994,1667.3798663644716,20935.18890070561,20607.94376707008,controller
94979715,2026-08-30,788.1297353100344,336.0,1176.0,8043.0,8430.870264689966,plan
94979715,2026-09-06,1103.3816294340481,600.0,552.0,8430.870264689966,7879.488635255917,plan
94979715,2026-09-13,1103.3816294340481,528.0,384.0,7879.488635255917,7160.107005821868,plan
94979715,2026-09-20,1103.3816294340481,480.0,336.0,7160.107005821868,6392.72537638782,plan
94979715,2026-09-27,1106.8155493182055,576.0,600.0,6392.72537638782,5885.909827069614,plan
94979715,2026-10-04,1111.3941091637482,456.0,528.0,5885.909827069614,5302.515717905866,plan
94979715,2026-10-11,1111.3941091637482,528.0,480.0,5302.515717905866,4671.121608742118,plan
94979715,2026-10-18,1111.3941091637482,504.0,576.0,4671.121608742118,4135.72749957837,plan
94979715,2026-10-25,1111.3941091637482,504.0,456.0,4135.72749957837,3480.333390414622,plan
94979715,2026-11-01,1119.8063708397933,1462.188719358776,528.0,3480.333390414622,2888.527019574829,controller
94979715,2026-11-08,1119.8063708397933,1499.1766175362632,504.0,2888.527019574829,2272.720648735036,controller
94979715,2026-11-15,1119.8063708397933,1537.6645157137502,504.0,2272.720648735036,1656.9142778952425,controller
94979715,2026-11-22,1119.8063708397933,1576.1524138912373,1462.188719358776,1656.9142778952425,1999.2966264142253,controller
94979715,2026-11-29,1126.1161251154915,1564.2181485223482,1499.1766175362632,1999.2966264142253,2372.357118834997,controller
94979715,2026-12-06,1128.6400268257705,1544.6877203114684,1537.6645157137502,2372.357118834997,2781.3816077229767,controller
94979715,2026-12-13,1128.6400268257705,1519.1236897559697,1576.1524138912373,2781.3816077229767,3228.8939947884437,controller
94979715,2026-12-20,1128.6400268257705,1491.154165564378,1564.2181485223482,3228.8939947884437,3664.4721164850216,controller
94979715,2026-12-27,1131.2901810941448,1467.9057643609035,1544.6877203114684,3664.4721164850216,4077.869655702345,controller
94979715,2027-01-03,1137.9155667650798,1452.006496666223,1519.1236897559697,4077.869655702345,4459.077778693236,controller
94979715,2027-01-10,1137.9155667650798,1428.1809889792926,1491.154165564378,4459.077778693236,4812.316377492534,controller
94979715,2027-01-17,1137.9155667650798,1406.1035765543363,1467.9057643609035,4812.316377492534,5142.306575088358,controller
94979715,2027-01-24,1137.9155667650798,1385.4791892045973,1452.006496666223,5142.306575088358,5456.397504989502,controller
94979715,2027-01-31,1146.2633063993967,1378.3701155372512,1428.1809889792926,5456.397504989502,5738.315187569398,controller
94979715,2027-02-07,1147.6545963384497,1362.837195284587,1406.1035765543363,5738.315187569398,5996.764167785285,controller
94979715,2027-02-14,1147.6545963384497,1346.6841340210942,1385.4791892045973,5996.764167785285,6234.5887606514325,controller
94979715,2027-02-21,1147.6545963384497,1331.82009696696,1378.3701155372512,6234.5887606514325,6465.304279850234,controller
94979715,2027-02-28,1156.419518172612,1330.5477597682784,1362.837195284587,6465.304279850234,6671.721956962209,controller
94979715,2027-03-07,1157.8803384783057,1319.8378854073205,1346.6841340210942,6671.721956962209,6860.525752504997,controller
94979715,2027-03-14,1157.8803384783057,1308.0376481858962,1331.82009696696,6860.525752504997,7034.465510993652,controller
94979715,2027-03-21,1157.8803384783057,1297.1664132803553,1330.5477597682784,7034.465510993652,7207.1329322836245,controller
94979715,2027-03-28,1459.381939296442,1738.6271006769364,1319.8378854073205,7207.1329322836245,7067.588878394503,controller
94979715,2027-04-04,1861.3840737206237,2350.351805681279,1308.0376481858962,7067.588878394503,6514.242452859776,controller
94979715,2027-04-11,1861.3840737206237,2384.9359572771996,1297.1664132803553,6514.242452859776,5950.024792419507,controller
94979715,2027-04-18,1861.3840737206237,2420.1995610547165,1738.6271006769364,5950.024792419507,5827.26781937582,controller
94979715,2027-04-25,1867.942929310042,2437.7101552540744,2350.351805681279,5827.26781937582,6309.676695747057,controller
94979715,2027-05-02,1907.2960628465507,2466.589300785635,2384.9359572771996,6309.676695747057,6787.316590177706,controller
94979715,2027-05-09,1907.2960628465507,2436.7368073837197,2420.1995610547165,6787.316590177706,7300.220088385872,controller
94979715,2027-05-16,1907.2960628465507,2404.680338745709,2437.7101552540744,7300.220088385872,7830.634180793396,controller
94979715,2027-05-23,1907.2960628465507,2371.529457970239,2466.589300785635,7830.634180793396,8389.92741873248,controller
94979715,2027-05-30,1941.7307597325416,2388.2256759280326,2436.7368073837197,8389.92741873248,8884.93346638366,controller
94979715,2027-06-06,1955.5046384869381,2377.9486160814286,2404.680338745709,8884.93346638366,9334.10916664243,controller
94979715,2027-06-13,1955.5046384869381,2349.8751348152555,2371.529457970239,9334.10916664243,9750.133986125731,controller
94979715,2027-06-20,1955.5046384869381,2323.873583597549,2388.2256759280326,9750.133986125731,10182.855023566826,controller
94979715,2027-06-27,1977.1980384127505,2329.368618646199,2377.9486160814286,10182.855023566826,10583.605601235504,controller
94979715,2027-07-04,2006.122571647167,2347.7085073935314,2349.8751348152555,10583.605601235504,10927.358164403591,controller
94979715,2027-07-11,2006.122571647167,2326.223972195526,2323.873583597549,10927.358164403591,11245.109176353973,controller
94979715,2027-07-18,2006.122571647167,2306.364533948627,2329.368618646199,11245.109176353973,11568.355223353006,controller
94979715,2027-07-25,2006.122571647167,2286.1616560111875,2347.7085073935314,11568.355223353006,11909.94115909937,controller
94979715,2027-08-01,2059.2721452675305,2344.536895457585,2326.223972195526,11909.94115909937,12176.892986027366,controller
94979715,2027-08-08,2059.2721452675305,2327.8524062745855,2306.364533948627,12176.892986027366,12423.985374708462,controller
94979715,2027-08-15,2059.2721452675305,2312.409131982017,2286.1616560111875,12423.985374708462,12650.874885452118,controller
94979715,2027-08-22,2059.2721452675305,2298.2285375605384,2344.536895457585,12650.874885452118,12936.139635642174,controller
94979715,2027-08-29,2091.161550841597,2328.2335990347597,2327.8524062745855,12936.139635642174,13172.830491075161,controller
94979715,2027-09-05,2115.0786050221473,2349.3160018410235,2312.409131982017,13172.830491075161,13370.16101803503,controller
94979715,2027-09-12,2115.0786050221473,2336.9828439060316,2298.2285375605384,13370.16101803503,13553.310950573423,controller
94979715,2027-09-19,2115.0786050221473,2325.535973122382,2328.2335990347597,13553.310950573423,13766.465944586036,controller
94979715,2027-09-26,2131.8205638881545,2337.3267242956044,2349.3160018410235,13766.465944586036,13983.961382538906,controller
94979715,2027-10-03,2173.675461053174,2386.515605171079,2336.9828439060316,13983.961382538906,14147.268765391764,controller
94979715,2027-10-10,2173.675461053174,2376.3088937427756,2325.535973122382,14147.268765391764,14299.129277460974,controller
94979715,2027-10-17,2173.675461053174,2366.81761173845,2337.3267242956044,14299.129277460974,14462.780540703405,controller
94979715,2027-10-24,2173.675461053174,2356.589407785798,2386.515605171079,14462.780540703405,14675.62068482131,controller
94979715,2027-10-31,2226.4132102166222,2422.3935225236014,2376.3088937427756,14675.62068482131,14825.516368347464,controller
94979715,2027-11-07,2235.202835077197,2426.2094795940793,2366.81761173845,14825.516368347464,14957.131145008716,controller
94979715,2027-11-14,2235.202835077197,2417.983556052751,2356.589407785798,14957.131145008716,15078.517717717317,controller
94979715,2027-11-21,2235.202835077197,2410.3968952584632,2422.3935225236014,15078.517717717317,15265.708405163721,controller
94979715,2027-11-28,2272.1186945673267,2454.071266528257,2426.2094795940793,15265.708405163721,15419.799190190473,controller
94979715,2027-12-05,2299.805589184924,2485.9709343904815,2417.983556052751,15419.799190190473,15537.977157058302,controller
94979715,2027-12-12,2299.805589184924,2478.584811461242,2410.3968952584632,15537.977157058302,15648.568463131842,controller
94979715,2027-12-19,2299.805589184924,2471.672854831646,2454.071266528257,15648.568463131842,15802.834140475175,controller
94979715,2027-12-26,1971.2619335870775,1969.2157666009177,2485.9709343904815,15802.834140475175,16317.54314127858,controller
94979715,2028-01-02,1610.375,1395.7160536700887,2478.584811461242,16317.54314127858,17185.752952739822,controller
94979715,2028-01-09,1610.375,1341.4529404537611,2471.672854831646,17185.752952739822,18047.050807571468,controller
94979715,2028-01-16,1610.375,1287.6218245267833,1969.2157666009177,18047.050807571468,18405.891574172387,controller
94979715,2028-01-23,1610.375,1265.1942766142258,1395.7160536700887,18405.891574172387,18191.232627842477,controller
94979715,2028-01-30,1610.375,1278.6104607598452,1341.4529404537611,18191.232627842477,17922.310568296238,controller
94979715,2028-02-06,1610.375,1295.4180894814851,1287.6218245267833,17922.310568296238,17599.557392823022,controller
94979716,2026-08-30,608.0957648299511,794.5811472449267,0.0,1881.0,1272.9042351700489,controller
94979716,2026-09-06,851.3340707619315,1197.4445914447692,0.0,1272.9042351700489,421.5701644081174,controller
94979716,2026-09-13,851.3340707619315,1250.6529708673897,0.0,421.5701644081174,0.0,controller
94979716,2026-09-20,851.3340707619315,504.0,794.5811472449267,0.0,0.0,plan
94979716,2026-09-27,851.3340707619315,96.0,1197.4445914447692,0.0,346.1105206828378,plan
94979716,2026-10-04,851.3340707619316,96.0,1250.6529708673897,346.1105206828378,745.429420788296,plan
94979716,2026-10-11,851.3340707619316,96.0,504.0,745.429420788296,398.0953500263645,plan
94979716,2026-10-18,851.3340707619316,24.0,96.0,398.0953500263645,0.0,plan
94979716,2026-10-25,851.3340707619316,72.0,96.0,0.0,0.0,plan
94979716,2026-11-01,851.3340707619315,1277.0011061428972,96.0,0.0,0.0,controller
94979716,2026-11-08,851.3340707619315,1277.0011061428972,24.0,0.0,0.0,controller
94979716,2026-11-15,851.3340707619315,1277.0011061428972,72.0,0.0,0.0,controller
94979716,2026-11-22,851.3340707619315,1277.0011061428972,1277.0011061428972,0.0,425.6670353809658,controller
94979716,2026-11-29,851.3340707619316,1250.396916431587,1277.0011061428972,425.6670353809658,851.3340707619316,controller
94979716,2026-12-06,851.3340707619316,1223.7927267202767,1277.0011061428972,851.3340707619316,1277.001106142897,controller
94979716,2026-12-13,851.3340707619316,1197.1885370089663,1277.0011061428972,1277.001106142897,1702.668141523863,controller
94979716,2026-12-20,851.3340707619316,1170.584347297656,1250.396916431587,1702.668141523863,2101.7309871935186,controller
94979716,2026-12-27,851.3340707619316,1145.6429194433024,1223.7927267202767,2101.7309871935186,2474.1896431518635,controller
94979716,2027-01-03,851.3340707619316,1122.364253445906,1197.1885370089663,2474.1896431518635,2820.0441093988984,controller
94979716,2027-01-10,851.3340707619316,1100.7483493054663,1170.584347297656,2820.0441093988984,3139.2943859346224,controller
94979716,2027-01-17,851.3340707619316,1080.7952070219835,1145.6429194433024,3139.2943859346224,3433.6032346159927,controller
94979716,2027-01-24,851.3340707619316,1062.4009039793978,1122.364253445906,3433.6032346159927,3704.633417299967,controller
94979716,2027-01-31,851.3340707619315,1045.4615175616493,1100.7483493054663,3704.633417299967,3954.0476958435015,controller
94979716,2027-02-07,851.3340707619315,1029.8731251526783,1080.7952070219835,3954.0476958435015,4183.508832103553,controller
94979716,2027-02-14,851.3340707619315,1015.5318041364251,1062.4009039793978,4183.508832103553,4394.575665321019,controller
94979716,2027-02-21,851.3340707619315,1002.3401270603335,1045.4615175616493,4394.575665321019,4588.7031121207365,controller
94979716,2027-02-28,851.3340707619315,990.2071616353512,1029.8731251526783,4588.7031121207365,4767.242166511483,controller
94979716,2027-03-07,851.3340707619316,979.0484707359296,1015.5318041364251,4767.242166511483,4931.439899885977,controller
94979716,2027-03-14,851.3340707619316,968.7861124000237,1002.3401270603335,4931.439899885977,5082.445956184379,controller
94979716,2027-03-21,851.3340707619316,959.3482338813737,990.2071616353512,5082.445956184379,5221.319047057798,controller
94979716,2027-03-28,851.3340707619315,950.6686657017848,979.0484707359296,5221.319047057798,5349.033447031796,controller
94979716,2027-04-04,851.3340707619315,942.6865157034099,968.7861124000237,5349.033447031796,5466.485488669888,controller
94979716,2027-04-11,851.3340707619315,935.3457631010292,959.3482338813737,5466.485488669888,5574.49965178933,controller
94979716,2027-04-18,851.3340707619315,928.5948779060641,950.6686657017848,5574.49965178933,5673.834246729182,controller
94979716,2027-04-25,1739.1995051349772,2254.184617281892,942.6865157034099,5673.834246729182,4877.321257297615,controller
94979716,2027-05-02,7066.392111373252,10294.755588478776,935.3457631010292,4877.321257297615,0.0,controller
94979716,2027-05-09,7066.392111373252,10599.58816705988,928.5948779060641,0.0,0.0,controller
94979716,2027-05-16,7066.392111373252,10599.58816705988,2254.184617281892,0.0,0.0,controller
94979716,2027-05-23,7066.392111373252,10599.58816705988,10294.755588478776,0.0,3228.363477105524,controller
94979716,2027-05-30,7066.391910887504,10397.815149012162,10599.58816705988,3228.363477105524,6761.559733277899,controller
94979716,2027-06-06,7066.391830693205,10176.990262709938,10599.58816705988,6761.559733277899,10294.756069644574,controller
94979716,2027-06-13,7066.391830693205,9956.165491687021,10599.58816705988,10294.756069644574,13827.95240601125,controller
94979716,2027-06-20,7066.391830693205,9735.340720664104,10397.815149012162,13827.95240601125,17159.37572433021,controller
94979716,2027-06-27,7066.391950984653,9527.126943706342,10176.990262709938,17159.37572433021,20269.974036055493,controller
94979716,2027-07-04,7066.392111373252,9332.71478980641,9956.165491687021,20269.974036055493,23159.74741636926,controller
94979716,2027-07-11,7066.392111373252,9152.1039535368,9735.340720664104,23159.74741636926,25828.696025660116,controller
94979716,2027-07-18,7066.392111373252,8985.29466545612,9527.126943706342,25828.696025660116,28289.43085799321,controller
94979716,2027-07-25,7066.392111373252,8831.498738435303,9332.71478980641,28289.43085799321,30555.753536426375,controller
94979716,2027-08-01,7066.392111373252,8689.853571033229,9152.1039535368,30555.753536426375,32641.465378589928,controller
94979716,2027-08-08,7066.392111373252,8559.496580898009,8985.29466545612,32641.465378589928,34560.3679326728,controller
94979716,2027-08-15,7066.392111373252,8439.565171267828,8831.498738435303,34560.3679326728,36325.47455973485,controller
94979716,2027-08-22,7066.392111373252,8329.24600707645,8689.853571033229,36325.47455973485,37948.93601939483,controller
94979716,2027-08-29,7066.391950984653,8227.779425264802,8559.496580898009,37948.93601939483,39442.04064930819,controller
94979716,2027-09-05,7066.391830693205,8134.460205458045,8439.565171267828,39442.04064930819,40815.21398988282,controller
94979716,2027-09-12,7066.391830693205,8048.636871672131,8329.24600707645,40815.21398988282,42078.068166266065,controller
94979716,2027-09-19,7066.391830693205,7969.708485648178,8227.779425264802,42078.068166266065,43239.45576083766,controller
94979716,2027-09-26,7066.391910887504,7897.121881278903,8134.460205458045,43239.45576083766,44307.524055408205,controller
94979716,2027-10-03,7066.392111373252,7830.367913596865,8048.636871672131,44307.524055408205,45289.76881570709,controller
94979716,2027-10-10,7066.392111373252,7768.977616078186,7969.708485648178,45289.76881570709,46193.08518998201,controller
94979716,2027-10-17,7066.392111373252,7712.520342686003,7897.121881278903,46193.08518998201,47023.81495988766,controller
94979716,2027-10-24,7066.392111373252,7660.599732066899,7830.367913596865,47023.81495988766,47787.790762111275,controller
94979716,2027-10-31,7066.391870790355,7612.850883553578,7768.977616078186,47787.790762111275,48490.3765073991,controller
94979716,2027-11-07,7066.391830693205,7568.9392143273635,7712.520342686003,48490.3765073991,49136.5050193919,controller
94979716,2027-11-14,7066.391830693205,7528.556182327813,7660.599732066899,49136.5050193919,49730.712920765596,controller
94979716,2027-11-21,7066.391830693205,7491.418188491957,7612.850883553578,49730.712920765596,50277.17197362597,controller
94979716,2027-11-28,7066.391991081804,7457.264738271083,7568.9392143273635,50277.17197362597,50779.719196871534,controller
94979716,2027-12-05,7066.392111373252,7425.855717255407,7528.556182327813,50779.719196871534,51241.883267826095,controller
94979716,2027-12-12,7066.392111373252,7396.970462820747,7491.418188491957,51241.883267826095,51666.909344944805,controller
94979716,2027-12-19,7066.392111373252,7370.406333000828,7457.264738271083,51666.909344944805,52057.78197184264,controller
94979716,2027-12-26,6056.907524034215,5831.749912811158,7425.855717255407,52057.78197184264,53426.73016506383,controller
94979716,2028-01-02,1453.625,0.0,7396.970462820747,53426.73016506383,59370.07562788458,controller
94979716,2028-01-09,1453.625,0.0,7370.406333000828,59370.07562788458,65286.8569608854,controller
94979716,2028-01-16,1453.625,0.0,5831.749912811158,65286.8569608854,69664.98187369655,controller
94979716,2028-01-23,1453.625,0.0,0.0,69664.98187369655,68211.35687369655,controller
94979716,2028-01-30,1453.625,0.0,0.0,68211.35687369655,66757.73187369655,controller
94979716,2028-02-06,1453.625,0.0,0.0,66757.73187369655,65304.10687369655,controller
94979717,2026-08-30,943.8645849141238,1698.0,684.0,7373.0,7113.135415085876,plan
94979717,2026-09-06,1321.4104188797735,996.0,1026.0,7113.135415085876,6817.724996206102,plan
94979717,2026-09-13,1321.4104188797735,1014.0,942.0,6817.724996206102,6438.314577326329,plan
94979717,2026-09-20,1321.4104188797735,1044.0,1698.0,6438.314577326329,6814.904158446555,plan
94979717,2026-09-27,1323.3805923210166,1050.0,996.0,6814.904158446555,6487.523566125538,plan
94979717,2026-10-04,1326.0074902426738,960.0,1014.0,6487.523566125538,6175.516075882864,plan
94979717,2026-10-11,1326.0074902426738,930.0,1044.0,6175.516075882864,5893.50858564019,plan
94979717,2026-10-18,1326.0074902426738,996.0,1050.0,5893.50858564019,5617.501095397516,plan
94979717,2026-10-25,1326.0074902426738,882.0,960.0,5617.501095397516,5251.493605154842,plan
94979717,2026-11-01,1326.007490242674,1660.7928850418334,930.0,5251.493605154842,4855.486114912168,controller
94979717,2026-11-08,1326.007490242674,1685.5433531820006,996.0,4855.486114912168,4525.478624669494,controller
94979717,2026-11-15,1326.007490242674,1706.1688213221678,882.0,4525.478624669494,4081.47113442682,controller
94979717,2026-11-22,1326.007490242674,1733.9192894623347,1660.7928850418334,4081.47113442682,4416.25652922598,controller
94979717,2026-11-29,1326.007490242674,1712.9952022873874,1685.5433531820006,4416.25652922598,4775.792392165306,controller
94979717,2026-12-06,1326.0074902426738,1690.524210853679,1706.1688213221678,4775.792392165306,5155.9537232448,controller
94979717,2026-12-13,1326.0074902426738,1666.7641276612108,1733.9192894623347,5155.9537232448,5563.865522464461,controller
94979717,2026-12-20,1326.0074902426738,1641.2696402099818,1712.9952022873874,5563.865522464461,5950.853234509174,controller
94979717,2026-12-27,1326.007490242674,1617.0829082071878,1690.524210853679,5950.853234509174,6315.36995512018,controller
94979717,2027-01-03,1326.0074902426738,1594.3006131689995,1666.7641276612108,6315.36995512018,6656.126592538717,controller
94979717,2027-01-10,1326.0074902426738,1573.003323330341,1641.2696402099818,6656.126592538717,6971.388742506025,controller
94979717,2027-01-17,1326.0074902426738,1553.2994389573842,1617.0829082071878,6971.388742506025,7262.464160470538,controller
94979717,2027-01-24,1326.0074902426738,1535.1072253346022,1594.3006131689995,7262.464160470538,7530.757283396863,controller
94979717,2027-01-31,1326.007490242674,1518.3389051517072,1573.003323330341,7530.757283396863,7777.75311648453,controller
94979717,2027-02-07,1326.0074902426738,1502.9016655837277,1553.2994389573842,7777.75311648453,8005.0450651992405,controller
94979717,2027-02-14,1326.0074902426738,1488.6959187890582,1535.1072253346022,8005.0450651992405,8214.14480029117,controller
94979717,2027-02-21,1326.0074902426738,1475.6271853458127,1518.3389051517072,8214.14480029117,8406.476215200204,controller
94979717,2027-02-28,1326.007490242674,1463.6064719139983,1502.9016655837277,8406.476215200204,8583.370390541259,controller
94979717,2027-03-07,1326.0074902426738,1452.5505859551822,1488.6959187890582,8583.370390541259,8746.058819087644,controller
94979717,2027-03-14,1326.0074902426738,1442.3825591710329,1475.6271853458127,8746.058819087644,8895.678514190784,controller
94979717,2027-03-21,1326.0074902426738,1433.0313282270868,1463.6064719139983,8895.678514190784,9033.277495862108,controller
94979717,2027-03-28,1662.2421374705991,1928.783362714517,1452.5505859551822,9033.277495862108,8823.58594434669,controller
94979717,2027-04-04,2110.5550004411657,2614.3583791400806,1442.3825591710329,8823.58594434669,8155.413503076559,controller
94979717,2027-04-11,2110.5550004411657,2656.1191567194637,1433.0313282270868,8155.413503076559,7477.889830862481,controller
94979717,2027-04-18,2110.5550004411657,2698.4643862328435,1928.783362714517,7477.889830862481,7296.118193135833,controller
94979717,2027-04-25,2110.555000441166,2709.8251135907594,2614.3583791400806,7296.118193135833,7799.921571834749,controller
94979717,2027-05-02,2110.5550004411657,2678.3374024220766,2656.1191567194637,7799.921571834749,8345.485728113048,controller
94979717,2027-05-09,2110.5550004411657,2644.239642654683,2698.4643862328435,8345.485728113048,8933.395113904726,controller
94979717,2027-05-16,2110.5550004411657,2607.4953060427033,2709.8251135907594,8933.395113904726,9532.66522705432,controller
94979717,2027-05-23,2110.5550004411657,2570.0409239708533,2678.3374024220766,9532.66522705432,10100.44762903523,controller
94979717,2027-05-30,2110.5550004411657,2534.5545238470468,2644.239642654683,10100.44762903523,10634.132271248747,controller
94979717,2027-06-06,2110.5550004411657,2501.1992337087017,2607.4953060427033,10634.132271248747,11131.072576850285,controller
94979717,2027-06-13,2110.5550004411657,2470.1404646086057,2570.0409239708533,11131.072576850285,11590.558500379973,controller
94979717,2027-06-20,2110.5550004411657,2441.422594388,2534.5545238470468,11590.558500379973,12014.558023785854,controller
94979717,2027-06-27,2110.5550004411657,2414.9226241751326,2501.1992337087017,12014.558023785854,12405.20225705339,controller
94979717,2027-07-04,2110.5550004411657,2390.5073595959116,2470.1404646086057,12405.20225705339,12764.787721220831,controller
94979717,2027-07-11,2110.5550004411657,2368.0332680854467,2441.422594388,12764.787721220831,13095.655315167665,controller
94979717,2027-07-18,2110.5550004411657,2347.3540434637694,2414.9226241751326,13095.655315167665,13400.022938901633,controller
94979717,2027-07-25,2110.5550004411657,2328.3310669803964,2390.5073595959116,13400.022938901633,13679.975298056379,controller
94979717,2027-08-01,2110.5550004411657,2310.834044533225,2368.0332680854467,13679.975298056379,13937.45356570066,controller
94979717,2027-08-08,2110.5550004411657,2294.7416528054573,2347.3540434637694,13937.45356570066,14174.252608723264,controller
94979717,2027-08-15,2110.5550004411657,2279.9417126165445,2328.3310669803964,14174.252608723264,14392.028675262494,controller
94979717,2027-08-22,2110.5550004411657,2266.330708457843,2310.834044533225,14392.028675262494,14592.307719354552,controller
94979717,2027-08-29,2110.5550004411657,2253.813268202089,2294.7416528054573,14592.307719354552,14776.494371718845,controller
94979717,2027-09-05,2110.5550004411657,2242.3016024293206,2279.9417126165445,14776.494371718845,14945.881083894225,controller
94979717,2027-09-12,2110.5550004411657,2231.7149329183594,2266.330708457843,14945.881083894225,15101.656791910902,controller
94979717,2027-09-19,2110.5550004411657,2221.978951167317,2253.813268202089,15101.656791910902,15244.915059671826,controller
94979717,2027-09-26,2110.5550004411657,2213.0253094322593,2242.3016024293206,15244.915059671826,15376.66166165998,controller
94979717,2027-10-03,2110.5550004411657,2204.7911468079997,2231.7149329183594,15376.66166165998,15497.821594137173,controller
94979717,2027-10-10,2110.5550004411657,2197.2186510281754,2221.978951167317,15497.821594137173,15609.245544863325,controller
94979717,2027-10-17,2110.5550004411657,2190.254654107791,2213.0253094322593,15609.245544863325,15711.715853854419,controller
94979717,2027-10-24,2110.5550004411657,2183.8502597958473,2204.7911468079997,15711.715853854419,15805.952000221254,controller
94979717,2027-10-31,2110.555000441166,2177.960500647921,2197.2186510281754,15805.952000221254,15892.61565080826,controller
94979717,2027-11-07,2110.5550004411657,2172.5440224862323,2190.254654107791,15892.61565080826,15972.315304474885,controller
94979717,2027-11-14,2110.5550004411657,2167.562794132068,2183.8502597958473,15972.315304474885,16045.610563829568,controller
94979717,2027-11-21,2110.5550004411657,2162.9818404224006,2177.960500647921,16045.610563829568,16113.016064036323,controller
94979717,2027-11-28,2110.555000441166,2158.768996659479,2172.5440224862323,16113.016064036323,16175.00508608139,controller
94979717,2027-12-05,2110.5550004411657,2154.8946827816617,2167.562794132068,16175.00508608139,16232.012879772292,controller
94979717,2027-12-12,2110.5550004411657,2151.3316956759804,2162.9818404224006,16232.012879772292,16284.439719753527,controller
94979717,2027-12-19,2110.5550004411657,2148.055018177153,2158.768996659479,16284.439719753527,16332.653715971841,controller
94979717,2027-12-26,1809.047143235285,1692.7798576046873,2154.8946827816617,16332.653715971841,16678.50125551822,controller
94979717,2028-01-02,1251.375,834.6561715301114,2151.3316956759804,16678.50125551822,17578.4579511942,controller
94979717,2028-01-09,1251.375,778.4088780503625,2148.055018177153,17578.4579511942,18475.137969371353,controller
94979717,2028-01-16,1251.375,722.3663769142904,1692.7798576046873,18475.137969371353,18916.54282697604,controller
94979717,2028-01-23,1251.375,694.7785733139974,834.6561715301114,18916.54282697604,18499.823998506152,controller
94979717,2028-01-30,1251.375,720.8235000933655,778.4088780503625,18499.823998506152,18026.857876556514,controller
94979717,2028-02-06,1251.375,750.3838827152179,722.3663769142904,18026.857876556514,17497.849253470806,controller
94979718,2026-08-30,1132.1235927772284,2112.0,1032.0,6114.0,6013.876407222771,plan
94979718,2026-09-06,1584.9730298881195,1752.0,1896.0,6013.876407222771,6324.903377334652,plan
94979718,2026-09-13,1584.9730298881195,1464.0,1800.0,6324.903377334652,6539.930347446532,plan
94979718,2026-09-20,1584.9730298881195,1536.0,2112.0,6539.930347446532,7066.957317558413,plan
94979718,2026-09-27,1596.9836231270351,1608.0,1752.0,7066.957317558413,7221.973694431377,plan
94979718,2026-10-04,1612.9977474455895,1344.0,1464.0,7221.973694431377,7072.975946985787,plan
94979718,2026-10-11,1612.9977474455895,1536.0,1536.0,7072.975946985787,6995.978199540197,plan
94979718,2026-10-18,1612.9977474455895,1488.0,1608.0,6995.978199540197,6990.980452094607,plan
94979718,2026-10-25,1612.9977474455895,1512.0,1344.0,6990.980452094607,6721.982704649017,plan
94979718,2026-11-01,1642.4243370890385,2043.5125865929942,1536.0,6721.982704649017,6615.558367559979,controller
94979718,2026-11-08,1642.4243370890385,2050.164107661059,1488.0,6615.558367559979,6461.134030470941,controller
94979718,2026-11-15,1642.4243370890385,2059.815628729124,1512.0,6461.134030470941,6330.709693381903,controller
94979718,2026-11-22,1642.4243370890385,2067.967149797189,2043.5125865929942,6330.709693381903,6731.79794288586,controller
94979718,2026-11-29,1664.4937413515358,2076.0032405969378,2050.164107661059,6731.79794288586,7117.468309195383,controller
94979718,2026-12-06,1673.3215030565345,2065.1404852600904,2059.815628729124,7117.468309195383,7503.962434867973,controller
94979718,2026-12-13,1673.3215030565345,2040.9846024055535,2067.967149797189,7503.962434867973,7898.608081608628,controller
94979718,2026-12-20,1673.3215030565345,2016.3192494842626,2076.0032405969378,7898.608081608628,8301.28981914903,controller
94979718,2026-12-27,1682.5908947662524,2005.0557284525644,2065.1404852600904,8301.28981914903,8683.839409642867,controller
94979718,2027-01-03,1705.7643740405463,2015.90659795814,2040.9846024055535,8683.839409642867,9019.059638007875,controller
94979718,2027-01-10,1705.7643740405463,1994.9553336853273,2016.3192494842626,9019.059638007875,9329.614513451592,controller
94979718,2027-01-17,1705.7643740405463,1975.545653970095,2005.0557284525644,9329.614513451592,9628.90586786361,controller
94979718,2027-01-24,1705.7643740405463,1956.8399443193439,2015.90659795814,9628.90586786361,9939.048091781204,controller
94979718,2027-01-31,1734.9626314207962,1981.2534413948692,1994.9553336853273,9939.048091781204,10199.040794045735,controller
94979718,2027-02-07,1739.8290076508379,1972.3034618483985,1975.545653970095,10199.040794045735,10434.757440364992,controller
94979718,2027-02-14,1739.8290076508379,1957.5711714534448,1956.8399443193439,10434.757440364992,10651.768377033499,controller
94979718,2027-02-21,1739.8290076508379,1944.0079879116631,1981.2534413948692,10651.768377033499,10893.19281077753,controller
94979718,2027-02-28,1770.48697311823,1974.9059090037495,1972.3034618483985,10893.19281077753,11095.009299507698,controller
94979718,2027-03-07,1775.596634029462,1969.9568698249618,1957.5711714534448,11095.009299507698,11276.98383693168,controller
94979718,2027-03-14,1775.596634029462,1958.583461235963,1944.0079879116631,11276.98383693168,11445.395190813882,controller
94979718,2027-03-21,1775.596634029462,1948.0577516183253,1974.9059090037495,11445.395190813882,11644.70446578817,controller
94979718,2027-03-28,2238.7869696004273,2630.38642528888,1969.9568698249618,11644.70446578817,11375.874366012706,controller
94979718,2027-04-04,2856.374083695048,3573.5689776667778,1958.583461235963,11375.874366012706,10478.083743553621,controller
94979718,2027-04-11,2856.374083695048,3629.6808915704705,1948.0577516183253,10478.083743553621,9569.7674114769,controller
94979718,2027-04-18,2856.374083695048,3686.4506623252655,2630.38642528888,9569.7674114769,9343.779753070732,controller
94979718,2027-04-25,2869.4590889655997,3720.202398881479,3573.5689776667778,9343.779753070732,10047.889641771912,controller
94979718,2027-05-02,2947.9691205889085,3793.9605782726185,3629.6808915704705,10047.889641771912,10729.601412753475,controller
94979718,2027-05-09,2947.9691205889085,3751.3535925862707,3686.4506623252655,10729.601412753475,11468.082954489832,controller
94979718,2027-05-16,2947.9691205889085,3705.1984962277484,3720.202398881479,11468.082954489832,12240.316232782401,controller
94979718,2027-05-23,2947.9691205889085,3656.9339163344625,3793.9605782726185,12240.316232782401,13086.307690466112,controller
94979718,2027-05-30,3016.6650496368648,3707.103343801165,3751.3535925862707,13086.307690466112,13820.996233415517,controller
94979718,2027-06-06,3044.1434212560475,3702.4028672956015,3705.1984962277484,13820.996233415517,14482.05130838722,controller
94979718,2027-06-13,3044.1434212560475,3661.08692510987,3656.9339163344625,14482.05130838722,15094.841803465633,controller
94979718,2027-06-20,3044.1434212560475,3622.7875191674693,3707.103343801165,15094.841803465633,15757.80172601075,controller
94979718,2027-06-27,3087.422186021172,3646.270671156086,3702.4028672956015,15757.80172601075,16372.78240728518,controller
94979718,2027-07-04,3145.1272057080046,3694.3919081066833,3661.08692510987,16372.78240728518,16888.742126687044,controller
94979718,2027-07-11,3145.1272057080046,3662.1444256440664,3622.7875191674693,16888.742126687044,17366.402440146507,controller
94979718,2027-07-18,3145.1272057080046,3632.29065605285,3646.270671156086,17366.402440146507,17867.545905594587,controller
94979718,2027-07-25,3145.1272057080046,3600.969189462345,3694.3919081066833,17867.545905594587,18416.810607993262,controller
94979718,2027-08-01,3251.160642504636,3725.6903007573756,3662.1444256440664,18416.810607993262,18827.79439113269,controller
94979718,2027-08-08,3251.160642504636,3700.003814311161,3632.29065605285,18827.79439113269,19208.924404680904,controller
94979718,2027-08-15,3251.160642504636,3676.183188464398,3600.969189462345,19208.924404680904,19558.732951638613,controller
94979718,2027-08-22,3251.160642504636,3654.320154279541,3725.6903007573756,19558.732951638613,20033.26260989135,controller
94979718,2027-08-29,3314.780116491089,3720.091261618424,3700.003814311161,20033.26260989135,20418.48630771142,controller
94979718,2027-09-05,3362.4947219809287,3767.5866887394295,3676.183188464398,20418.48630771142,20732.17477419489,controller
94979718,2027-09-12,3362.4947219809287,3747.9811595842125,3654.320154279541,20732.17477419489,21024.0002064935,controller
94979718,2027-09-19,3362.4947219809287,3729.7420700655493,3720.091261618424,21024.0002064935,21381.596746130996,controller
94979718,2027-09-26,3369.2656603045903,3717.548693823698,3767.5866887394295,21381.596746130996,21779.917774565834,controller
94979718,2027-10-03,3386.193006113744,3718.0446482602515,3747.9811595842125,21779.917774565834,22141.705928036303,controller
94979718,2027-10-10,3386.193006113744,3695.432888668347,3729.7420700655493,22141.705928036303,22485.25499198811,controller
94979718,2027-10-17,3386.193006113744,3673.9610721713593,3717.548693823698,22485.25499198811,22816.610679698064,controller
94979718,2027-10-24,3386.193006113744,3653.251341689487,3718.0446482602515,22816.610679698064,23148.462321844574,controller
94979718,2027-10-31,3386.192658605115,3632.510092792387,3695.432888668347,23148.462321844574,23457.702551907805,controller
94979718,2027-11-07,3386.1926006870103,3613.1824915362777,3673.9610721713593,23457.702551907805,23745.471023392154,controller
94979718,2027-11-14,3386.1926006870103,3595.196962068506,3653.251341689487,23745.471023392154,24012.529764394632,controller
94979718,2027-11-21,3386.1926006870103,3578.505790755851,3632.510092792387,24012.529764394632,24258.84725650001,controller
94979718,2027-11-28,3386.1928323594293,3563.111295007893,3613.1824915362777,24258.84725650001,24485.836915676857,controller
94979718,2027-12-05,3386.193006113744,3548.9247019408126,3595.196962068506,24485.836915676857,24694.84087163162,controller
94979718,2027-12-12,3386.193006113744,3535.8619546936397,3578.505790755851,24694.84087163162,24887.153656273727,controller
94979718,2027-12-19,3386.193006113744,3523.842405653508,3563.111295007893,24887.153656273727,25064.071945167878,controller
94979718,2027-12-26,2902.451148097495,2787.17222557325,3548.9247019408126,25064.071945167878,25710.545499011198,controller
94979718,2028-01-02,1749.25,1016.9659063118002,3535.8619546936397,25710.545499011198,27497.157453704836,controller
94979718,2028-01-09,1749.25,905.3026591434477,3523.842405653508,27497.157453704836,29271.749859358344,controller
94979718,2028-01-16,1749.25,794.3906337901035,2787.17222557325,29271.749859358344,30309.672084931593,controller
94979718,2028-01-23,1749.25,729.5204946917754,1016.9659063118002,30309.672084931593,29577.387991243395,controller
94979718,2028-01-30,1749.25,775.2882505472878,905.3026591434477,29577.387991243395,28733.44065038684,controller
94979718,2028-02-06,1749.25,828.0349593508224,794.3906337901035,28733.44065038684,27778.581284176944,controller
95285660,2026-08-30,0.0,0.0,0.0,0.0,0.0,controller
95285660,2026-09-06,0.0,0.0,0.0,0.0,0.0,controller
95285660,2026-09-13,0.0,0.0,0.0,0.0,0.0,controller
95285660,2026-09-20,0.0,0.0,4944.0,0.0,4944.0,controller
95285660,2026-09-27,277.0712903225807,106.60693548387104,18576.0,4944.0,23242.92870967742,controller
95285660,2026-10-04,646.4996774193548,36360.0,2496.0,23242.92870967742,25092.429032258067,plan_forward
95285660,2026-10-11,646.4996774193548,15528.0,0.0,25092.429032258067,24445.929354838714,plan_forward
95285660,2026-10-18,646.4996774193548,16200.0,106.60693548387104,24445.929354838714,23906.036612903234,plan_forward
95285660,2026-10-25,646.4996774193548,16056.0,36360.0,23906.036612903234,59619.53693548388,plan_forward
95285660,2026-11-01,969.7496666666666,0.0,15528.0,59619.53693548388,74177.7872688172,controller
95285660,2026-11-08,969.7496666666666,0.0,16200.0,74177.7872688172,89408.03760215054,controller
95285660,2026-11-15,969.7496666666666,0.0,16056.0,89408.03760215054,104494.28793548387,controller
95285660,2026-11-22,969.7496666666666,0.0,0.0,104494.28793548387,103524.5382688172,controller
95285660,2026-11-29,969.7503655913978,0.0,0.0,103524.5382688172,102554.78790322579,controller
95285660,2026-12-06,969.7506451612902,0.0,0.0,102554.78790322579,101585.0372580645,controller
95285660,2026-12-13,969.7506451612902,0.0,0.0,101585.0372580645,100615.28661290322,controller
95285660,2026-12-20,969.7506451612902,0.0,0.0,100615.28661290322,99645.53596774193,controller
95285660,2026-12-27,1431.5364516129032,0.0,0.0,99645.53596774193,98213.99951612903,controller
95285660,2027-01-03,2586.0009677419353,0.0,0.0,98213.99951612903,95627.9985483871,controller
95285660,2027-01-10,2586.0009677419353,0.0,0.0,95627.9985483871,93041.99758064517,controller
95285660,2027-01-17,2586.0009677419353,0.0,0.0,93041.99758064517,90455.99661290324,controller
95285660,2027-01-24,2586.0009677419353,0.0,0.0,90455.99661290324,87869.99564516131,controller
95285660,2027-01-31,2696.8287096774193,0.0,0.0,87869.99564516131,85173.1669354839,controller
95285660,2027-02-07,2715.3,0.0,0.0,85173.1669354839,82457.8669354839,controller
95285660,2027-02-14,2715.3,0.0,0.0,82457.8669354839,79742.56693548389,controller
95285660,2027-02-21,2715.3,0.0,0.0,79742.56693548389,77027.26693548389,controller
95285660,2027-02-28,2831.6709677419353,0.0,0.0,77027.26693548389,74195.59596774195,controller
95285660,2027-03-07,2851.0661290322582,0.0,0.0,74195.59596774195,71344.52983870968,controller
95285660,2027-03-14,2851.0661290322582,0.0,0.0,71344.52983870968,68493.46370967742,controller
95285660,2027-03-21,2851.0661290322582,0.0,0.0,68493.46370967742,65642.39758064516,controller
95285660,2027-03-28,2912.1596451612904,265.5896189516129,0.0,65642.39758064516,62730.23793548387,controller
95285660,2027-04-04,2993.6176666666665,569.7866290322577,0.0,62730.23793548387,59736.620268817205,controller
95285660,2027-04-11,2993.6176666666665,756.8877331989247,0.0,59736.620268817205,56743.00260215054,controller
95285660,2027-04-18,2993.6176666666665,943.9888373655908,265.5896189516129,56743.00260215054,54014.97455443549,controller
95285660,2027-04-25,3015.0005806451613,1146.564961315524,569.7866290322577,54014.97455443549,51569.760602822585,controller
95285660,2027-05-02,3143.2980645161288,1491.8370590977815,756.8877331989247,51569.760602822585,49183.350271505384,controller
95285660,2027-05-09,3143.2980645161288,1640.9877048051067,943.9888373655908,49183.350271505384,46984.041044354846,controller
95285660,2027-05-16,3143.2980645161288,1778.4445315020153,1146.564961315524,46984.041044354846,44987.30794115424,controller
95285660,2027-05-23,3143.2980645161288,1903.240350452053,1491.8370590977815,44987.30794115424,43335.84693573589,controller
95285660,2027-05-30,3255.5601612903224,2174.8498084519906,1640.9877048051067,43335.84693573589,41721.27447925068,controller
95285660,2027-06-06,3300.4649999999997,2343.1178450468324,1778.4445315020153,41721.27447925068,40199.254010752695,controller
95285660,2027-06-13,3300.4649999999997,2438.2441243279563,1903.240350452053,40199.254010752695,38802.02936120475,controller
95285660,2027-06-20,3300.4649999999997,2525.570664924702,2174.8498084519906,38802.02936120475,37676.414169656746,controller
95285660,2027-06-27,3371.1890322580643,2702.0076627835497,2343.1178450468324,37676.414169656746,36648.342982445516,controller
95285660,2027-07-04,3465.487741935484,2907.710176500381,2438.2441243279563,36648.342982445516,35621.09936483799,controller
95285660,2027-07-11,3465.487741935484,2971.9129026008513,2525.570664924702,35621.09936483799,34681.18228782721,controller
95285660,2027-07-18,3465.487741935484,3030.6577199140256,2702.0076627835497,34681.18228782721,33917.70220867528,controller
95285660,2027-07-25,3465.487741935484,3078.375224861021,2907.710176500381,33917.70220867528,33359.92464324018,controller
95285660,2027-08-01,3638.762580645161,3373.1485807652307,2971.9129026008513,33359.92464324018,32693.07496519587,controller
95285660,2027-08-08,3638.762580645161,3414.826685643,3030.6577199140256,32693.07496519587,32084.97010446473,controller
95285660,2027-08-15,3638.762580645161,3452.833239438696,3078.375224861021,32084.97010446473,31524.582748680587,controller
95285660,2027-08-22,3638.762580645161,3487.857449175205,3373.1485807652307,31524.582748680587,31258.968748800653,controller
95285660,2027-08-29,3742.7270107526883,3660.4049693289917,3414.826685643,31258.968748800653,30931.068423690962,controller
95285660,2027-09-05,3820.7003333333337,3797.8587235193154,3452.833239438696,30931.068423690962,30563.20132979632,controller
95285660,2027-09-12,3820.7003333333337,3820.8504168877307,3487.857449175205,30563.20132979632,30230.358445638194,controller
95285660,2027-09-19,3820.7003333333337,3841.653097147613,3660.4049693289917,30230.358445638194,30070.063081633853,controller
95285660,2027-09-26,4058.781344086021,4208.793073526916,3797.8587235193154,30070.063081633853,29809.140461067145,controller
95285660,2027-10-03,4653.9838709677415,5117.904527634915,3820.8504168877307,29809.140461067145,28976.007006987136,controller
95285660,2027-10-10,4653.9838709677415,5169.975368514916,3841.653097147613,28976.007006987136,28163.676233167003,controller
95285660,2027-10-17,4653.9838709677415,5220.746041878674,4208.793073526916,28163.676233167003,27718.485435726176,controller
95285660,2027-10-24,4653.9838709677415,5248.5704667187265,5117.904527634915,27718.485435726176,28182.40609239335,controller
95285660,2027-10-31,4853.440838709677,5518.760877289931,5169.975368514916,28182.40609239335,28498.940622198592,controller
95285660,2027-11-07,4886.683666666667,5548.841711112588,5220.746041878674,28498.940622198592,28833.002997410596,controller
95285660,2027-11-14,4886.683666666667,5527.962812661838,5248.5704667187265,28833.002997410596,29194.889797462656,controller
95285660,2027-11-21,4886.683666666667,5505.344887658584,5518.760877289931,29194.889797462656,29826.967008085918,controller
95285660,2027-11-28,5026.303322580646,5675.269545865599,5548.841711112588,29826.967008085918,30349.505396617857,controller
95285660,2027-12-05,5131.018064516129,5799.683009485578,5527.962812661838,30349.505396617857,30746.450144763563,controller
95285660,2027-12-12,5131.018064516129,5774.873962726471,5505.344887658584,30746.450144763563,31120.776967906015,controller
95285660,2027-12-19,5131.018064516129,5751.478536280068,5675.269545865599,31120.776967906015,31665.028449255486,controller
95285660,2027-12-26,4398.015483870968,4617.958947727984,5799.683009485578,31665.028449255486,33066.69597487009,controller
95285660,2028-01-02,0.0,0.0,5774.873962726471,33066.69597487009,38841.56993759656,controller
95285660,2028-01-09,0.0,0.0,5751.478536280068,38841.56993759656,44593.04847387663,controller
95285660,2028-01-16,0.0,0.0,4617.958947727984,44593.04847387663,49211.00742160462,controller
95285660,2028-01-23,0.0,0.0,0.0,49211.00742160462,49211.00742160462,controller
95285660,2028-01-30,0.0,0.0,0.0,49211.00742160462,49211.00742160462,controller
95285660,2028-02-06,0.0,0.0,0.0,49211.00742160462,49211.00742160462,controller
95285661,2026-08-30,0.0,0.0,0.0,0.0,0.0,controller
95285661,2026-09-06,0.0,0.0,0.0,0.0,0.0,controller
95285661,2026-09-13,0.0,0.0,112.0,0.0,112.0,controller
95285661,2026-09-20,0.0,0.0,0.0,112.0,112.0,controller
95285661,2026-09-27,0.0,0.0,0.0,112.0,112.0,controller
95285661,2026-10-04,0.0,0.0,0.0,112.0,112.0,controller
95285661,2026-10-11,0.0,0.0,0.0,112.0,112.0,controller
95285661,2026-10-18,0.0,0.0,0.0,112.0,112.0,controller
95285661,2026-10-25,0.0,0.0,0.0,112.0,112.0,controller
95285661,2026-11-01,0.0,0.0,0.0,112.0,112.0,controller
95285661,2026-11-08,0.0,0.0,0.0,112.0,112.0,controller
95285661,2026-11-15,0.0,0.0,0.0,112.0,112.0,controller
95285661,2026-11-22,0.0,0.0,0.0,112.0,112.0,controller
95285661,2026-11-29,0.0,0.0,0.0,112.0,112.0,controller
95285661,2026-12-06,0.0,0.0,0.0,112.0,112.0,controller
95285661,2026-12-13,0.0,0.0,0.0,112.0,112.0,controller
95285661,2026-12-20,0.0,0.0,0.0,112.0,112.0,controller
95285661,2026-12-27,0.0,0.0,0.0,112.0,112.0,controller
95285661,2027-01-03,0.0,0.0,0.0,112.0,112.0,controller
95285661,2027-01-10,0.0,0.0,0.0,112.0,112.0,controller
95285661,2027-01-17,0.0,0.0,0.0,112.0,112.0,controller
95285661,2027-01-24,0.0,0.0,0.0,112.0,112.0,controller
95285661,2027-01-31,0.0,0.0,0.0,112.0,112.0,controller
95285661,2027-02-07,0.0,0.0,0.0,112.0,112.0,controller
95285661,2027-02-14,0.0,0.0,0.0,112.0,112.0,controller
95285661,2027-02-21,0.0,0.0,0.0,112.0,112.0,controller
95285661,2027-02-28,0.0,0.0,0.0,112.0,112.0,controller
95285661,2027-03-07,0.0,0.0,0.0,112.0,112.0,controller
95285661,2027-03-14,0.0,0.0,0.0,112.0,112.0,controller
95285661,2027-03-21,0.0,0.0,0.0,112.0,112.0,controller
95285661,2027-03-28,642.857,957.2855,0.0,112.0,0.0,controller
95285661,2027-04-04,1499.9996666666666,2249.9995,0.0,0.0,0.0,controller
95285661,2027-04-11,1499.9996666666666,2249.9995,0.0,0.0,0.0,controller
95285661,2027-04-18,1499.9996666666666,2249.9995,957.2855,0.0,0.0,controller
95285661,2027-04-25,1510.714,2266.071,2249.9995,0.0,739.2855,controller
95285661,2027-05-02,1575.0,2316.29465625,2249.9995,739.2855,1414.2849999999999,controller
95285661,2027-05-09,1575.0,2274.1071875,2249.9995,1414.2849999999999,2089.2844999999998,controller
95285661,2027-05-16,1575.0,2231.91971875,2266.071,2089.2844999999998,2780.3554999999997,controller
95285661,2027-05-23,1575.0,2188.72778125,2316.29465625,2780.3554999999997,3521.65015625,controller
95285661,2027-05-30,1631.25,2226.771865234375,2274.1071875,3521.65015625,4164.50734375,controller
95285661,2027-06-06,1653.75,2220.3432910156253,2231.91971875,4164.50734375,4742.677062499999,controller
95285661,2027-06-13,1653.75,2184.20768359375,2188.72778125,4742.677062499999,5277.654843749999,controller
95285661,2027-06-20,1653.75,2150.771572265625,2226.771865234375,5277.654843749999,5850.676708984374,controller
95285661,2027-06-27,1689.1877419354837,2168.114318591702,2220.3432910156253,5850.676708984374,6381.832258064516,controller
95285661,2027-07-04,1736.4380645161289,2205.7925806451613,2184.20768359375,6381.832258064516,6829.601877142137,controller
95285661,2027-07-11,1736.4380645161289,2177.8069794528096,2150.771572265625,6829.601877142137,7243.935384891633,controller
95285661,2027-07-18,1736.4380645161289,2151.9111352184664,2168.114318591702,7243.935384891633,7675.611638967206,controller
95285661,2027-07-25,1736.4380645161289,2124.931369338743,2205.7925806451613,7675.611638967206,8144.966155096237,controller
95285661,2027-08-01,1823.2583870967742,2225.8271959516464,2177.8069794528096,8144.966155096237,8499.514747452273,controller
95285661,2027-08-08,1823.2583870967742,2203.6679089293943,2151.9111352184664,8499.514747452273,8828.167495573965,controller
95285661,2027-08-15,1823.2583870967742,2183.127112171788,2124.931369338743,8828.167495573965,9129.840477815935,controller
95285661,2027-08-22,1823.2583870967742,2164.2725507816654,2225.8271959516464,9129.840477815935,9532.409286670807,controller
95285661,2027-08-29,1875.3524516129032,2217.2530970024295,2203.6679089293943,9532.409286670807,9860.724743987297,controller
95285661,2027-09-05,1914.423,2255.3392035007937,2183.127112171788,9860.724743987297,10129.428856159086,controller
95285661,2027-09-12,1914.423,2238.545196490057,2164.2725507816654,10129.428856159086,10379.27840694075,controller
95285661,2027-09-19,1914.423,2222.9295995662033,2217.2530970024295,10379.27840694075,10682.108503943178,controller
95285661,2027-09-26,1941.771451612903,2245.025395922906,2255.3392035007937,10682.108503943178,10995.676255831067,controller
95285661,2027-10-03,2010.1425806451612,2327.9841049783,2238.545196490057,10995.676255831067,11224.078871675963,controller
95285661,2027-10-10,2010.1425806451612,2313.708941487994,2222.9295995662033,11224.078871675963,11436.865890597006,controller
95285661,2027-10-17,2010.1425806451612,2300.409752805429,2245.025395922906,11436.865890597006,11671.748705874752,controller
95285661,2027-10-24,2010.1425806451612,2285.7295768505696,2327.9841049783,11671.748705874752,11989.590230207892,controller
95285661,2027-10-31,2096.2932258064516,2395.090449321684,2313.708941487994,11989.590230207892,12207.005945889434,controller
95285661,2027-11-07,2110.6516666666666,2403.0396283819105,2300.409752805429,12207.005945889434,12396.764032028195,controller
95285661,2027-11-14,2110.6516666666666,2391.179747998238,2285.7295768505696,12396.764032028195,12571.841942212099,controller
95285661,2027-11-21,2110.6516666666666,2380.2373786117437,2395.090449321684,12571.841942212099,12856.280724867116,controller
95285661,2027-11-28,2170.9559677419356,2452.9164063087087,2403.0396283819105,12856.280724867116,13088.364385507091,controller
95285661,2027-12-05,2216.184193548387,2506.2535162283875,2391.179747998238,13088.364385507091,13263.359939956943,controller
95285661,2027-12-12,2216.184193548387,2495.316294075272,2380.2373786117437,13263.359939956943,13427.413125020299,controller
95285661,2027-12-19,2216.184193548387,2485.062970008812,2452.9164063087087,13427.413125020299,13664.145337780621,controller
95285661,2027-12-26,1899.5864516129034,1995.3705938080661,2506.2535162283875,13664.145337780621,14270.812402396105,controller
95285661,2028-01-02,0.0,0.0,2495.316294075272,14270.812402396105,16766.128696471376,controller
95285661,2028-01-09,0.0,0.0,2485.062970008812,16766.128696471376,19251.19166648019,controller
95285661,2028-01-16,0.0,0.0,1995.3705938080661,19251.19166648019,21246.562260288258,controller
95285661,2028-01-23,0.0,0.0,0.0,21246.562260288258,21246.562260288258,controller
95285661,2028-01-30,0.0,0.0,0.0,21246.562260288258,21246.562260288258,controller
95285661,2028-02-06,0.0,0.0,0.0,21246.562260288258,21246.562260288258,controller
95285662,2026-08-30,0.0,0.0,0.0,0.0,0.0,controller
95285662,2026-09-06,0.0,0.0,0.0,0.0,0.0,controller
95285662,2026-09-13,0.0,0.0,0.0,0.0,0.0,controller
95285662,2026-09-20,0.0,0.0,3120.0,0.0,3120.0,controller
95285662,2026-09-27,55.413870967741936,0.0,10400.0,3120.0,13464.586129032257,controller
95285662,2026-10-04,129.29903225806453,7916.0,1560.0,13464.586129032257,14895.287096774193,plan_forward
95285662,2026-10-11,129.29903225806453,3044.0,0.0,14895.287096774193,14765.988064516128,plan_forward
95285662,2026-10-18,129.29903225806453,3188.0,0.0,14765.988064516128,14636.689032258064,plan_forward
95285662,2026-10-25,129.29903225806453,3308.0,7916.0,14636.689032258064,22423.39,plan_forward
95285662,2026-11-01,129.29933333333332,0.0,3044.0,22423.39,25338.090666666667,controller
95285662,2026-11-08,129.29933333333332,0.0,3188.0,25338.090666666667,28396.791333333334,controller
95285662,2026-11-15,129.29933333333332,0.0,3308.0,28396.791333333334,31575.492000000002,controller
95285662,2026-11-22,129.29933333333332,0.0,0.0,31575.492000000002,31446.19266666667,controller
95285662,2026-11-29,129.29911827956988,0.0,0.0,31446.19266666667,31316.8935483871,controller
95285662,2026-12-06,129.29903225806453,0.0,0.0,31316.8935483871,31187.594516129033,controller
95285662,2026-12-13,129.29903225806453,0.0,0.0,31187.594516129033,31058.295483870967,controller
95285662,2026-12-20,129.29903225806453,0.0,0.0,31058.295483870967,30928.9964516129,controller
95285662,2026-12-27,184.71387096774194,0.0,0.0,30928.9964516129,30744.28258064516,controller
95285662,2027-01-03,323.2509677419354,0.0,0.0,30744.28258064516,30421.03161290322,controller
95285662,2027-01-10,323.2509677419354,0.0,0.0,30421.03161290322,30097.780645161285,controller
95285662,2027-01-17,323.2509677419354,0.0,0.0,30097.780645161285,29774.52967741935,controller
95285662,2027-01-24,323.2509677419354,0.0,0.0,29774.52967741935,29451.278709677412,controller
95285662,2027-01-31,323.2501382488479,0.0,0.0,29451.278709677412,29128.028571428564,controller
95285662,2027-02-07,323.25,0.0,0.0,29128.028571428564,28804.778571428564,controller
95285662,2027-02-14,323.25,0.0,0.0,28804.778571428564,28481.528571428564,controller
95285662,2027-02-21,323.25,0.0,0.0,28481.528571428564,28158.278571428564,controller
95285662,2027-02-28,600.3211520737328,0.0,0.0,28158.278571428564,27557.957419354832,controller
95285662,2027-03-07,646.4996774193548,0.0,0.0,27557.957419354832,26911.45774193548,controller
95285662,2027-03-14,646.4996774193548,0.0,0.0,26911.45774193548,26264.958064516126,controller
95285662,2027-03-21,646.4996774193548,0.0,0.0,26264.958064516126,25618.458387096773,controller
95285662,2027-03-28,660.3533870967742,0.0,0.0,25618.458387096773,24958.105,controller
95285662,2027-04-04,678.825,0.0,0.0,24958.105,24279.28,controller
95285662,2027-04-11,678.825,0.0,0.0,24279.28,23600.454999999998,controller
95285662,2027-04-18,678.825,0.0,0.0,23600.454999999998,22921.629999999997,controller
95285662,2027-04-25,683.673870967742,0.0,0.0,22921.629999999997,22237.956129032256,controller
95285662,2027-05-02,712.7670967741935,0.0,0.0,22237.956129032256,21525.189032258062,controller
95285662,2027-05-09,712.7670967741935,0.0,0.0,21525.189032258062,20812.421935483868,controller
95285662,2027-05-16,712.7670967741935,0.0,0.0,20812.421935483868,20099.654838709674,controller
95285662,2027-05-23,712.7670967741935,0.0,0.0,20099.654838709674,19386.88774193548,controller
95285662,2027-05-30,738.2227419354839,0.0,0.0,19386.88774193548,18648.664999999997,controller
95285662,2027-06-06,748.405,0.0,0.0,18648.664999999997,17900.26,controller
95285662,2027-06-13,748.405,3.841250000000059,0.0,17900.26,17151.855,controller
95285662,2027-06-20,748.405,50.616562499999986,0.0,17151.855,16403.45,controller
95285662,2027-06-27,764.4419354838709,121.44727822580637,0.0,16403.45,15639.00806451613,controller
95285662,2027-07-04,785.8245161290322,201.29877016129012,3.841250000000059,15639.00806451613,14857.024798387098,controller
95285662,2027-07-11,785.8245161290322,250.17272429435468,50.616562499999986,14857.024798387098,14121.816844758065,controller
95285662,2027-07-18,785.8245161290322,296.12322139616924,121.44727822580637,14121.816844758065,13457.43960685484,controller
95285662,2027-07-25,785.8245161290322,337.6467987651208,201.29877016129012,13457.43960685484,12872.913860887096,controller
95285662,2027-08-01,825.1170967741936,433.1185288558468,250.17272429435468,12872.913860887096,12297.969488407258,controller
95285662,2027-08-08,825.1170967741936,469.0525521358367,296.12322139616924,12297.969488407258,11768.975613029234,controller
95285662,2027-08-15,825.1170967741936,502.11466934696324,337.6467987651208,11768.975613029234,11281.505315020162,controller
95285662,2027-08-22,825.1170967741936,532.5815629725303,433.1185288558468,11281.505315020162,10889.506747101816,controller
95285662,2027-08-29,848.6909462365591,592.4422476609751,469.0525521358367,10889.506747101816,10509.868353001093,controller
95285662,2027-09-05,866.3713333333333,642.6902279374316,502.11466934696324,10509.868353001093,10145.611689014724,controller
95285662,2027-09-12,866.3713333333333,665.4562694365796,532.5815629725303,10145.611689014724,9811.82191865392,controller
95285662,2027-09-19,866.3713333333333,686.3181300841298,592.4422476609751,9811.82191865392,9537.892832981563,controller
95285662,2027-09-26,920.3579569892472,784.4186334225232,642.6902279374316,9537.892832981563,9260.225103929748,controller
95285662,2027-10-03,1055.3245161290322,1004.222705197939,665.4562694365796,9260.225103929748,8870.356857237295,controller
95285662,2027-10-10,1055.3245161290322,1028.5894706162173,686.3181300841298,8870.356857237295,8501.350471192392,controller
95285662,2027-10-17,1055.3245161290322,1051.6523697440239,784.4186334225232,8501.350471192392,8230.444588485883,controller
95285662,2027-10-24,1055.3245161290322,1068.5839874131807,1004.222705197939,8230.444588485883,8179.34277755479,controller
95285662,2027-10-31,1100.5526451612905,1139.6200441447613,1028.5894706162173,8179.34277755479,8107.379603009717,controller
95285662,2027-11-07,1108.0906666666667,1155.4247748118928,1051.6523697440239,8107.379603009717,8050.941306087074,controller
95285662,2027-11-14,1108.0906666666667,1158.952168369558,1068.5839874131807,8050.941306087074,8011.434626833587,controller
95285662,2027-11-21,1108.0906666666667,1161.4213358229008,1139.6200441447613,8011.434626833587,8042.9640043116815,controller
95285662,2027-11-28,1139.7514838709678,1206.9419755369718,1155.4247748118928,8042.9640043116815,8058.637295252606,controller
95285662,2027-12-05,1163.4970967741936,1241.5808142080025,1158.952168369558,8058.637295252606,8054.09236684797,controller
95285662,2027-12-12,1163.4970967741936,1241.8648722332923,1161.4213358229008,8054.09236684797,8052.016605896677,controller
95285662,2027-12-19,1163.4970967741936,1241.994607292748,1206.9419755369718,8052.016605896677,8095.461484659456,controller
95285662,2027-12-26,997.2832258064516,989.9584959184614,1241.5808142080025,8095.461484659456,8339.759073061006,controller
95285662,2028-01-02,0.0,0.0,1241.8648722332923,8339.759073061006,9581.6239452943,controller
95285662,2028-01-09,0.0,0.0,1241.994607292748,9581.6239452943,10823.618552587048,controller
95285662,2028-01-16,0.0,0.0,989.9584959184614,10823.618552587048,11813.577048505509,controller
95285662,2028-01-23,0.0,0.0,0.0,11813.577048505509,11813.577048505509,controller
95285662,2028-01-30,0.0,0.0,0.0,11813.577048505509,11813.577048505509,controller
95285662,2028-02-06,0.0,0.0,0.0,11813.577048505509,11813.577048505509,controller
1010810949,2026-08-30,369.51552321423907,1536.0,2592.0,6648.0,8870.484476785761,plan
1010810949,2026-09-06,517.3217324999347,221.57731895079195,4056.0,8870.484476785761,12409.162744285826,controller
1010810949,2026-09-13,517.3217324999347,0.40992723203783044,1728.0,12409.162744285826,13619.841011785891,controller
1010810949,2026-09-20,517.3217324999347,5184.0,1536.0,13619.841011785891,14638.519279285956,plan
1010810949,2026-09-27,561.0045963378351,1896.0,221.57731895079195,14638.519279285956,14299.092001898915,plan
1010810949,2026-10-04,619.2484147883689,1944.0,0.40992723203783044,14299.092001898915,13680.253514342583,plan
1010810949,2026-10-11,619.2484147883689,2592.0,5184.0,13680.253514342583,18245.005099554215,plan
1010810949,2026-10-18,619.2484147883689,4584.0,1896.0,18245.005099554215,19521.756684765845,plan
1010810949,2026-10-25,619.2484147883689,4776.0,1944.0,19521.756684765845,20846.508269977476,plan
1010810949,2026-11-01,619.2481341083223,0.0,2592.0,20846.508269977476,22819.260135869154,controller
1010810949,2026-11-08,619.2481341083223,0.0,4584.0,22819.260135869154,26784.01200176083,controller
1010810949,2026-11-15,619.2481341083223,0.0,4776.0,26784.01200176083,30940.76386765251,controller
1010810949,2026-11-22,619.2481341083223,0.0,0.0,30940.76386765251,30321.515733544187,controller
1010810949,2026-11-29,619.2483345940698,0.0,0.0,30321.515733544187,29702.267398950116,controller
1010810949,2026-12-06,619.2484147883689,0.0,0.0,29702.267398950116,29083.018984161747,controller
1010810949,2026-12-13,619.2484147883689,0.0,0.0,29083.018984161747,28463.770569373377,controller
1010810949,2026-12-20,619.2484147883689,0.0,0.0,28463.770569373377,27844.522154585007,controller
1010810949,2026-12-27,619.2484147883688,0.0,0.0,27844.522154585007,27225.273739796638,controller
1010810949,2027-01-03,619.2484147883689,0.0,0.0,27225.273739796638,26606.025325008268,controller
1010810949,2027-01-10,619.2484147883689,0.0,0.0,26606.025325008268,25986.776910219898,controller
1010810949,2027-01-17,619.2484147883689,0.0,0.0,25986.776910219898,25367.52849543153,controller
1010810949,2027-01-24,619.2484147883689,0.0,0.0,25367.52849543153,24748.28008064316,controller
1010810949,2027-01-31,619.2485293516534,0.0,0.0,24748.28008064316,24129.031551291504,controller
1010810949,2027-02-07,619.2485484455341,0.0,0.0,24129.031551291504,23509.78300284597,controller
1010810949,2027-02-14,619.2485484455341,0.0,0.0,23509.78300284597,22890.534454400433,controller
1010810949,2027-02-21,619.2485484455341,0.0,0.0,22890.534454400433,22271.285905954897,controller
1010810949,2027-02-28,619.2484338822496,0.0,0.0,22271.285905954897,21652.037472072647,controller
1010810949,2027-03-07,619.2484147883689,0.0,0.0,21652.037472072647,21032.789057284277,controller
1010810949,2027-03-14,619.2484147883689,0.0,0.0,21032.789057284277,20413.540642495907,controller
1010810949,2027-03-21,619.2484147883689,0.0,0.0,20413.540642495907,19794.292227707538,controller
1010810949,2027-03-28,619.2482944969204,0.0,0.0,19794.292227707538,19175.043933210618,controller
1010810949,2027-04-04,619.2481341083223,0.0,0.0,19175.043933210618,18555.795799102296,controller
1010810949,2027-04-11,619.2481341083223,0.0,0.0,18555.795799102296,17936.547664993974,controller
1010810949,2027-04-18,619.2481341083223,0.0,0.0,17936.547664993974,17317.29953088565,controller
1010810949,2027-04-25,619.2481742054719,0.0,0.0,17317.29953088565,16698.05135668018,controller
1010810949,2027-05-02,619.2484147883689,0.0,0.0,16698.05135668018,16078.802941891809,controller
1010810949,2027-05-09,619.2484147883689,0.0,0.0,16078.802941891809,15459.554527103439,controller
1010810949,2027-05-16,619.2484147883689,0.0,0.0,15459.554527103439,14840.30611231507,controller
1010810949,2027-05-23,619.2484147883689,1.3534901628614762,0.0,14840.30611231507,14221.0576975267,controller
1010810949,2027-05-30,619.2482143026214,40.05621535851333,0.0,14221.0576975267,13601.809483224079,controller
1010810949,2027-06-06,619.2481341083223,78.75910846097861,0.0,13601.809483224079,12982.561349115756,controller
1010810949,2027-06-13,619.2481341083223,117.46211684274874,1.3534901628614762,12982.561349115756,12364.666705170295,controller
1010810949,2027-06-20,619.2481341083223,156.08053208934007,40.05621535851333,12364.666705170295,11785.474786420487,controller
1010810949,2027-06-27,619.2482543997708,192.28020744837568,78.75910846097861,11785.474786420487,11244.985640481696,controller
1010810949,2027-07-04,619.2484147883689,226.06101965244733,117.46211684274874,11244.985640481696,10743.199342536076,controller
1010810949,2027-07-11,619.2484147883689,257.4226632740486,156.08053208934007,10743.199342536076,10280.031459837046,controller
1010810949,2027-07-18,619.2484147883689,286.370655942738,192.28020744837568,10280.031459837046,9853.063252497052,controller
1010810949,2027-07-25,619.2484147883689,313.05616890148764,226.06101965244733,9853.063252497052,9459.875857361129,controller
1010810949,2027-08-01,619.2484147883689,337.6303810974828,257.4226632740486,9459.875857361129,9098.050105846807,controller
1010810949,2027-08-08,619.2484147883689,360.2444905671279,286.370655942738,9098.050105846807,8765.172347001175,controller
1010810949,2027-08-15,619.2484147883689,381.04935049497993,313.05616890148764,8765.172347001175,8458.980101114294,controller
1010810949,2027-08-22,619.2484147883689,400.18636586291,337.6303810974828,8458.980101114294,8177.362067423407,controller
1010810949,2027-08-29,619.2482543997708,417.7872523856932,360.2444905671279,8177.362067423407,7918.358303590765,controller
1010810949,2027-09-05,619.2481341083223,433.9748071880607,381.04935049497993,7918.358303590765,7680.159519977422,controller
1010810949,2027-09-12,619.2481341083223,448.86223116389465,400.18636586291,7680.159519977422,7461.09775173201,controller
1010810949,2027-09-19,619.2481341083223,462.5535916792329,417.7872523856932,7461.09775173201,7259.636870009381,controller
1010810949,2027-09-26,619.2482143026214,475.14501707834575,433.9748071880607,7259.636870009381,7074.36346289482,controller
1010810949,2027-10-03,619.2484147883689,486.7249057516271,448.86223116389465,7074.36346289482,6903.977279270346,controller
1010810949,2027-10-10,619.2484147883689,497.3740422281567,462.5535916792329,6903.977279270346,6747.282456161211,controller
1010810949,2027-10-17,619.2484147883689,507.1674686724777,475.14501707834575,6747.282456161211,6603.179058451187,controller
1010810949,2027-10-24,619.2484147883689,516.1739310293542,486.7249057516271,6603.179058451187,6470.655549414446,controller
1010810949,2027-10-31,619.2481742054719,524.4562894698049,497.3740422281567,6470.655549414446,6348.7814174371315,controller
1010810949,2027-11-07,619.2481341083223,532.0733625726627,507.1674686724777,6348.7814174371315,6236.700752001287,controller
1010810949,2027-11-14,619.2481341083223,539.0784041624031,516.1739310293542,6236.700752001287,6133.626548922319,controller
1010810949,2027-11-21,619.2481341083223,545.5205418548386,524.4562894698049,6133.626548922319,6038.834704283801,controller
1010810949,2027-11-28,619.2482944969204,551.445272727643,532.0733625726627,6038.834704283801,5951.659772359543,controller
1010810949,2027-12-05,619.2484147883689,556.8938864100819,539.0784041624031,5951.659772359543,5871.489761733577,controller
1010810949,2027-12-12,619.2484147883689,561.9045120742048,545.5205418548386,5871.489761733577,5797.761888800047,controller
1010810949,2027-12-19,619.2484147883689,566.5125041325505,551.445272727643,5797.761888800047,5729.958746739321,controller
1010810949,2027-12-26,530.7843555328876,438.05411162812385,556.8938864100819,5729.958746739321,5756.068277616516,controller
1010810949,2028-01-02,13.125,0.0,561.9045120742048,5756.068277616516,6304.847789690721,controller
1010810949,2028-01-09,13.125,0.0,566.5125041325505,6304.847789690721,6858.235293823271,controller
1010810949,2028-01-16,13.125,0.0,438.05411162812385,6858.235293823271,7283.1644054513945,controller
1010810949,2028-01-23,13.125,0.0,0.0,7283.1644054513945,7270.0394054513945,controller
1010810949,2028-01-30,13.125,0.0,0.0,7270.0394054513945,7256.9144054513945,controller
1010810949,2028-02-06,13.125,0.0,0.0,7256.9144054513945,7243.7894054513945,controller
1010810951,2026-08-30,299.6385740167105,528.0,1416.0,5733.0,6849.361425983289,plan
1010810951,2026-09-06,419.4940036233947,552.0,1974.0,6849.361425983289,8403.867422359895,plan
1010810951,2026-09-13,419.4940036233947,462.0,330.0,8403.867422359895,8314.3734187365,plan
1010810951,2026-09-20,419.4940036233947,480.0,528.0,8314.3734187365,8422.879415113106,plan
1010810951,2026-09-27,463.17698775274357,480.0,552.0,8422.879415113106,8511.702427360362,plan
1010810951,2026-10-04,521.4209665918755,408.0,462.0,8511.702427360362,8452.281460768487,plan
1010810951,2026-10-11,521.4209665918755,516.0,480.0,8452.281460768487,8410.860494176612,plan
1010810951,2026-10-18,521.4209665918755,870.0,480.0,8410.860494176612,8369.439527584736,plan
1010810951,2026-10-25,521.4209665918755,780.0,408.0,8369.439527584736,8256.018560992861,plan
1010810951,2026-11-01,521.4213720186095,266.13089796586047,516.0,8256.018560992861,8250.597188974252,controller
1010810951,2026-11-08,521.4213720186095,266.46973371702353,870.0,8250.597188974252,8599.175816955643,controller
1010810951,2026-11-15,521.4213720186095,244.6835694681866,780.0,8599.175816955643,8857.754444937034,controller
1010810951,2026-11-22,521.4213720186095,228.52240521934965,266.13089796586047,8857.754444937034,8602.463970884286,controller
1010810951,2026-11-29,521.4210824280851,244.47762546185982,266.46973371702353,8602.463970884286,8347.512622173224,controller
1010810951,2026-12-06,521.4209665918755,260.41191100198677,244.6835694681866,8347.512622173224,8070.775225049536,controller
1010810951,2026-12-13,521.4209665918755,277.7079983222173,228.52240521934965,8070.775225049536,7777.876663677011,controller
1010810951,2026-12-20,521.4209665918755,296.0141584080001,244.47762546185982,7777.876663677011,7500.933322546995,controller
1010810951,2026-12-27,521.4209665918754,313.3231172286259,260.41191100198677,7500.933322546995,7239.924266957107,controller
1010810951,2027-01-03,521.4209665918755,329.6361832029941,277.7079983222173,7239.924266957107,6996.211298687449,controller
1010810951,2027-01-10,521.4209665918755,344.8682437198477,296.0141584080001,6996.211298687449,6770.804490503574,controller
1010810951,2027-01-17,521.4209665918755,358.9561692313399,313.3231172286259,6770.804490503574,6562.706641140325,controller
1010810951,2027-01-24,521.4209665918755,371.962284816543,329.6361832029941,6562.706641140325,6370.921857751444,controller
1010810951,2027-01-31,521.4211957184441,383.9491774682009,344.8682437198477,6370.921857751444,6194.368905752847,controller
1010810951,2027-02-07,521.4212339062055,394.98379424975536,358.9561692313399,6194.368905752847,6031.903841077981,controller
1010810951,2027-02-14,521.4212339062055,405.1378607919345,371.962284816543,6031.903841077981,5882.444891988318,controller
1010810951,2027-02-21,521.4212339062055,414.47904511003844,383.9491774682009,5882.444891988318,5744.972835550314,controller
1010810951,2027-02-28,521.4210047796369,423.07070494756067,394.98379424975536,5744.972835550314,5618.535625020432,controller
1010810951,2027-03-07,521.4209665918755,430.9729733240363,405.1378607919345,5618.535625020432,5502.252519220491,controller
1010810951,2027-03-14,521.4209665918755,438.2406674365326,414.47904511003844,5502.252519220491,5395.310597738655,controller
1010810951,2027-03-21,521.4209665918755,444.92453752914736,423.07070494756067,5395.310597738655,5296.96033609434,controller
1010810951,2027-03-28,521.4211403461901,451.0716895133889,430.9729733240363,5296.96033609434,5206.512169072186,controller
1010810951,2027-04-04,521.4213720186095,456.72504746090266,438.2406674365326,5206.512169072186,5123.331464490109,controller
1010810951,2027-04-11,521.4213720186095,461.92384149728247,444.92453752914736,5123.331464490109,5046.834630000647,controller
1010810951,2027-04-18,521.4213720186095,466.70489365287386,451.0716895133889,5046.834630000647,4976.484947495426,controller
1010810951,2027-04-25,521.4213141005047,471.10166193229287,456.72504746090266,4976.484947495426,4911.788680855824,controller
1010810951,2027-05-02,521.4209665918755,475.1446573343243,461.92384149728247,4911.788680855824,4852.291555761231,controller
1010810951,2027-05-09,521.4209665918755,478.8632276527363,466.70489365287386,4852.291555761231,4797.57548282223,controller
1010810951,2027-05-16,521.4209665918755,482.2829822114239,471.10166193229287,4797.57548282223,4747.256178162647,controller
1010810951,2027-05-23,521.4209665918755,485.42793875264783,475.1446573343243,4747.256178162647,4700.979868905097,controller
1010810951,2027-05-30,521.4212561823998,488.3206424670312,478.8632276527363,4700.979868905097,4658.421840375433,controller
1010810951,2027-06-06,521.4213720186095,490.98069300444973,482.2829822114239,4658.421840375433,4619.283450568247,controller
1010810951,2027-06-13,521.4213720186095,493.4268423673989,485.42793875264783,4619.283450568247,4583.2900173022845,controller
1010810951,2027-06-20,521.4213720186095,495.6764319465215,488.3206424670312,4583.2900173022845,4550.189287750706,controller
1010810951,2027-06-27,521.421198264295,497.7449669120233,490.98069300444973,4550.189287750706,4519.748782490861,controller
1010810951,2027-07-04,521.4209665918755,499.64715098213446,493.4268423673989,4519.748782490861,4491.754658266385,controller
1010810951,2027-07-11,521.4209665918755,501.3967837461642,495.6764319465215,4491.754658266385,4466.010123621032,controller
1010810951,2027-07-18,521.4209665918755,503.0058171614988,497.7449669120233,4466.010123621032,4442.33412394118,controller
1010810951,2027-07-25,521.4209665918755,504.4855671414895,499.64715098213446,4442.33412394118,4420.56030833144,controller
1010810951,2027-08-01,521.4209665918755,505.8464306170983,501.3967837461642,4420.56030833144,4400.536125485729,controller
1010810951,2027-08-08,521.4209665918755,507.09794204495523,503.0058171614988,4400.536125485729,4382.120976055353,controller
1010810951,2027-08-15,521.4209665918755,508.24888888435373,504.4855671414895,4382.120976055353,4365.1855766049675,controller
1010810951,2027-08-22,521.4209665918755,509.3073513500028,505.8464306170983,4365.1855766049675,4349.6110406301905,controller
1010810951,2027-08-29,521.421198264295,510.28110735705553,507.09794204495523,4349.6110406301905,4335.287784410851,controller
1010810951,2027-09-05,521.4213720186095,511.17657150223613,508.24888888435373,4335.287784410851,4322.115301276594,controller
1010810951,2027-09-12,521.4213720186095,511.99985169812715,509.3073513500028,4322.115301276594,4310.001280607988,controller
1010810951,2027-09-19,521.4213720186095,512.7569779899151,510.28110735705553,4310.001280607988,4298.861015946433,controller
1010810951,2027-09-26,521.4212561823998,513.4530707769477,511.17657150223613,4298.861015946433,4288.616331266269,controller
1010810951,2027-10-03,521.4209665918755,514.0929291836715,511.99985169812715,4288.616331266269,4279.195216372521,controller
1010810951,2027-10-10,521.4209665918755,514.6817488645307,512.7569779899151,4279.195216372521,4270.531227770561,controller
1010810951,2027-10-17,521.4209665918755,515.2232481521532,513.4530707769477,4270.531227770561,4262.563331955633,controller
1010810951,2027-10-24,521.4209665918755,515.7212416405862,514.0929291836715,4262.563331955633,4255.235294547429,controller
1010810951,2027-10-31,521.4213141005047,516.1797652415428,514.6817488645307,4255.235294547429,4248.495729311455,controller
1010810951,2027-11-07,521.4213720186095,516.6010749459483,515.2232481521532,4248.495729311455,4242.297605444998,controller
1010810951,2027-11-14,521.4213720186095,516.9884576876019,515.7212416405862,4242.297605444998,4236.597475066975,controller
1010810951,2027-11-21,521.4213720186095,517.3447158362284,516.1797652415428,4236.597475066975,4231.355868289907,controller
1010810951,2027-11-28,521.4211403461901,517.6719687511659,516.6010749459483,4231.355868289907,4226.535802889665,controller
1010810951,2027-12-05,521.4209665918755,517.9729622072092,516.9884576876019,4226.535802889665,4222.103293985392,controller
1010810951,2027-12-12,521.4209665918755,518.2499940137263,517.3447158362284,4222.103293985392,4218.027043229746,controller
1010810951,2027-12-19,521.4209665918755,518.5047596859542,517.6719687511659,4218.027043229746,4214.278045389036,controller
1010810951,2027-12-26,446.9322570787504,407.0060077813108,517.9729622072092,4214.278045389036,4285.318750517495,controller
1010810951,2028-01-02,20.125,0.0,518.2499940137263,4285.318750517495,4783.4437445312215,controller
1010810951,2028-01-09,20.125,0.0,518.5047596859542,4783.4437445312215,5281.8235042171755,controller
1010810951,2028-01-16,20.125,0.0,407.0060077813108,5281.8235042171755,5668.704511998486,controller
1010810951,2028-01-23,20.125,0.0,0.0,5668.704511998486,5648.579511998486,controller
1010810951,2028-01-30,20.125,0.0,0.0,5648.579511998486,5628.454511998486,controller
1010810951,2028-02-06,20.125,0.0,0.0,5628.454511998486,5608.329511998486,controller
1011278742,2026-08-30,0.0,0.0,0.0,0.0,0.0,controller
1011278742,2026-09-06,0.0,0.0,0.0,0.0,0.0,controller
1011278742,2026-09-13,0.0,0.0,0.0,0.0,0.0,controller
1011278742,2026-09-20,0.0,0.0,0.0,0.0,0.0,controller
1011278742,2026-09-27,0.0,0.0,0.0,0.0,0.0,controller
1011278742,2026-10-04,0.0,0.0,18792.0,0.0,18792.0,controller
1011278742,2026-10-11,0.0,0.0,44712.0,18792.0,63504.0,controller
1011278742,2026-10-18,0.0,0.0,8472.0,63504.0,71976.0,controller
1011278742,2026-10-25,0.0,0.0,0.0,71976.0,71976.0,controller
1011278742,2026-11-01,0.0,0.0,9000.0,71976.0,80976.0,controller
1011278742,2026-11-08,0.0,0.0,18168.0,80976.0,99144.0,controller
1011278742,2026-11-15,0.0,0.0,3528.0,99144.0,102672.0,controller
1011278742,2026-11-22,0.0,0.0,0.0,102672.0,102672.0,controller
1011278742,2026-11-29,0.0,0.0,0.0,102672.0,102672.0,controller
1011278742,2026-12-06,0.0,0.0,0.0,102672.0,102672.0,controller
1011278742,2026-12-13,0.0,0.0,0.0,102672.0,102672.0,controller
1011278742,2026-12-20,0.0,0.0,0.0,102672.0,102672.0,controller
1011278742,2026-12-27,0.0,0.0,0.0,102672.0,102672.0,controller
1011278742,2027-01-03,0.0,0.0,0.0,102672.0,102672.0,controller
1011278742,2027-01-10,0.0,0.0,0.0,102672.0,102672.0,controller
1011278742,2027-01-17,0.0,0.0,0.0,102672.0,102672.0,controller
1011278742,2027-01-24,0.0,0.0,0.0,102672.0,102672.0,controller
1011278742,2027-01-31,0.0,0.0,0.0,102672.0,102672.0,controller
1011278742,2027-02-07,0.0,0.0,0.0,102672.0,102672.0,controller
1011278742,2027-02-14,0.0,0.0,0.0,102672.0,102672.0,controller
1011278742,2027-02-21,0.0,0.0,0.0,102672.0,102672.0,controller
1011278742,2027-02-28,900.0,0.0,0.0,102672.0,101772.0,controller
1011278742,2027-03-07,1050.0,0.0,0.0,101772.0,100722.0,controller
1011278742,2027-03-14,1050.0,0.0,0.0,100722.0,99672.0,controller
1011278742,2027-03-21,1050.0,0.0,0.0,99672.0,98622.0,controller
1011278742,2027-03-28,1500.0,0.0,0.0,98622.0,97122.0,controller
1011278742,2027-04-04,2100.0,0.0,0.0,97122.0,95022.0,controller
1011278742,2027-04-11,2100.0,0.0,0.0,95022.0,92922.0,controller
1011278742,2027-04-18,2100.0,0.0,0.0,92922.0,90822.0,controller
1011278742,2027-04-25,2100.0,0.0,0.0,90822.0,88722.0,controller
1011278742,2027-05-02,2100.0,0.0,0.0,88722.0,86622.0,controller
1011278742,2027-05-09,2100.0,0.0,0.0,86622.0,84522.0,controller
1011278742,2027-05-16,2100.0,0.0,0.0,84522.0,82422.0,controller
1011278742,2027-05-23,2100.0,0.0,0.0,82422.0,80322.0,controller
1011278742,2027-05-30,2100.0,0.0,0.0,80322.0,78222.0,controller
1011278742,2027-06-06,2100.0,0.0,0.0,78222.0,76122.0,controller
1011278742,2027-06-13,2100.0,0.0,0.0,76122.0,74022.0,controller
1011278742,2027-06-20,2100.0,0.0,0.0,74022.0,71922.0,controller
1011278742,2027-06-27,2100.0,0.0,0.0,71922.0,69822.0,controller
1011278742,2027-07-04,2100.0,0.0,0.0,69822.0,67722.0,controller
1011278742,2027-07-11,2100.0,0.0,0.0,67722.0,65622.0,controller
1011278742,2027-07-18,2100.0,0.0,0.0,65622.0,63522.0,controller
1011278742,2027-07-25,2100.0,0.0,0.0,63522.0,61422.0,controller
1011278742,2027-08-01,2100.0,0.0,0.0,61422.0,59322.0,controller
1011278742,2027-08-08,2100.0,0.0,0.0,59322.0,57222.0,controller
1011278742,2027-08-15,2100.0,0.0,0.0,57222.0,55122.0,controller
1011278742,2027-08-22,2100.0,0.0,0.0,55122.0,53022.0,controller
1011278742,2027-08-29,2100.0,0.0,0.0,53022.0,50922.0,controller
1011278742,2027-09-05,2100.0,0.0,0.0,50922.0,48822.0,controller
1011278742,2027-09-12,2100.0,98.625,0.0,48822.0,46722.0,controller
1011278742,2027-09-19,2100.0,229.875,0.0,46722.0,44622.0,controller
1011278742,2027-09-26,2100.0,361.125,0.0,44622.0,42522.0,controller
1011278742,2027-10-03,2100.0,492.375,98.625,42522.0,40520.625,controller
1011278742,2027-10-10,2100.0,617.4609375,229.875,40520.625,38650.5,controller
1011278742,2027-10-17,2100.0,734.34375,361.125,38650.5,36911.625,controller
1011278742,2027-10-24,2100.0,843.0234375,492.375,36911.625,35304.0,controller
1011278742,2027-10-31,2100.0,943.5,617.4609375,35304.0,33821.4609375,controller
1011278742,2027-11-07,2100.0,1036.15869140625,734.34375,33821.4609375,32455.8046875,controller
1011278742,2027-11-14,2100.0,1121.51220703125,843.0234375,32455.8046875,31198.828125,controller
1011278742,2027-11-21,2100.0,1200.0732421875,943.5,31198.828125,30042.328125,controller
1011278742,2027-11-28,2100.0,1272.3544921875,1036.15869140625,30042.328125,28978.48681640625,controller
1011278742,2027-12-05,2100.0,1338.8445739746094,1121.51220703125,28978.48681640625,27999.9990234375,controller
1011278742,2027-12-12,2100.0,1400.0000610351562,1200.0732421875,27999.9990234375,27100.072265625,controller
1011278742,2027-12-19,2100.0,1456.2454833984375,1272.3544921875,27100.072265625,26272.4267578125,controller
1011278742,2027-12-26,1800.0,1057.9733276367188,1338.8445739746094,26272.4267578125,25811.27133178711,controller
1011278742,2028-01-02,0.0,0.0,1400.0000610351562,25811.27133178711,27211.271392822266,controller
1011278742,2028-01-09,0.0,0.0,1456.2454833984375,27211.271392822266,28667.516876220703,controller
1011278742,2028-01-16,0.0,0.0,1057.9733276367188,28667.516876220703,29725.490203857422,controller
1011278742,2028-01-23,0.0,0.0,0.0,29725.490203857422,29725.490203857422,controller
1011278742,2028-01-30,0.0,0.0,0.0,29725.490203857422,29725.490203857422,controller
1011278742,2028-02-06,0.0,0.0,0.0,29725.490203857422,29725.490203857422,controller
1011824789,2026-08-30,0.0,0.0,0.0,0.0,0.0,controller
1011824789,2026-09-06,0.0,0.0,0.0,0.0,0.0,controller
1011824789,2026-09-13,0.0,0.0,0.0,0.0,0.0,controller
1011824789,2026-09-20,0.0,3024.0,0.0,0.0,0.0,plan_forward
1011824789,2026-09-27,0.0,26268.0,0.0,0.0,0.0,plan_forward
1011824789,2026-10-04,0.0,10308.0,0.0,0.0,0.0,plan_forward
1011824789,2026-10-11,0.0,48.0,3024.0,0.0,3024.0,plan_forward
1011824789,2026-10-18,0.0,1404.0,26268.0,3024.0,29292.0,plan_forward
1011824789,2026-10-25,0.0,2916.0,10308.0,29292.0,39600.0,plan_forward
1011824789,2026-11-01,0.0,0.0,48.0,39600.0,39648.0,controller
1011824789,2026-11-08,0.0,0.0,1404.0,39648.0,41052.0,controller
1011824789,2026-11-15,0.0,0.0,2916.0,41052.0,43968.0,controller
1011824789,2026-11-22,0.0,0.0,0.0,43968.0,43968.0,controller
1011824789,2026-11-29,0.0,0.0,0.0,43968.0,43968.0,controller
1011824789,2026-12-06,0.0,0.0,0.0,43968.0,43968.0,controller
1011824789,2026-12-13,0.0,0.0,0.0,43968.0,43968.0,controller
1011824789,2026-12-20,0.0,0.0,0.0,43968.0,43968.0,controller
1011824789,2026-12-27,0.0,0.0,0.0,43968.0,43968.0,controller
1011824789,2027-01-03,0.0,0.0,0.0,43968.0,43968.0,controller
1011824789,2027-01-10,0.0,0.0,0.0,43968.0,43968.0,controller
1011824789,2027-01-17,0.0,0.0,0.0,43968.0,43968.0,controller
1011824789,2027-01-24,0.0,0.0,0.0,43968.0,43968.0,controller
1011824789,2027-01-31,0.0,0.0,0.0,43968.0,43968.0,controller
1011824789,2027-02-07,0.0,0.0,0.0,43968.0,43968.0,controller
1011824789,2027-02-14,0.0,0.0,0.0,43968.0,43968.0,controller
1011824789,2027-02-21,0.0,0.0,0.0,43968.0,43968.0,controller
1011824789,2027-02-28,0.0,0.0,0.0,43968.0,43968.0,controller
1011824789,2027-03-07,0.0,0.0,0.0,43968.0,43968.0,controller
1011824789,2027-03-14,0.0,0.0,0.0,43968.0,43968.0,controller
1011824789,2027-03-21,0.0,0.0,0.0,43968.0,43968.0,controller
1011824789,2027-03-28,1078.971,0.0,0.0,43968.0,42889.029,controller
1011824789,2027-04-04,2517.599,1095.8341875,0.0,42889.029,40371.43,controller
1011824789,2027-04-11,2517.599,1253.1841250000002,0.0,40371.43,37853.831,controller
1011824789,2027-04-18,2517.599,1410.5340625000003,0.0,37853.831,35336.231999999996,controller
1011824789,2027-04-25,2517.5990967741936,1567.8841451612907,1095.8341875,35336.231999999996,33914.4670907258,controller
1011824789,2027-05-02,2517.599677419355,1656.7453229586702,1253.1841250000002,33914.4670907258,32650.05153830644,controller
1011824789,2027-05-09,2517.599677419355,1735.77129498488,1410.5340625000003,32650.05153830644,31542.98592338709,controller
1011824789,2027-05-16,2517.599677419355,1804.9628959173394,1567.8841451612907,31542.98592338709,30593.270391129023,controller
1011824789,2027-05-23,2517.599677419355,1864.3201166834685,1656.7453229586702,30593.270391129023,29732.41603666834,controller
1011824789,2027-05-30,2517.599193548387,1918.1227880308095,1735.77129498488,29732.41603666834,28950.58813810483,controller
1011824789,2027-06-06,2517.599,1966.9867413684483,1804.9628959173394,28950.58813810483,28237.95203402217,controller
1011824789,2027-06-13,2517.599,2011.5264978736145,1864.3201166834685,28237.95203402217,27584.67315070564,controller
1011824789,2027-06-20,2517.599,2052.356428080898,1918.1227880308095,27584.67315070564,26985.19693873645,controller
1011824789,2027-06-27,2517.5992903225806,2089.8241268128427,1966.9867413684483,26985.19693873645,26434.584389782318,controller
1011824789,2027-07-04,2517.599677419355,2124.2379917676376,2011.5264978736145,26434.584389782318,25928.51121023658,controller
1011824789,2027-07-11,2517.599677419355,2155.8675654892463,2052.356428080898,25928.51121023658,25463.26796089812,controller
1011824789,2027-07-18,2517.599677419355,2184.9452685729,2089.8241268128427,25463.26796089812,25035.49241029161,controller
1011824789,2027-07-25,2517.599677419355,2211.681240485807,2124.2379917676376,25035.49241029161,24642.13072463989,controller
1011824789,2027-08-01,2517.599677419355,2236.2663458390393,2155.8675654892463,24642.13072463989,24280.39861270978,controller
1011824789,2027-08-08,2517.599677419355,2258.8746028346714,2184.9452685729,24280.39861270978,23947.744203863327,controller
1011824789,2027-08-15,2517.599677419355,2279.6655033875745,2211.681240485807,23947.744203863327,23641.82576692978,controller
1011824789,2027-08-22,2517.599677419355,2298.7854056959213,2236.2663458390393,23641.82576692978,23360.49243534946,controller
1011824789,2027-08-29,2517.5992903225806,2316.3681582745294,2258.8746028346714,23360.49243534946,23101.76774786155,controller
1011824789,2027-09-05,2517.599,2332.5380157586533,2279.6655033875745,23101.76774786155,22863.83425124913,controller
1011824789,2027-09-12,2517.599,2347.4088592969297,2298.7854056959213,22863.83425124913,22645.020656945053,controller
1011824789,2027-09-19,2517.599,2361.0847089409344,2316.3681582745294,22645.020656945053,22443.789815219585,controller
1011824789,2027-09-26,2517.599193548387,2373.6619268713566,2332.5380157586533,22443.789815219585,22258.728637429853,controller
1011824789,2027-10-03,2517.599677419355,2385.2289762896667,2347.4088592969297,22258.728637429853,22088.53781930743,controller
1011824789,2027-10-10,2517.599677419355,2395.865902422318,2361.0847089409344,22088.53781930743,21932.02285082901,controller
1011824789,2027-10-17,2517.599677419355,2405.6480879522196,2373.6619268713566,21932.02285082901,21788.08510028101,controller
1011824789,2027-10-24,2517.599677419355,2414.644197361469,2385.2289762896667,21788.08510028101,21655.71439915132,controller
1011824789,2027-10-31,2517.5990967741936,2422.916495214333,2395.865902422318,21655.71439915132,21533.981204799446,controller
1011824789,2027-11-07,2517.599,2430.5246747000347,2405.6480879522196,21533.981204799446,21422.030292751668,controller
1011824789,2027-11-14,2517.599,2437.521606703021,2414.644197361469,21422.030292751668,21319.075490113137,controller
1011824789,2027-11-21,2517.599,2443.956281867929,2422.916495214333,21319.075490113137,21224.392985327468,controller
1011824789,2027-11-28,2517.599387096774,2449.8745190621944,2430.5246747000347,21224.392985327468,21137.31827293073,controller
1011824789,2027-12-05,2517.599677419355,2455.3171240708616,2437.521606703021,21137.31827293073,21057.240202214394,controller
1011824789,2027-12-12,2517.599677419355,2460.3220034906326,2443.956281867929,21057.240202214394,20983.59680666297,controller
1011824789,2027-12-19,2517.599677419355,2464.924715712597,2449.8745190621944,20983.59680666297,20915.87164830581,controller
1011824789,2027-12-26,2157.9425806451613,1929.671892948629,2455.3171240708616,20915.87164830581,21213.24619173151,controller
1011824789,2028-01-02,0.0,0.0,2460.3220034906326,21213.24619173151,23673.568195222142,controller
1011824789,2028-01-09,0.0,0.0,2464.924715712597,23673.568195222142,26138.49291093474,controller
1011824789,2028-01-16,0.0,0.0,1929.671892948629,26138.49291093474,28068.16480388337,controller
1011824789,2028-01-23,0.0,0.0,0.0,28068.16480388337,28068.16480388337,controller
1011824789,2028-01-30,0.0,0.0,0.0,28068.16480388337,28068.16480388337,controller
1011824789,2028-02-06,0.0,0.0,0.0,28068.16480388337,28068.16480388337,controller
1012188490,2026-08-30,0.0,0.0,0.0,0.0,0.0,controller
1012188490,2026-09-06,0.0,0.0,0.0,0.0,0.0,controller
1012188490,2026-09-13,0.0,0.0,0.0,0.0,0.0,controller
1012188490,2026-09-20,0.0,864.0,7032.0,0.0,7032.0,plan_forward
1012188490,2026-09-27,0.0,2592.0,20640.0,7032.0,27672.0,plan_forward
1012188490,2026-10-04,0.0,1488.0,2928.0,27672.0,30600.0,plan_forward
1012188490,2026-10-11,0.0,0.0,864.0,30600.0,31464.0,controller
1012188490,2026-10-18,0.0,504.0,2592.0,31464.0,34056.0,plan_forward
1012188490,2026-10-25,0.0,3120.0,1488.0,34056.0,35544.0,plan_forward
1012188490,2026-11-01,2087.9996666666666,910.4994999999999,0.0,35544.0,33456.00033333333,controller
1012188490,2026-11-08,2087.9996666666666,1040.9994791666668,504.0,33456.00033333333,31872.000666666663,controller
1012188490,2026-11-15,2087.9996666666666,1139.9994583333335,3120.0,31872.000666666663,32904.00099999999,controller
1012188490,2026-11-22,2087.9996666666666,1075.4994375000006,910.4994999999999,32904.00099999999,31726.50083333332,controller
1012188490,2026-11-29,3579.427784946236,3386.235375336021,1040.9994791666668,31726.50083333332,29188.072527553748,controller
1012188490,2026-12-06,4175.999032258064,4439.744015414987,1139.9994583333335,29188.072527553748,26152.072953629016,controller
1012188490,2026-12-13,4175.999032258064,4629.493988785283,1075.4994375000006,26152.072953629016,23051.573358870955,controller
1012188490,2026-12-20,4175.999032258064,4823.275213457662,3386.235375336021,23051.573358870955,22261.809701948914,controller
1012188490,2026-12-27,4175.999032258063,4872.6354420152875,4439.744015414987,22261.809701948914,22525.55468510584,controller
1012188490,2027-01-03,4175.999032258064,4856.1513805679815,4629.493988785283,22525.55468510584,22979.049641633057,controller
1012188490,2027-01-10,4175.999032258064,4827.807945785031,4823.275213457662,22979.049641633057,23626.325822832656,controller
1012188490,2027-01-17,4175.999032258064,4787.353184460056,4872.6354420152875,23626.325822832656,24322.96223258988,controller
1012188490,2027-01-24,4175.999032258064,4743.813408850228,4856.1513805679815,24322.96223258988,25003.1145808998,controller
1012188490,2027-01-31,4175.999861751152,4701.305131320491,4827.807945785031,25003.1145808998,25654.922664933678,controller
1012188490,2027-02-07,4176.0,4660.567333441645,4787.353184460056,25654.922664933678,26266.275849393733,controller
1012188490,2027-02-14,4176.0,4622.357759412892,4743.813408850228,26266.275849393733,26834.089258243963,controller
1012188490,2027-02-21,4176.0,4586.869421359752,4701.305131320491,26834.089258243963,27359.394389564455,controller
1012188490,2027-02-28,596.5714285714286,0.0,4660.567333441645,27359.394389564455,31423.390294434674,controller
1012188490,2027-03-07,0.0,0.0,4622.357759412892,31423.390294434674,36045.748053847565,controller
1012188490,2027-03-14,0.0,0.0,4586.869421359752,36045.748053847565,40632.61747520731,controller
1012188490,2027-03-21,0.0,0.0,0.0,40632.61747520731,40632.61747520731,controller
1012188490,2027-03-28,0.0,0.0,0.0,40632.61747520731,40632.61747520731,controller
1012188490,2027-04-04,0.0,0.0,0.0,40632.61747520731,40632.61747520731,controller
1012188490,2027-04-11,0.0,0.0,0.0,40632.61747520731,40632.61747520731,controller
1012188490,2027-04-18,0.0,0.0,0.0,40632.61747520731,40632.61747520731,controller
1012188490,2027-04-25,0.0,0.0,0.0,40632.61747520731,40632.61747520731,controller
1012188490,2027-05-02,0.0,0.0,0.0,40632.61747520731,40632.61747520731,controller
1012188490,2027-05-09,0.0,0.0,0.0,40632.61747520731,40632.61747520731,controller
1012188490,2027-05-16,0.0,0.0,0.0,40632.61747520731,40632.61747520731,controller
1012188490,2027-05-23,0.0,0.0,0.0,40632.61747520731,40632.61747520731,controller
1012188490,2027-05-30,0.0,0.0,0.0,40632.61747520731,40632.61747520731,controller
1012188490,2027-06-06,0.0,0.0,0.0,40632.61747520731,40632.61747520731,controller
1012188490,2027-06-13,0.0,0.0,0.0,40632.61747520731,40632.61747520731,controller
1012188490,2027-06-20,0.0,0.0,0.0,40632.61747520731,40632.61747520731,controller
1012188490,2027-06-27,0.0,0.0,0.0,40632.61747520731,40632.61747520731,controller
1012188490,2027-07-04,0.0,0.0,0.0,40632.61747520731,40632.61747520731,controller
1012188490,2027-07-11,0.0,0.0,0.0,40632.61747520731,40632.61747520731,controller
1012188490,2027-07-18,0.0,0.0,0.0,40632.61747520731,40632.61747520731,controller
1012188490,2027-07-25,0.0,0.0,0.0,40632.61747520731,40632.61747520731,controller
1012188490,2027-08-01,0.0,0.0,0.0,40632.61747520731,40632.61747520731,controller
1012188490,2027-08-08,0.0,0.0,0.0,40632.61747520731,40632.61747520731,controller
1012188490,2027-08-15,0.0,0.0,0.0,40632.61747520731,40632.61747520731,controller
1012188490,2027-08-22,0.0,0.0,0.0,40632.61747520731,40632.61747520731,controller
1012188490,2027-08-29,0.0,0.0,0.0,40632.61747520731,40632.61747520731,controller
1012188490,2027-09-05,0.0,0.0,0.0,40632.61747520731,40632.61747520731,controller
1012188490,2027-09-12,0.0,0.0,0.0,40632.61747520731,40632.61747520731,controller
1012188490,2027-09-19,0.0,0.0,0.0,40632.61747520731,40632.61747520731,controller
1012188490,2027-09-26,0.0,0.0,0.0,40632.61747520731,40632.61747520731,controller
1012188490,2027-10-03,0.0,0.0,0.0,40632.61747520731,40632.61747520731,controller
1012188490,2027-10-10,0.0,0.0,0.0,40632.61747520731,40632.61747520731,controller
1012188490,2027-10-17,0.0,0.0,0.0,40632.61747520731,40632.61747520731,controller
1012188490,2027-10-24,0.0,0.0,0.0,40632.61747520731,40632.61747520731,controller
1012188490,2027-10-31,0.0,0.0,0.0,40632.61747520731,40632.61747520731,controller
1012188490,2027-11-07,0.0,0.0,0.0,40632.61747520731,40632.61747520731,controller
1012188490,2027-11-14,0.0,0.0,0.0,40632.61747520731,40632.61747520731,controller
1012188490,2027-11-21,0.0,0.0,0.0,40632.61747520731,40632.61747520731,controller
1012188490,2027-11-28,0.0,0.0,0.0,40632.61747520731,40632.61747520731,controller
1012188490,2027-12-05,0.0,0.0,0.0,40632.61747520731,40632.61747520731,controller
1012188490,2027-12-12,0.0,0.0,0.0,40632.61747520731,40632.61747520731,controller
1012188490,2027-12-19,0.0,0.0,0.0,40632.61747520731,40632.61747520731,controller
1012188490,2027-12-26,0.0,0.0,0.0,40632.61747520731,40632.61747520731,controller
1012188490,2028-01-02,0.0,0.0,0.0,40632.61747520731,40632.61747520731,controller
1012188490,2028-01-09,0.0,0.0,0.0,40632.61747520731,40632.61747520731,controller
1012188490,2028-01-16,0.0,0.0,0.0,40632.61747520731,40632.61747520731,controller
1012188490,2028-01-23,0.0,0.0,0.0,40632.61747520731,40632.61747520731,controller
1012188490,2028-01-30,0.0,0.0,0.0,40632.61747520731,40632.61747520731,controller
1012188490,2028-02-06,0.0,0.0,0.0,40632.61747520731,40632.61747520731,controller
1012188491,2026-08-30,0.0,0.0,0.0,0.0,0.0,controller
1012188491,2026-09-06,0.0,0.0,0.0,0.0,0.0,controller
1012188491,2026-09-13,0.0,0.0,0.0,0.0,0.0,controller
1012188491,2026-09-20,0.0,1608.0,6480.0,0.0,6480.0,plan_forward
1012188491,2026-09-27,0.0,3648.0,18000.0,6480.0,24480.0,plan_forward
1012188491,2026-10-04,0.0,2088.0,2520.0,24480.0,27000.0,plan_forward
1012188491,2026-10-11,0.0,0.0,1608.0,27000.0,28608.0,controller
1012188491,2026-10-18,0.0,696.0,3648.0,28608.0,32256.0,plan_forward
1012188491,2026-10-25,0.0,3168.0,2088.0,32256.0,34344.0,plan_forward
1012188491,2026-11-01,2087.9996666666666,985.4994999999999,0.0,34344.0,32256.000333333333,controller
1012188491,2026-11-08,2087.9996666666666,1115.9994791666666,696.0,32256.000333333333,30864.000666666663,controller
1012188491,2026-11-15,2087.9996666666666,1202.9994583333335,3168.0,30864.000666666663,31944.000999999993,controller
1012188491,2026-11-22,2087.9996666666666,1135.4994375000003,985.4994999999999,31944.000999999993,30841.500833333328,controller
1012188491,2026-11-29,3579.427784946236,3441.547875336021,1115.9994791666666,30841.500833333328,28378.072527553755,controller
1012188491,2026-12-06,4175.999032258064,4490.369015414986,1202.9994583333335,28378.072527553755,25405.072953629024,controller
1012188491,2026-12-13,4175.999032258064,4676.181488785282,1135.4994375000003,25405.072953629024,22364.57335887096,controller
1012188491,2026-12-20,4175.999032258064,4866.212713457661,3441.547875336021,22364.57335887096,21630.122201948918,controller
1012188491,2026-12-27,4175.999032258063,4912.1159107652875,4490.369015414986,21630.122201948918,21944.49218510584,controller
1012188491,2027-01-03,4175.999032258064,4892.4677868179815,4676.181488785282,21944.49218510584,22444.674641633057,controller
1012188491,2027-01-10,4175.999032258064,4861.206383285031,4866.212713457661,22444.674641633057,23134.888322832656,controller
1012188491,2027-01-17,4175.999032258064,4818.068028210056,4912.1159107652875,23134.888322832656,23871.00520133988,controller
1012188491,2027-01-24,4175.999032258064,4772.060723303353,4892.4677868179815,23871.00520133988,24587.4739558998,controller
1012188491,2027-01-31,4175.999861751152,4727.282670382991,4861.206383285031,24587.4739558998,25272.680477433678,controller
1012188491,2027-02-07,4176.0,4684.457470160395,4818.068028210056,25272.680477433678,25914.748505643733,controller
1012188491,2027-02-14,4176.0,4644.328218397267,4772.060723303353,25914.748505643733,26510.809228947088,controller
1012188491,2027-02-21,4176.0,4607.074423190807,4727.282670382991,26510.809228947088,27062.09189933008,controller
1012188491,2027-02-28,596.5714285714286,0.0,4684.457470160395,27062.09189933008,31149.97794091905,controller
1012188491,2027-03-07,0.0,0.0,4644.328218397267,31149.97794091905,35794.306159316315,controller
1012188491,2027-03-14,0.0,0.0,4607.074423190807,35794.306159316315,40401.38058250712,controller
1012188491,2027-03-21,0.0,0.0,0.0,40401.38058250712,40401.38058250712,controller
1012188491,2027-03-28,0.0,0.0,0.0,40401.38058250712,40401.38058250712,controller
1012188491,2027-04-04,0.0,0.0,0.0,40401.38058250712,40401.38058250712,controller
1012188491,2027-04-11,0.0,0.0,0.0,40401.38058250712,40401.38058250712,controller
1012188491,2027-04-18,0.0,0.0,0.0,40401.38058250712,40401.38058250712,controller
1012188491,2027-04-25,0.0,0.0,0.0,40401.38058250712,40401.38058250712,controller
1012188491,2027-05-02,0.0,0.0,0.0,40401.38058250712,40401.38058250712,controller
1012188491,2027-05-09,0.0,0.0,0.0,40401.38058250712,40401.38058250712,controller
1012188491,2027-05-16,0.0,0.0,0.0,40401.38058250712,40401.38058250712,controller
1012188491,2027-05-23,0.0,0.0,0.0,40401.38058250712,40401.38058250712,controller
1012188491,2027-05-30,0.0,0.0,0.0,40401.38058250712,40401.38058250712,controller
1012188491,2027-06-06,0.0,0.0,0.0,40401.38058250712,40401.38058250712,controller
1012188491,2027-06-13,0.0,0.0,0.0,40401.38058250712,40401.38058250712,controller
1012188491,2027-06-20,0.0,0.0,0.0,40401.38058250712,40401.38058250712,controller
1012188491,2027-06-27,0.0,0.0,0.0,40401.38058250712,40401.38058250712,controller
1012188491,2027-07-04,0.0,0.0,0.0,40401.38058250712,40401.38058250712,controller
1012188491,2027-07-11,0.0,0.0,0.0,40401.38058250712,40401.38058250712,controller
1012188491,2027-07-18,0.0,0.0,0.0,40401.38058250712,40401.38058250712,controller
1012188491,2027-07-25,0.0,0.0,0.0,40401.38058250712,40401.38058250712,controller
1012188491,2027-08-01,0.0,0.0,0.0,40401.38058250712,40401.38058250712,controller
1012188491,2027-08-08,0.0,0.0,0.0,40401.38058250712,40401.38058250712,controller
1012188491,2027-08-15,0.0,0.0,0.0,40401.38058250712,40401.38058250712,controller
1012188491,2027-08-22,0.0,0.0,0.0,40401.38058250712,40401.38058250712,controller
1012188491,2027-08-29,0.0,0.0,0.0,40401.38058250712,40401.38058250712,controller
1012188491,2027-09-05,0.0,0.0,0.0,40401.38058250712,40401.38058250712,controller
1012188491,2027-09-12,0.0,0.0,0.0,40401.38058250712,40401.38058250712,controller
1012188491,2027-09-19,0.0,0.0,0.0,40401.38058250712,40401.38058250712,controller
1012188491,2027-09-26,0.0,0.0,0.0,40401.38058250712,40401.38058250712,controller
1012188491,2027-10-03,0.0,0.0,0.0,40401.38058250712,40401.38058250712,controller
1012188491,2027-10-10,0.0,0.0,0.0,40401.38058250712,40401.38058250712,controller
1012188491,2027-10-17,0.0,0.0,0.0,40401.38058250712,40401.38058250712,controller
1012188491,2027-10-24,0.0,0.0,0.0,40401.38058250712,40401.38058250712,controller
1012188491,2027-10-31,0.0,0.0,0.0,40401.38058250712,40401.38058250712,controller
1012188491,2027-11-07,0.0,0.0,0.0,40401.38058250712,40401.38058250712,controller
1012188491,2027-11-14,0.0,0.0,0.0,40401.38058250712,40401.38058250712,controller
1012188491,2027-11-21,0.0,0.0,0.0,40401.38058250712,40401.38058250712,controller
1012188491,2027-11-28,0.0,0.0,0.0,40401.38058250712,40401.38058250712,controller
1012188491,2027-12-05,0.0,0.0,0.0,40401.38058250712,40401.38058250712,controller
1012188491,2027-12-12,0.0,0.0,0.0,40401.38058250712,40401.38058250712,controller
1012188491,2027-12-19,0.0,0.0,0.0,40401.38058250712,40401.38058250712,controller
1012188491,2027-12-26,0.0,0.0,0.0,40401.38058250712,40401.38058250712,controller
1012188491,2028-01-02,0.0,0.0,0.0,40401.38058250712,40401.38058250712,controller
1012188491,2028-01-09,0.0,0.0,0.0,40401.38058250712,40401.38058250712,controller
1012188491,2028-01-16,0.0,0.0,0.0,40401.38058250712,40401.38058250712,controller
1012188491,2028-01-23,0.0,0.0,0.0,40401.38058250712,40401.38058250712,controller
1012188491,2028-01-30,0.0,0.0,0.0,40401.38058250712,40401.38058250712,controller
1012188491,2028-02-06,0.0,0.0,0.0,40401.38058250712,40401.38058250712,controller
1012914812,2026-08-30,0.0,0.0,0.0,0.0,0.0,controller
1012914812,2026-09-06,0.0,0.0,0.0,0.0,0.0,controller
1012914812,2026-09-13,0.0,0.0,0.0,0.0,0.0,controller
1012914812,2026-09-20,0.0,0.0,0.0,0.0,0.0,controller
1012914812,2026-09-27,0.0,0.0,0.0,0.0,0.0,controller
1012914812,2026-10-04,0.0,0.0,0.0,0.0,0.0,controller
1012914812,2026-10-11,0.0,0.0,0.0,0.0,0.0,controller
1012914812,2026-10-18,0.0,0.0,0.0,0.0,0.0,controller
1012914812,2026-10-25,0.0,0.0,0.0,0.0,0.0,controller
1012914812,2026-11-01,0.0,0.0,0.0,0.0,0.0,controller
1012914812,2026-11-08,0.0,0.0,0.0,0.0,0.0,controller
1012914812,2026-11-15,0.0,0.0,0.0,0.0,0.0,controller
1012914812,2026-11-22,0.0,0.0,0.0,0.0,0.0,controller
1012914812,2026-11-29,0.0,0.0,0.0,0.0,0.0,controller
1012914812,2026-12-06,0.0,0.0,0.0,0.0,0.0,controller
1012914812,2026-12-13,0.0,0.0,0.0,0.0,0.0,controller
1012914812,2026-12-20,0.0,0.0,0.0,0.0,0.0,controller
1012914812,2026-12-27,0.0,0.0,0.0,0.0,0.0,controller
1012914812,2027-01-03,0.0,0.0,0.0,0.0,0.0,controller
1012914812,2027-01-10,0.0,0.0,0.0,0.0,0.0,controller
1012914812,2027-01-17,0.0,0.0,0.0,0.0,0.0,controller
1012914812,2027-01-24,0.0,0.0,0.0,0.0,0.0,controller
1012914812,2027-01-31,0.0,0.0,0.0,0.0,0.0,controller
1012914812,2027-02-07,0.0,0.0,0.0,0.0,0.0,controller
1012914812,2027-02-14,0.0,0.0,0.0,0.0,0.0,controller
1012914812,2027-02-21,0.0,0.0,0.0,0.0,0.0,controller
1012914812,2027-02-28,642.8574193548386,964.2861290322579,0.0,0.0,0.0,controller
1012914812,2027-03-07,750.0003225806452,1125.0004838709679,0.0,0.0,0.0,controller
1012914812,2027-03-14,750.0003225806452,1125.0004838709679,0.0,0.0,0.0,controller
1012914812,2027-03-21,750.0003225806452,1125.0004838709679,964.2861290322579,0.0,214.28580645161276,controller
1012914812,2027-03-28,1071.4286129032257,1593.7500564516126,1125.0004838709679,214.28580645161276,267.8576774193548,controller
1012914812,2027-04-04,1499.9996666666666,2233.25839516129,1125.0004838709679,267.8576774193548,0.0,controller
1012914812,2027-04-11,1499.9996666666666,2249.9995,1125.0004838709679,0.0,0.0,controller
1012914812,2027-04-18,1499.9996666666666,2249.9995,1593.7500564516126,0.0,93.75038978494604,controller
1012914812,2027-04-25,1499.9998064516128,2244.14031031586,2233.25839516129,93.75038978494604,827.0089784946233,controller
1012914812,2027-05-02,1500.0006451612903,2198.3129065860217,2249.9995,827.0089784946233,1577.0078333333327,controller
1012914812,2027-05-09,1500.0006451612903,2151.437978158602,2249.9995,1577.0078333333327,2327.0066881720422,controller
1012914812,2027-05-16,1500.0006451612903,2104.563049731183,2244.14031031586,2327.0066881720422,3071.146353326612,controller
1012914812,2027-05-23,1500.0006451612903,2058.0543206590223,2198.3129065860217,3071.146353326612,3769.4586147513432,controller
1012914812,2027-05-30,1499.999946236559,2014.4087559328796,2151.437978158602,3769.4586147513432,4420.8966466733855,controller
1012914812,2027-06-06,1499.9996666666666,1973.6934595829134,2104.563049731183,4420.8966466733855,5025.460029737902,controller
1012914812,2027-06-13,1499.9996666666666,1935.9082481413811,2058.0543206590223,5025.460029737902,5583.514683730258,controller
1012914812,2027-06-20,1499.9996666666666,1901.0298322668586,2014.4087559328796,5583.514683730258,6097.923772996472,controller
1012914812,2027-06-27,1500.0000860215052,1868.8798932199784,1973.6934595829134,6097.923772996472,6571.61714655788,controller
1012914812,2027-07-04,1500.0006451612903,1839.274896082068,1935.9082481413811,6571.61714655788,7007.524749537972,controller
1012914812,2027-07-11,1500.0006451612903,1812.0306708958124,1901.0298322668586,7007.524749537972,7408.5539366435405,controller
1012914812,2027-07-18,1500.0006451612903,1786.9663467017142,1868.8798932199784,7408.5539366435405,7777.4331847022295,controller
1012914812,2027-07-25,1500.0006451612903,1763.9113936980461,1839.274896082068,7777.4331847022295,8116.707435623008,controller
1012914812,2027-08-01,1500.0006451612903,1742.7067530154975,1812.0306708958124,8116.707435623008,8428.73746135753,controller
1012914812,2027-08-08,1500.0006451612903,1723.2048764070898,1786.9663467017142,8428.73746135753,8715.703162897955,controller
1012914812,2027-08-15,1500.0006451612903,1705.2695200608132,1763.9113936980461,8715.703162897955,8979.613911434712,controller
1012914812,2027-08-22,1500.0006451612903,1688.775098277266,1742.7067530154975,8979.613911434712,9222.32001928892,controller
1012914812,2027-08-29,1500.0000860215052,1673.6051278267005,1723.2048764070898,9222.32001928892,9445.524809674504,controller
1012914812,2027-09-05,1499.9996666666666,1659.6541993953433,1705.2695200608132,9445.524809674504,9650.79466306865,controller
1012914812,2027-09-12,1499.9996666666666,1646.8248335582093,1688.775098277266,9650.79466306865,9839.57009467925,controller
1012914812,2027-09-19,1499.9996666666666,1635.0263690825468,1673.6051278267005,9839.57009467925,10013.175555839283,controller
1012914812,2027-09-26,1499.999946236559,1624.1764471148833,1659.6541993953433,10013.175555839283,10172.829808998067,controller
1012914812,2027-10-03,1500.0006451612903,1614.1991046795563,1646.8248335582093,10172.829808998067,10319.653997394988,controller
1012914812,2027-10-10,1500.0006451612903,1605.0225929047488,1635.0263690825468,10319.653997394988,10454.679721316244,controller
1012914812,2027-10-17,1500.0006451612903,1596.58348515967,1624.1764471148833,10454.679721316244,10578.855523269838,controller
1012914812,2027-10-24,1500.0006451612903,1588.8224975375706,1614.1991046795563,10578.855523269838,10693.053982788104,controller
1012914812,2027-10-31,1499.9998064516128,1581.6838357531628,1605.0225929047488,10693.053982788104,10798.07676924124,controller
1012914812,2027-11-07,1499.9996666666666,1575.1197019224223,1596.58348515967,10798.07676924124,10894.660587734243,controller
1012914812,2027-11-14,1499.9996666666666,1569.0832132666096,1588.8224975375706,10894.660587734243,10983.483418605147,controller
1012914812,2027-11-21,1499.9996666666666,1563.5317863371783,1581.6838357531628,10983.483418605147,11065.167587691643,controller
1012914812,2027-11-28,1500.0002258064515,1558.4273644789496,1575.1197019224223,11065.167587691643,11140.287063807613,controller
1012914812,2027-12-05,1500.0006451612903,1553.7330262539597,1569.0832132666096,11140.287063807613,11209.369631912932,controller
1012914812,2027-12-12,1500.0006451612903,1549.415365747377,1563.5317863371783,11209.369631912932,11272.90077308882,controller
1012914812,2027-12-19,1500.0006451612903,1545.444669423884,1558.4273644789496,11272.90077308882,11331.32749240648,controller
1012914812,2027-12-26,1285.7148387096772,1220.364289789111,1553.7330262539597,11331.32749240648,11599.345679950764,controller
1012914812,2028-01-02,0.0,0.0,1549.415365747377,11599.345679950764,13148.761045698142,controller
1012914812,2028-01-09,0.0,0.0,1545.444669423884,13148.761045698142,14694.205715122025,controller
1012914812,2028-01-16,0.0,0.0,1220.364289789111,14694.205715122025,15914.570004911136,controller
1012914812,2028-01-23,0.0,0.0,0.0,15914.570004911136,15914.570004911136,controller
1012914812,2028-01-30,0.0,0.0,0.0,15914.570004911136,15914.570004911136,controller
1012914812,2028-02-06,0.0,0.0,0.0,15914.570004911136,15914.570004911136,controller
1012914813,2026-08-30,0.0,0.0,0.0,0.0,0.0,controller
1012914813,2026-09-06,0.0,0.0,0.0,0.0,0.0,controller
1012914813,2026-09-13,0.0,0.0,0.0,0.0,0.0,controller
1012914813,2026-09-20,0.0,0.0,0.0,0.0,0.0,controller
1012914813,2026-09-27,0.0,0.0,0.0,0.0,0.0,controller
1012914813,2026-10-04,0.0,0.0,0.0,0.0,0.0,controller
1012914813,2026-10-11,0.0,0.0,0.0,0.0,0.0,controller
1012914813,2026-10-18,0.0,0.0,0.0,0.0,0.0,controller
1012914813,2026-10-25,0.0,0.0,0.0,0.0,0.0,controller
1012914813,2026-11-01,0.0,0.0,0.0,0.0,0.0,controller
1012914813,2026-11-08,0.0,0.0,0.0,0.0,0.0,controller
1012914813,2026-11-15,0.0,0.0,0.0,0.0,0.0,controller
1012914813,2026-11-22,0.0,0.0,0.0,0.0,0.0,controller
1012914813,2026-11-29,0.0,0.0,0.0,0.0,0.0,controller
1012914813,2026-12-06,0.0,0.0,0.0,0.0,0.0,controller
1012914813,2026-12-13,0.0,0.0,0.0,0.0,0.0,controller
1012914813,2026-12-20,0.0,0.0,0.0,0.0,0.0,controller
1012914813,2026-12-27,0.0,0.0,0.0,0.0,0.0,controller
1012914813,2027-01-03,0.0,0.0,0.0,0.0,0.0,controller
1012914813,2027-01-10,0.0,0.0,0.0,0.0,0.0,controller
1012914813,2027-01-17,0.0,0.0,0.0,0.0,0.0,controller
1012914813,2027-01-24,0.0,0.0,0.0,0.0,0.0,controller
1012914813,2027-01-31,0.0,0.0,0.0,0.0,0.0,controller
1012914813,2027-02-07,0.0,0.0,0.0,0.0,0.0,controller
1012914813,2027-02-14,0.0,0.0,0.0,0.0,0.0,controller
1012914813,2027-02-21,0.0,0.0,0.0,0.0,0.0,controller
1012914813,2027-02-28,771.4277419354839,1157.141612903226,0.0,0.0,0.0,controller
1012914813,2027-03-07,899.9990322580645,1349.998548387097,0.0,0.0,0.0,controller
1012914813,2027-03-14,899.9990322580645,1349.998548387097,0.0,0.0,0.0,controller
1012914813,2027-03-21,899.9990322580645,1349.998548387097,1157.141612903226,0.0,257.1425806451614,controller
1012914813,2027-03-28,1285.7141612903224,1912.4998306451612,1349.998548387097,257.1425806451614,321.42696774193587,controller
1012914813,2027-04-04,1800.001,2679.912314516129,1349.998548387097,321.42696774193587,0.0,controller
1012914813,2027-04-11,1800.001,2700.0015,1349.998548387097,0.0,0.0,controller
1012914813,2027-04-18,1800.001,2700.0015,1912.4998306451612,0.0,112.4988306451612,controller
1012914813,2027-04-25,1800.0009032258063,2692.970177923387,2679.912314516129,112.4988306451612,992.4102419354836,controller
1012914813,2027-05-02,1800.0003225806452,2637.97484375,2700.0015,992.4102419354836,1892.4114193548382,controller
1012914813,2027-05-09,1800.0003225806452,2581.7247701612905,2700.0015,1892.4114193548382,2792.412596774193,controller
1012914813,2027-05-16,1800.0003225806452,2525.474696572581,2692.970177923387,2792.412596774193,3685.3824521169354,controller
1012914813,2027-05-23,1800.0003225806452,2469.6640806136593,2637.97484375,3685.3824521169354,4523.356973286291,controller
1012914813,2027-05-30,1800.0008064516128,2417.291398847026,2581.7247701612905,4523.356973286291,5305.080936995968,controller
1012914813,2027-06-06,1800.001,2368.433941437752,2525.474696572581,5305.080936995968,6030.5546335685485,controller
1012914813,2027-06-13,1800.001,2323.091835401966,2469.6640806136593,6030.5546335685485,6700.217714182207,controller
1012914813,2027-06-20,1800.001,2281.237892863612,2417.291398847026,6700.217714182207,7317.508113029233,controller
1012914813,2027-06-27,1800.0007096774193,2242.656807451802,2368.433941437752,7317.508113029233,7885.941344789566,controller
1012914813,2027-07-04,1800.0003225806452,2207.1291498216196,2323.091835401966,7885.941344789566,8409.032857610886,controller
1012914813,2027-07-11,1800.0003225806452,2174.4359302702874,2281.237892863612,8409.032857610886,8890.270427893853,controller
1012914813,2027-07-18,1800.0003225806452,2144.358582127602,2242.656807451802,8890.270427893853,9332.92691276501,controller
1012914813,2027-07-25,1800.0003225806452,2116.6925518231546,2207.1291498216196,9332.92691276501,9740.055740005984,controller
1012914813,2027-08-01,1800.0003225806452,2091.247000120594,2174.4359302702874,9740.055740005984,10114.491347695626,controller
1012914813,2027-08-08,1800.0003225806452,2067.844774639991,2144.358582127602,10114.491347695626,10458.849607242582,controller
1012914813,2027-08-15,1800.0003225806452,2046.3223834183063,2116.6925518231546,10458.849607242582,10775.541836485092,controller
1012914813,2027-08-22,1800.0003225806452,2026.5291190906496,2091.247000120594,10775.541836485092,11066.788514025042,controller
1012914813,2027-08-29,1800.0007096774193,2008.326782389564,2067.844774639991,11066.788514025042,11334.632578987614,controller
1012914813,2027-09-05,1800.001,1991.586963813274,2046.3223834183063,11334.632578987614,11580.95396240592,controller
1012914813,2027-09-12,1800.001,1976.19187734963,2026.5291190906496,11580.95396240592,11807.48208149657,controller
1012914813,2027-09-19,1800.001,1962.0338699064644,2008.326782389564,11807.48208149657,12015.807863886133,controller
1012914813,2027-09-26,1800.0008064516128,1949.0132181845358,1991.586963813274,12015.807863886133,12207.394021247794,controller
1012914813,2027-10-03,1800.0003225806452,1937.0383575429805,1976.19187734963,12207.394021247794,12383.585576016778,controller
1012914813,2027-10-10,1800.0003225806452,1926.0263853699191,1962.0338699064644,12383.585576016778,12545.619123342598,controller
1012914813,2027-10-17,1800.0003225806452,1915.8992886620554,1949.0132181845358,12545.619123342598,12694.63201894649,controller
1012914813,2027-10-24,1800.0003225806452,1906.5859826868123,1937.0383575429805,12694.63201894649,12831.670053908825,controller
1012914813,2027-10-31,1800.0009032258063,1898.021976469408,1926.0263853699191,12831.670053908825,12957.69553605294,controller
1012914813,2027-11-07,1800.001,1890.1455289966912,1915.8992886620554,12957.69553605294,13073.593824714993,controller
1012914813,2027-11-14,1800.001,1882.901885955313,1906.5859826868123,13073.593824714993,13180.178807401806,controller
1012914813,2027-11-21,1800.001,1876.240324537387,1898.021976469408,13180.178807401806,13278.199783871214,controller
1012914813,2027-11-28,1800.0006129032258,1870.1134328628877,1890.1455289966912,13278.199783871214,13368.344699964679,controller
1012914813,2027-12-05,1800.0003225806452,1864.4789401231753,1882.901885955313,13368.344699964679,13451.246263339346,controller
1012914813,2027-12-12,1800.0003225806452,1859.2975924122586,1876.240324537387,13451.246263339346,13527.48626529609,controller
1012914813,2027-12-19,1800.0003225806452,1854.5325922899622,1870.1134328628877,13527.48626529609,13597.599375578333,controller
1012914813,2027-12-26,1542.8574193548388,1464.4361680586126,1864.4789401231753,13597.599375578333,13919.22089634667,controller
1012914813,2028-01-02,0.0,0.0,1859.2975924122586,13919.22089634667,15778.518488758928,controller
1012914813,2028-01-09,0.0,0.0,1854.5325922899622,15778.518488758928,17633.05108104889,controller
1012914813,2028-01-16,0.0,0.0,1464.4361680586126,17633.05108104889,19097.4872491075,controller
1012914813,2028-01-23,0.0,0.0,0.0,19097.4872491075,19097.4872491075,controller
1012914813,2028-01-30,0.0,0.0,0.0,19097.4872491075,19097.4872491075,controller
1012914813,2028-02-06,0.0,0.0,0.0,19097.4872491075,19097.4872491075,controller
